INVALID_CAT#Categories,sku
Furniture > Living > Tables > Cocktail Tables,101597
Furniture > Living > Tables > End Tables,101595
Furniture > Living > Tables > Cocktail Tables,100116
Furniture > Living > Tables > Cocktail Tables,101724
Furniture > Living > Tables > Cocktail Tables,101727
Furniture > Living > Tables > Cocktail Tables,101499
Furniture > Living > Tables > Console Tables,101867
Furniture > Living > Tables > Console Tables,100113
Furniture > Living > Entertainment Cabinet,101522
Furniture > Living > Occasional Chairs,101714
Furniture > Living > Sofas,101713
Furniture > Living > Occasional Chairs,101193
Furniture > Living > Occasional Chairs,102334
Furniture > Living > Occasional Chairs,101194
Furniture > Living > Occasional Chairs,101497
Furniture > Living > Occasional Chairs,100018
Furniture > Dining > Dining Tables,101866
Furniture > Dining > Dining Tables,102128
Furniture > Living > Desks,102209
Furniture > Dining > Dining Tables,102179
Furniture > Dining > Dining Tables,102236
Furniture > Dining > Dining Tables,102388
Furniture > Dining > Dining Tables,101001
Furniture > Bedroom > Beds,102019
Furniture > Bedroom > Beds,102242
Furniture > Bedroom > Beds,100276
Furniture > Bedroom > Beds,100277
Furniture > Bedroom > Beds,100771
Furniture > Bedroom > Beds,100279
Furniture > Living > Sofas,100836
Furniture > Bedroom > Beds,100271
Furniture > Bedroom > Beds,100272
Furniture > Bedroom > Beds,100270
Furniture > Living > Tables > End Tables,101596
Furniture > Living > Tables > Cocktail Tables,101598
Furniture > Living > Tables > End Tables,101725
Furniture > Living > Tables > End Tables,101728
Furniture > Living > Tables > Cocktail Tables,101748
Furniture > Living > Tables > Console Tables,101749
Furniture > Living > Tables > Cocktail Tables,102360
Furniture > Living > Tables > Console Tables,102377
Furniture > Living > Tables > Console Tables,102379
