CLA-416-053 ,Furniture > Bedroom > Armoires & Wardrobes
CLA-016-103 ,Furniture > Bedroom > Beds
CLA-016-123 ,Furniture > Bedroom > Beds
CLA-016-143 ,Furniture > Bedroom > Beds
CLA-017-105 ,Furniture > Bedroom > Beds
CLA-017-125 ,Furniture > Bedroom > Beds
CLA-019-101 ,Furniture > Bedroom > Beds
CLA-019-105 ,Furniture > Bedroom > Beds
CLA-019-121 ,Furniture > Bedroom > Beds
CLA-019-122 ,Furniture > Bedroom > Beds
CLA-019-123 ,Furniture > Bedroom > Beds
CLA-019-125 ,Furniture > Bedroom > Beds
CLA-019-145 ,Furniture > Bedroom > Beds
CLA-020-101 ,Furniture > Bedroom > Beds
CLA-020-102 ,Furniture > Bedroom > Beds
CLA-020-103 ,Furniture > Bedroom > Beds
CLA-020-105 ,Furniture > Bedroom > Beds
CLA-020-121 ,Furniture > Bedroom > Beds
CLA-020-122 ,Furniture > Bedroom > Beds
CLA-020-123 ,Furniture > Bedroom > Beds
CLA-020-125 ,Furniture > Bedroom > Beds
CLA-020-141 ,Furniture > Bedroom > Beds
CLA-021-101 ,Furniture > Bedroom > Beds
CLA-021-102 ,Furniture > Bedroom > Beds
CLA-021-103 ,Furniture > Bedroom > Beds
CLA-021-121 ,Furniture > Bedroom > Beds
CLA-021-122 ,Furniture > Bedroom > Beds
CLA-021-123 ,Furniture > Bedroom > Beds
CLA-021-143 ,Furniture > Bedroom > Beds
CLA-417-121 ,Furniture > Bedroom > Beds
CLA-417-125 ,Furniture > Bedroom > Beds
CLA-419-108 ,Furniture > Bedroom > Beds
CLA-419-128 ,Furniture > Bedroom > Beds
CLA-420-101 ,Furniture > Bedroom > Beds
CLA-420-102 ,Furniture > Bedroom > Beds
CLA-420-103 ,Furniture > Bedroom > Beds
CLA-420-104 ,Furniture > Bedroom > Beds
CLA-420-106 ,Furniture > Bedroom > Beds
CLA-420-107 ,Furniture > Bedroom > Beds
CLA-420-121 ,Furniture > Bedroom > Beds
CLA-420-122 ,Furniture > Bedroom > Beds
CLA-420-123 ,Furniture > Bedroom > Beds
CLA-420-124 ,Furniture > Bedroom > Beds
CLA-420-126 ,Furniture > Bedroom > Beds
CLA-420-127 ,Furniture > Bedroom > Beds
CLA-420-143 ,Furniture > Bedroom > Beds
CLA-421-101 ,Furniture > Bedroom > Beds
CLA-421-102 ,Furniture > Bedroom > Beds
CLA-421-103 ,Furniture > Bedroom > Beds
CLA-421-121 ,Furniture > Bedroom > Beds
CLA-421-122 ,Furniture > Bedroom > Beds
CLA-421-123 ,Furniture > Bedroom > Beds
CLA-421-141 ,Furniture > Bedroom > Beds
CLA-421-142 ,Furniture > Bedroom > Beds
CLA-421-143 ,Furniture > Bedroom > Beds
CLA-422-101 ,Furniture > Bedroom > Beds
CLA-422-102 ,Furniture > Bedroom > Beds
CLA-422-103 ,Furniture > Bedroom > Beds
CLA-422-104 ,Furniture > Bedroom > Beds
CLA-422-105 ,Furniture > Bedroom > Beds
CLA-422-121 ,Furniture > Bedroom > Beds
CLA-422-122 ,Furniture > Bedroom > Beds
CLA-422-123 ,Furniture > Bedroom > Beds
CLA-422-125 ,Furniture > Bedroom > Beds
SIG-021-121 ,Furniture > Bedroom > Beds
SIG-416-123 ,Furniture > Bedroom > Beds
SIG-416-124 ,Furniture > Bedroom > Beds
SIG-419-122 ,Furniture > Bedroom > Beds
SIG-419-125 ,Furniture > Bedroom > Beds
C013-016-102 ,Furniture > Bedroom > Beds
C013-016-122 ,Furniture > Bedroom > Beds
C023-417-101 ,Furniture > Bedroom > Beds
C023-417-121 ,Furniture > Bedroom > Beds
C063-419-101 ,Furniture > Bedroom > Beds
C063-419-102 ,Furniture > Bedroom > Beds
C063-419-121 ,Furniture > Bedroom > Beds
C063-419-122 ,Furniture > Bedroom > Beds
C093-020-101 ,Furniture > Bedroom > Beds
C093-020-121 ,Furniture > Bedroom > Beds
C093-020-141 ,Furniture > Bedroom > Beds
C103-422-101 ,Furniture > Bedroom > Beds
C103-422-121 ,Furniture > Bedroom > Beds
C113-422-101 ,Furniture > Bedroom > Beds
C113-422-121 ,Furniture > Bedroom > Beds
CLA-019-1011 ,Furniture > Bedroom > Beds
CLA-019-1211 ,Furniture > Bedroom > Beds
CLA-021-123P ,Furniture > Bedroom > Beds
M023-417-101 ,Furniture > Bedroom > Beds
M023-417-121 ,Furniture > Bedroom > Beds
M113-019-102 ,Furniture > Bedroom > Beds
M113-019-104 ,Furniture > Bedroom > Beds
M113-019-122 ,Furniture > Bedroom > Beds
M113-019-124 ,Furniture > Bedroom > Beds
M123-420-121 ,Furniture > Bedroom > Beds
M133-421-101 ,Furniture > Bedroom > Beds
M133-421-102 ,Furniture > Bedroom > Beds
M133-421-121 ,Furniture > Bedroom > Beds
M133-421-122 ,Furniture > Bedroom > Beds
M133-421-141 ,Furniture > Bedroom > Beds
M133-421-142 ,Furniture > Bedroom > Beds
M133-421-121P ,Furniture > Bedroom > Beds
CON-KINBED-008 ,Furniture > Bedroom > Beds
CON-KINBED-013 ,Furniture > Bedroom > Beds
CON-KINBED-C08 ,Furniture > Bedroom > Beds
CON-KINBED-L08 ,Furniture > Bedroom > Beds
CON-QUEBED-013 ,Furniture > Bedroom > Beds
CON-QUEBED-C08 ,Furniture > Bedroom > Beds
CON-QUEBED-L08 ,Furniture > Bedroom > Beds
TRA-KINBED-C16 ,Furniture > Bedroom > Beds
TRA-KINBED-L16 ,Furniture > Bedroom > Beds
TRA-QUEBED-C16 ,Furniture > Bedroom > Beds
TRA-QUEBED-L16 ,Furniture > Bedroom > Beds
CLA-016-551 ,Furniture > Bedroom > Chests
CLA-019-051 ,Furniture > Bedroom > Chests
CLA-019-053 ,Furniture > Bedroom > Chests
CLA-020-054 ,Furniture > Bedroom > Chests
CLA-020-056 ,Furniture > Bedroom > Chests
CLA-416-021 ,Furniture > Bedroom > Chests
M113-019-051 ,Furniture > Bedroom > Chests
M113-019-052 ,Furniture > Bedroom > Chests
C013-016-031 ,Furniture > Bedroom > Dressers
C023-417-011 ,Furniture > Bedroom > Dressers
C063-419-011 ,Furniture > Bedroom > Dressers
C063-419-032 ,Furniture > Bedroom > Dressers
C093-020-011 ,Furniture > Bedroom > Dressers
C103-422-011 ,Furniture > Bedroom > Dressers
C113-422-011 ,Furniture > Bedroom > Dressers
CLA-016-011 ,Furniture > Bedroom > Dressers
CLA-016-034 ,Furniture > Bedroom > Dressers
CLA-017-031 ,Furniture > Bedroom > Dressers
CLA-017-032 ,Furniture > Bedroom > Dressers
CLA-019-011 ,Furniture > Bedroom > Dressers
CLA-019-031 ,Furniture > Bedroom > Dressers
CLA-019-033 ,Furniture > Bedroom > Dressers
CLA-020-011 ,Furniture > Bedroom > Dressers
CLA-020-012 ,Furniture > Bedroom > Dressers
CLA-020-013 ,Furniture > Bedroom > Dressers
CLA-020-031 ,Furniture > Bedroom > Dressers
CLA-021-011 ,Furniture > Bedroom > Dressers
CLA-021-012 ,Furniture > Bedroom > Dressers
CLA-021-013 ,Furniture > Bedroom > Dressers
CLA-416-011 ,Furniture > Bedroom > Dressers
CLA-417-031 ,Furniture > Bedroom > Dressers
CLA-417-032 ,Furniture > Bedroom > Dressers
CLA-419-011 ,Furniture > Bedroom > Dressers
CLA-420-011 ,Furniture > Bedroom > Dressers
CLA-420-031 ,Furniture > Bedroom > Dressers
CLA-421-011 ,Furniture > Bedroom > Dressers
CLA-421-012 ,Furniture > Bedroom > Dressers
CLA-421-031 ,Furniture > Bedroom > Dressers
CLA-421-051 ,Furniture > Bedroom > Dressers
CLA-422-011 ,Furniture > Bedroom > Dressers
CLA-422-012 ,Furniture > Bedroom > Dressers
CLA-422-013 ,Furniture > Bedroom > Dressers
CLA-422-021 ,Furniture > Bedroom > Dressers
CON-CLOSTO-068 ,Furniture > Bedroom > Dressers
M023-417-011 ,Furniture > Bedroom > Dressers
M113-019-011 ,Furniture > Bedroom > Dressers
M113-019-012 ,Furniture > Bedroom > Dressers
M123-420-011 ,Furniture > Bedroom > Dressers
M133-421-011 ,Furniture > Bedroom > Dressers
M133-421-021 ,Furniture > Bedroom > Dressers
M133-421-022 ,Furniture > Bedroom > Dressers
SIG-021-011 ,Furniture > Bedroom > Dressers
TRA-CLOSTO-037 ,Furniture > Bedroom > Dressers
C013-016-062 ,Furniture > Bedroom > Nightstands
C013-016-063 ,Furniture > Bedroom > Nightstands
C023-417-062 ,Furniture > Bedroom > Nightstands
C063-419-063 ,Furniture > Bedroom > Nightstands
C063-419-064 ,Furniture > Bedroom > Nightstands
C093-020-061 ,Furniture > Bedroom > Nightstands
C093-020-062 ,Furniture > Bedroom > Nightstands
C093-020-063 ,Furniture > Bedroom > Nightstands
C103-422-061 ,Furniture > Bedroom > Nightstands
C103-422-062 ,Furniture > Bedroom > Nightstands
C113-422-061 ,Furniture > Bedroom > Nightstands
C113-422-062 ,Furniture > Bedroom > Nightstands
CLA-016-061 ,Furniture > Bedroom > Nightstands
CLA-016-062 ,Furniture > Bedroom > Nightstands
CLA-016-064 ,Furniture > Bedroom > Nightstands
CLA-016-068 ,Furniture > Bedroom > Nightstands
CLA-017-061 ,Furniture > Bedroom > Nightstands
CLA-017-066 ,Furniture > Bedroom > Nightstands
CLA-019-061 ,Furniture > Bedroom > Nightstands
CLA-019-0613 ,Furniture > Bedroom > Nightstands
CLA-019-0614 ,Furniture > Bedroom > Nightstands
CLA-019-0618 ,Furniture > Bedroom > Nightstands
CLA-019-0619 ,Furniture > Bedroom > Nightstands
CLA-019-065 ,Furniture > Bedroom > Nightstands
CLA-019-066 ,Furniture > Bedroom > Nightstands
CLA-019-069 ,Furniture > Bedroom > Nightstands
CLA-020-061 ,Furniture > Bedroom > Nightstands
CLA-020-0611 ,Furniture > Bedroom > Nightstands
CLA-020-062 ,Furniture > Bedroom > Nightstands
CLA-020-063 ,Furniture > Bedroom > Nightstands
CLA-020-064 ,Furniture > Bedroom > Nightstands
CLA-020-065 ,Furniture > Bedroom > Nightstands
CLA-020-068 ,Furniture > Bedroom > Nightstands
CLA-020-069 ,Furniture > Bedroom > Nightstands
CLA-021-061 ,Furniture > Bedroom > Nightstands
CLA-021-062 ,Furniture > Bedroom > Nightstands
CLA-021-063 ,Furniture > Bedroom > Nightstands
CLA-021-064 ,Furniture > Bedroom > Nightstands
CLA-021-066 ,Furniture > Bedroom > Nightstands
CLA-021-067 ,Furniture > Bedroom > Nightstands
CLA-416-062 ,Furniture > Bedroom > Nightstands
CLA-416-064 ,Furniture > Bedroom > Nightstands
CLA-416-065 ,Furniture > Bedroom > Nightstands
CLA-417-061 ,Furniture > Bedroom > Nightstands
CLA-417-062 ,Furniture > Bedroom > Nightstands
CLA-417-067 ,Furniture > Bedroom > Nightstands
CLA-418-064 ,Furniture > Bedroom > Nightstands
CLA-419-061 ,Furniture > Bedroom > Nightstands
CLA-419-063 ,Furniture > Bedroom > Nightstands
CLA-419-068 ,Furniture > Bedroom > Nightstands
CLA-420-061 ,Furniture > Bedroom > Nightstands
CLA-420-063 ,Furniture > Bedroom > Nightstands
CLA-420-064 ,Furniture > Bedroom > Nightstands
CLA-420-066 ,Furniture > Bedroom > Nightstands
CLA-421-061 ,Furniture > Bedroom > Nightstands
CLA-421-062 ,Furniture > Bedroom > Nightstands
CLA-421-063 ,Furniture > Bedroom > Nightstands
CLA-421-064 ,Furniture > Bedroom > Nightstands
CLA-421-065 ,Furniture > Bedroom > Nightstands
CLA-422-061 ,Furniture > Bedroom > Nightstands
CLA-422-062 ,Furniture > Bedroom > Nightstands
CLA-422-063 ,Furniture > Bedroom > Nightstands
CLA-422-064 ,Furniture > Bedroom > Nightstands
CLA-422-065 ,Furniture > Bedroom > Nightstands
CLA-422-066 ,Furniture > Bedroom > Nightstands
M023-417-061 ,Furniture > Bedroom > Nightstands
M023-417-063 ,Furniture > Bedroom > Nightstands
M113-019-061 ,Furniture > Bedroom > Nightstands
M113-019-062 ,Furniture > Bedroom > Nightstands
M113-019-063 ,Furniture > Bedroom > Nightstands
M113-019-065 ,Furniture > Bedroom > Nightstands
M123-420-062 ,Furniture > Bedroom > Nightstands
M133-421-061 ,Furniture > Bedroom > Nightstands
M133-421-062 ,Furniture > Bedroom > Nightstands
M133-421-063 ,Furniture > Bedroom > Nightstands
M133-421-064 ,Furniture > Bedroom > Nightstands
M133-421-065 ,Furniture > Bedroom > Nightstands
M133-421-066 ,Furniture > Bedroom > Nightstands
SIG-021-061 ,Furniture > Bedroom > Nightstands
SIG-419-065 ,Furniture > Bedroom > Nightstands
TRA-CLOSTO-038 ,Furniture > Bedroom > Nightstands
CLA-020-301 ,Furniture > Dining > Barstools & Counterstools
CLA-020-311 ,Furniture > Dining > Barstools & Counterstools
CLA-419-315 ,Furniture > Dining > Barstools & Counterstools
CLA-420-304 ,Furniture > Dining > Barstools & Counterstools
CLA-420-305 ,Furniture > Dining > Barstools & Counterstools
CLA-420-314 ,Furniture > Dining > Barstools & Counterstools
CLA-420-315 ,Furniture > Dining > Barstools & Counterstools
CLA-421-301 ,Furniture > Dining > Barstools & Counterstools
CLA-421-311 ,Furniture > Dining > Barstools & Counterstools
C012-016-271 ,Furniture > Dining > Dining Chairs
C012-016-281 ,Furniture > Dining > Dining Chairs
C022-417-272 ,Furniture > Dining > Dining Chairs
C022-417-281 ,Furniture > Dining > Dining Chairs
C022-417-282 ,Furniture > Dining > Dining Chairs
C062-419-271 ,Furniture > Dining > Dining Chairs
C062-419-281 ,Furniture > Dining > Dining Chairs
C062-419-282 ,Furniture > Dining > Dining Chairs
C062-419-283 ,Furniture > Dining > Dining Chairs
C092-020-272 ,Furniture > Dining > Dining Chairs
C092-020-282 ,Furniture > Dining > Dining Chairs
C092-020-283 ,Furniture > Dining > Dining Chairs
C102-422-281 ,Furniture > Dining > Dining Chairs
C112-422-271 ,Furniture > Dining > Dining Chairs
CLA-016-271CC ,Furniture > Dining > Dining Chairs
CLA-016-271CL ,Furniture > Dining > Dining Chairs
CLA-016-275 ,Furniture > Dining > Dining Chairs
CLA-016-275CC ,Furniture > Dining > Dining Chairs
CLA-016-275CL ,Furniture > Dining > Dining Chairs
CLA-016-285 ,Furniture > Dining > Dining Chairs
CLA-016-285CC ,Furniture > Dining > Dining Chairs
CLA-016-285CL ,Furniture > Dining > Dining Chairs
CLA-017-281 ,Furniture > Dining > Dining Chairs
CLA-018-273 ,Furniture > Dining > Dining Chairs
CLA-018-281 ,Furniture > Dining > Dining Chairs
CLA-018-282 ,Furniture > Dining > Dining Chairs
CLA-019-273 ,Furniture > Dining > Dining Chairs
CLA-019-274 ,Furniture > Dining > Dining Chairs
CLA-019-276 ,Furniture > Dining > Dining Chairs
CLA-019-281 ,Furniture > Dining > Dining Chairs
CLA-019-283 ,Furniture > Dining > Dining Chairs
CLA-019-284 ,Furniture > Dining > Dining Chairs
CLA-019-286 ,Furniture > Dining > Dining Chairs
CLA-020-272 ,Furniture > Dining > Dining Chairs
CLA-020-275 ,Furniture > Dining > Dining Chairs
CLA-020-276 ,Furniture > Dining > Dining Chairs
CLA-020-282 ,Furniture > Dining > Dining Chairs
CLA-020-285 ,Furniture > Dining > Dining Chairs
CLA-020-286 ,Furniture > Dining > Dining Chairs
CLA-020-291 ,Furniture > Dining > Dining Chairs
CLA-021-282 ,Furniture > Dining > Dining Chairs
CLA-021-283 ,Furniture > Dining > Dining Chairs
CLA-416-282 ,Furniture > Dining > Dining Chairs
CLA-416-283 ,Furniture > Dining > Dining Chairs
CLA-416-287 ,Furniture > Dining > Dining Chairs
CLA-418-272 ,Furniture > Dining > Dining Chairs
CLA-418-281 ,Furniture > Dining > Dining Chairs
CLA-418-282 ,Furniture > Dining > Dining Chairs
CLA-419-282 ,Furniture > Dining > Dining Chairs
CLA-419-285 ,Furniture > Dining > Dining Chairs
CLA-419-287 ,Furniture > Dining > Dining Chairs
CLA-420-274 ,Furniture > Dining > Dining Chairs
CLA-420-282 ,Furniture > Dining > Dining Chairs
CLA-420-284 ,Furniture > Dining > Dining Chairs
CLA-420-292 ,Furniture > Dining > Dining Chairs
CLA-421-271 ,Furniture > Dining > Dining Chairs
CLA-421-275 ,Furniture > Dining > Dining Chairs
CLA-421-281 ,Furniture > Dining > Dining Chairs
CLA-421-283 ,Furniture > Dining > Dining Chairs
CLA-421-285 ,Furniture > Dining > Dining Chairs
CLA-421-291 ,Furniture > Dining > Dining Chairs
CLA-422-272 ,Furniture > Dining > Dining Chairs
CLA-422-275 ,Furniture > Dining > Dining Chairs
CLA-422-276 ,Furniture > Dining > Dining Chairs
CLA-422-281 ,Furniture > Dining > Dining Chairs
CLA-422-282 ,Furniture > Dining > Dining Chairs
CLA-422-283 ,Furniture > Dining > Dining Chairs
CLA-422-284 ,Furniture > Dining > Dining Chairs
CLA-422-285 ,Furniture > Dining > Dining Chairs
CLA-422-286 ,Furniture > Dining > Dining Chairs
CLA-422-287 ,Furniture > Dining > Dining Chairs
CLA-422-289 ,Furniture > Dining > Dining Chairs
CLA-422-291 ,Furniture > Dining > Dining Chairs
CON-ARMCHA-C05 ,Furniture > Dining > Dining Chairs
CON-ARMCHA-C09 ,Furniture > Dining > Dining Chairs
CON-ARMCHA-L09 ,Furniture > Dining > Dining Chairs
CON-SIDCHA-003 ,Furniture > Dining > Dining Chairs
CON-SIDCHA-C03 ,Furniture > Dining > Dining Chairs
CON-SIDCHA-L03 ,Furniture > Dining > Dining Chairs
M012-016-273CC ,Furniture > Dining > Dining Chairs
M012-016-273CL ,Furniture > Dining > Dining Chairs
M012-016-284CC ,Furniture > Dining > Dining Chairs
M012-016-284CL ,Furniture > Dining > Dining Chairs
M022-417-271 ,Furniture > Dining > Dining Chairs
M022-417-281 ,Furniture > Dining > Dining Chairs
M102-419-271 ,Furniture > Dining > Dining Chairs
M102-419-272 ,Furniture > Dining > Dining Chairs
M102-419-281 ,Furniture > Dining > Dining Chairs
M112-019-274 ,Furniture > Dining > Dining Chairs
M122-420-271 ,Furniture > Dining > Dining Chairs
M132-421-271 ,Furniture > Dining > Dining Chairs
M132-421-272 ,Furniture > Dining > Dining Chairs
M132-421-281 ,Furniture > Dining > Dining Chairs
M132-421-282 ,Furniture > Dining > Dining Chairs
SIG-017-281 ,Furniture > Dining > Dining Chairs
SIG-021-271 ,Furniture > Dining > Dining Chairs
SIG-021-281 ,Furniture > Dining > Dining Chairs
SIG-416-282 ,Furniture > Dining > Dining Chairs
SIG-416-283 ,Furniture > Dining > Dining Chairs
SIG-418-271 ,Furniture > Dining > Dining Chairs
TRA-ARMCHA-006 ,Furniture > Dining > Dining Chairs
TRA-ARMCHA-022 ,Furniture > Dining > Dining Chairs
TRA-ARMCHA-C06 ,Furniture > Dining > Dining Chairs
TRA-ARMCHA-L06 ,Furniture > Dining > Dining Chairs
TRA-SIDCHA-006 ,Furniture > Dining > Dining Chairs
TRA-SIDCHA-022 ,Furniture > Dining > Dining Chairs
TRA-SIDCHA-C06 ,Furniture > Dining > Dining Chairs
TRA-SIDCHA-L06 ,Furniture > Dining > Dining Chairs
UPH-017-134-C ,Furniture > Dining > Dining Chairs
UPH-021-039-A ,Furniture > Dining > Dining Chairs
C012-016-201 ,Furniture > Dining > Dining Tables
C022-417-201 ,Furniture > Dining > Dining Tables
C062-419-201 ,Furniture > Dining > Dining Tables
C062-419-202 ,Furniture > Dining > Dining Tables
C062-419-202B ,Furniture > Dining > Dining Tables
C062-419-203 ,Furniture > Dining > Dining Tables
C092-020-201 ,Furniture > Dining > Dining Tables
C102-422-201 ,Furniture > Dining > Dining Tables
C112-422-201 ,Furniture > Dining > Dining Tables
CLA-015-206 ,Furniture > Dining > Dining Tables
CLA-016-205 ,Furniture > Dining > Dining Tables
CLA-017-203 ,Furniture > Dining > Dining Tables
CLA-018-204 ,Furniture > Dining > Dining Tables
CLA-018-204B ,Furniture > Dining > Dining Tables
CLA-019-201 ,Furniture > Dining > Dining Tables
CLA-019-2012 ,Furniture > Dining > Dining Tables
CLA-019-2012B ,Furniture > Dining > Dining Tables
CLA-019-2013 ,Furniture > Dining > Dining Tables
CLA-019-203 ,Furniture > Dining > Dining Tables
CLA-019-203B ,Furniture > Dining > Dining Tables
CLA-019-205 ,Furniture > Dining > Dining Tables
CLA-020-203 ,Furniture > Dining > Dining Tables
CLA-020-208 ,Furniture > Dining > Dining Tables
CLA-020-209 ,Furniture > Dining > Dining Tables
CLA-021-201 ,Furniture > Dining > Dining Tables
CLA-021-202 ,Furniture > Dining > Dining Tables
CLA-021-203 ,Furniture > Dining > Dining Tables
CLA-417-201 ,Furniture > Dining > Dining Tables
CLA-417-205 ,Furniture > Dining > Dining Tables
CLA-418-204 ,Furniture > Dining > Dining Tables
CLA-418-204B ,Furniture > Dining > Dining Tables
CLA-419-2011 ,Furniture > Dining > Dining Tables
CLA-419-2012 ,Furniture > Dining > Dining Tables
CLA-419-2014 ,Furniture > Dining > Dining Tables
CLA-419-2014B ,Furniture > Dining > Dining Tables
CLA-419-2015 ,Furniture > Dining > Dining Tables
CLA-419-2016 ,Furniture > Dining > Dining Tables
CLA-419-2020 ,Furniture > Dining > Dining Tables
CLA-419-2025 ,Furniture > Dining > Dining Tables
CLA-419-206 ,Furniture > Dining > Dining Tables
CLA-419-207 ,Furniture > Dining > Dining Tables
CLA-420-201 ,Furniture > Dining > Dining Tables
CLA-420-202 ,Furniture > Dining > Dining Tables
CLA-420-203B ,Furniture > Dining > Dining Tables
CLA-421-203 ,Furniture > Dining > Dining Tables
CLA-422-201 ,Furniture > Dining > Dining Tables
CLA-422-202 ,Furniture > Dining > Dining Tables
CLA-422-203 ,Furniture > Dining > Dining Tables
CLA-422-204 ,Furniture > Dining > Dining Tables
CLA-422-205 ,Furniture > Dining > Dining Tables
CLA-422-273 ,Furniture > Dining > Dining Tables
GLA-0042-001T ,Furniture > Dining > Dining Tables
GLA-0048-001T ,Furniture > Dining > Dining Tables
GLA-0048-002T ,Furniture > Dining > Dining Tables
GLA-0054-001T ,Furniture > Dining > Dining Tables
GLA-0054-003T ,Furniture > Dining > Dining Tables
GLA-0060-002T ,Furniture > Dining > Dining Tables
GLA-0060-003T ,Furniture > Dining > Dining Tables
GLA-0064-001T ,Furniture > Dining > Dining Tables
GLA-10044-001T ,Furniture > Dining > Dining Tables
GLA-10044-003T ,Furniture > Dining > Dining Tables
GLA-10645-001T ,Furniture > Dining > Dining Tables
GLA-60OCT-001T ,Furniture > Dining > Dining Tables
M022-417-201 ,Furniture > Dining > Dining Tables
M022-417-202 ,Furniture > Dining > Dining Tables
M102-419-202 ,Furniture > Dining > Dining Tables
M112-019-2011 ,Furniture > Dining > Dining Tables
M112-019-202B ,Furniture > Dining > Dining Tables
M112-019-203 ,Furniture > Dining > Dining Tables
M112-019-204 ,Furniture > Dining > Dining Tables
M112-019-205 ,Furniture > Dining > Dining Tables
M122-420-202B ,Furniture > Dining > Dining Tables
M132-421-201 ,Furniture > Dining > Dining Tables
SIG-021-201 ,Furniture > Dining > Dining Tables
SIG-021-201B ,Furniture > Dining > Dining Tables
C012-016-211 ,Furniture > Dining > Credenzas
C022-417-681 ,Furniture > Dining > Credenzas
C062-419-211 ,Furniture > Dining > Credenzas
C092-020-211 ,Furniture > Dining > Credenzas
C102-422-251 ,Furniture > Dining > Credenzas
C112-422-251 ,Furniture > Dining > Credenzas
CLA-016-212 ,Furniture > Dining > Credenzas
CLA-017-681 ,Furniture > Dining > Credenzas
CLA-019-213 ,Furniture > Dining > Credenzas
CLA-019-681 ,Furniture > Dining > Credenzas
CLA-020-211 ,Furniture > Dining > Credenzas
CLA-020-212 ,Furniture > Dining > Credenzas
CLA-020-213 ,Furniture > Dining > Credenzas
CLA-020-683 ,Furniture > Dining > Credenzas
CLA-021-211 ,Furniture > Dining > Credenzas
CLA-021-681 ,Furniture > Dining > Credenzas
CLA-021-682 ,Furniture > Dining > Credenzas
CLA-021-683 ,Furniture > Dining > Credenzas
CLA-416-441 ,Furniture > Dining > Credenzas
CLA-417-214 ,Furniture > Dining > Credenzas
CLA-417-215 ,Furniture > Dining > Credenzas
CLA-417-681 ,Furniture > Dining > Credenzas
CLA-417-682 ,Furniture > Dining > Credenzas
CLA-419-211 ,Furniture > Dining > Credenzas
CLA-419-462 ,Furniture > Dining > Credenzas
CLA-419-533 ,Furniture > Dining > Credenzas
CLA-419-681 ,Furniture > Dining > Credenzas
CLA-419-683 ,Furniture > Dining > Credenzas
CLA-421-682 ,Furniture > Dining > Credenzas
CLA-422-211 ,Furniture > Dining > Credenzas
CLA-422-212 ,Furniture > Dining > Credenzas
CLA-422-213 ,Furniture > Dining > Credenzas
CLA-422-214 ,Furniture > Dining > Credenzas
M022-417-214 ,Furniture > Dining > Credenzas
M122-420-211 ,Furniture > Dining > Credenzas
M122-420-461 ,Furniture > Dining > Credenzas
M122-420-462 ,Furniture > Dining > Credenzas
M132-421-251 ,Furniture > Dining > Credenzas
SIG-017-211 ,Furniture > Dining > Credenzas
SIG-021-681 ,Furniture > Dining > Credenzas
SIG-418-681 ,Furniture > Dining > Credenzas
C091-020-511 ,Furniture > Dining > Bars
CLA-016-481 ,Furniture > Dining > Bars
CLA-016-811 ,Furniture > Dining > Bars
CLA-019-511 ,Furniture > Dining > Bars
CLA-020-261 ,Furniture > Dining > Bars
CLA-020-511 ,Furniture > Dining > Bars
CLA-020-512 ,Furniture > Dining > Bars
CLA-020-811 ,Furniture > Dining > Bars
CLA-021-511 ,Furniture > Dining > Bars
CLA-021-811 ,Furniture > Dining > Bars
CLA-021-812 ,Furniture > Dining > Bars
CLA-416-052 ,Furniture > Dining > Bars
CLA-417-511 ,Furniture > Dining > Bars
CLA-419-811 ,Furniture > Dining > Bars
CLA-419-812 ,Furniture > Dining > Bars
CLA-420-261 ,Furniture > Dining > Bars
CLA-420-511 ,Furniture > Dining > Bars
CLA-421-261 ,Furniture > Dining > Bars
CLA-421-461 ,Furniture > Dining > Bars
CLA-422-231 ,Furniture > Dining > Bars
CLA-422-461 ,Furniture > Dining > Bars
CLA-422-462 ,Furniture > Dining > Bars
CLA-422-463 ,Furniture > Dining > Bars
CLA-422-511 ,Furniture > Dining > Bars
CLA-422-811 ,Furniture > Dining > Bars
M101-419-513 ,Furniture > Dining > Bars
M101-419-811 ,Furniture > Dining > Bars
M131-421-261 ,Furniture > Dining > Bars
M131-421-262 ,Furniture > Dining > Bars
M131-421-263 ,Furniture > Dining > Bars
M131-421-511 ,Furniture > Dining > Bars
SIG-021-511 ,Furniture > Dining > Bars
SIG-416-221 ,Furniture > Dining > Bars
9090-049-G ,Furniture > Living > Benches & Ottomans
9270-018-A ,Furniture > Living > Benches & Ottomans
B093-290 ,Furniture > Living > Benches & Ottomans
C090-020-051-A ,Furniture > Living > Benches & Ottomans
C103-422-081 ,Furniture > Living > Benches & Ottomans
C113-422-081 ,Furniture > Living > Benches & Ottomans
CLA-016-083 ,Furniture > Living > Benches & Ottomans
CLA-019-081 ,Furniture > Living > Benches & Ottomans
CLA-019-085 ,Furniture > Living > Benches & Ottomans
CLA-020-081 ,Furniture > Living > Benches & Ottomans
CLA-021-081 ,Furniture > Living > Benches & Ottomans
CLA-021-082 ,Furniture > Living > Benches & Ottomans
CLA-021-083 ,Furniture > Living > Benches & Ottomans
CLA-021-084 ,Furniture > Living > Benches & Ottomans
CLA-420-082 ,Furniture > Living > Benches & Ottomans
CLA-421-081 ,Furniture > Living > Benches & Ottomans
CLA-422-081 ,Furniture > Living > Benches & Ottomans
CLA-422-082 ,Furniture > Living > Benches & Ottomans
M050-017-041-A ,Furniture > Living > Benches & Ottomans
M050-017-041-B ,Furniture > Living > Benches & Ottomans
M050-422-041-A ,Furniture > Living > Benches & Ottomans
M090-018-051-A ,Furniture > Living > Benches & Ottomans
M090-018-051-B ,Furniture > Living > Benches & Ottomans
M100-419-441-A ,Furniture > Living > Benches & Ottomans
M110-019-041-B ,Furniture > Living > Benches & Ottomans
M113-019-081 ,Furniture > Living > Benches & Ottomans
M120-420-041-A ,Furniture > Living > Benches & Ottomans
M130-421-441-A ,Furniture > Living > Benches & Ottomans
SGU-021-031-A ,Furniture > Living > Benches & Ottomans
SGU-021-041-A ,Furniture > Living > Benches & Ottomans
UPH-016-441-A ,Furniture > Living > Benches & Ottomans
UPH-019-051-A ,Furniture > Living > Benches & Ottomans
UPH-020-051-A ,Furniture > Living > Benches & Ottomans
UPH-020-052-A ,Furniture > Living > Benches & Ottomans
UPH-021-041-A ,Furniture > Living > Benches & Ottomans
UPH-419-051-A ,Furniture > Living > Benches & Ottomans
UPH-420-441-A ,Furniture > Living > Benches & Ottomans
UPH-421-241-A ,Furniture > Living > Benches & Ottomans
UPH-422-041-A ,Furniture > Living > Benches & Ottomans
UPH-422-042-A ,Furniture > Living > Benches & Ottomans
UPH-422-045-A ,Furniture > Living > Benches & Ottomans
UPH-422-046-A ,Furniture > Living > Benches & Ottomans
UPH-OTTMAT-16 ,Furniture > Living > Benches & Ottomans
UPH-OTTMAT-16L ,Furniture > Living > Benches & Ottomans
UPH-OTTMAT-17 ,Furniture > Living > Benches & Ottomans
UPH-OTTSTO-03 ,Furniture > Living > Benches & Ottomans
UPH-OTTSTO-03L ,Furniture > Living > Benches & Ottomans
9090-204-D ,Furniture > Living > Occasional Chairs
9090-204-G ,Furniture > Living > Occasional Chairs
9090-204-K ,Furniture > Living > Occasional Chairs
9090-204-Q ,Furniture > Living > Occasional Chairs
9260-004-A ,Furniture > Living > Occasional Chairs
9270-055-A ,Furniture > Living > Occasional Chairs
C010-016-033-A ,Furniture > Living > Occasional Chairs
C010-016-035-A ,Furniture > Living > Occasional Chairs
C010-016-131-A ,Furniture > Living > Occasional Chairs
C020-417-131-A ,Furniture > Living > Occasional Chairs
C060-419-031-A ,Furniture > Living > Occasional Chairs
C090-020-031-A ,Furniture > Living > Occasional Chairs
C090-020-032-A ,Furniture > Living > Occasional Chairs
C090-020-131-A ,Furniture > Living > Occasional Chairs
C100-422-031-A ,Furniture > Living > Occasional Chairs
C100-422-032-A ,Furniture > Living > Occasional Chairs
C110-422-031-A ,Furniture > Living > Occasional Chairs
C110-422-032-A ,Furniture > Living > Occasional Chairs
CLA-016-271 ,Furniture > Living > Occasional Chairs
CLA-422-2710 ,Furniture > Living > Occasional Chairs
M020-417-032-A ,Furniture > Living > Occasional Chairs
M020-417-032-B ,Furniture > Living > Occasional Chairs
M020-417-132-A ,Furniture > Living > Occasional Chairs
M020-417-132-C ,Furniture > Living > Occasional Chairs
M020-417-231-B ,Furniture > Living > Occasional Chairs
M080-418-031-A ,Furniture > Living > Occasional Chairs
M090-018-031-A ,Furniture > Living > Occasional Chairs
M090-018-032-A ,Furniture > Living > Occasional Chairs
M090-018-131-A ,Furniture > Living > Occasional Chairs
M100-419-032-A ,Furniture > Living > Occasional Chairs
M100-419-033-A ,Furniture > Living > Occasional Chairs
M100-419-034-A ,Furniture > Living > Occasional Chairs
M110-019-033-A ,Furniture > Living > Occasional Chairs
M110-019-034-B ,Furniture > Living > Occasional Chairs
M110-019-132-A ,Furniture > Living > Occasional Chairs
M110-019-231-A ,Furniture > Living > Occasional Chairs
M110-019-233-A ,Furniture > Living > Occasional Chairs
M110-019-234-A ,Furniture > Living > Occasional Chairs
M120-420-031-A ,Furniture > Living > Occasional Chairs
M130-421-031-A ,Furniture > Living > Occasional Chairs
M130-421-032-A ,Furniture > Living > Occasional Chairs
M130-421-033-A ,Furniture > Living > Occasional Chairs
M130-421-034-A ,Furniture > Living > Occasional Chairs
M130-421-131-A ,Furniture > Living > Occasional Chairs
SGU-017-231-A ,Furniture > Living > Occasional Chairs
SGU-017-232-A ,Furniture > Living > Occasional Chairs
SGU-017-233-A ,Furniture > Living > Occasional Chairs
SGU-021-032-A ,Furniture > Living > Occasional Chairs
SGU-021-231-A ,Furniture > Living > Occasional Chairs
SGU-021-232-A ,Furniture > Living > Occasional Chairs
SGU-416-033-A ,Furniture > Living > Occasional Chairs
SGU-418-021-A ,Furniture > Living > Occasional Chairs
SGU-418-033-A ,Furniture > Living > Occasional Chairs
SGU-419-135-B ,Furniture > Living > Occasional Chairs
UPH-015-133-A ,Furniture > Living > Occasional Chairs
UPH-015-133-C ,Furniture > Living > Occasional Chairs
UPH-015-231 ,Furniture > Living > Occasional Chairs
UPH-015-231-A ,Furniture > Living > Occasional Chairs
UPH-015-231L ,Furniture > Living > Occasional Chairs
UPH-016-136CC ,Furniture > Living > Occasional Chairs
UPH-016-136CL ,Furniture > Living > Occasional Chairs
UPH-017-039-A ,Furniture > Living > Occasional Chairs
UPH-017-134-R ,Furniture > Living > Occasional Chairs
UPH-018-033-A ,Furniture > Living > Occasional Chairs
UPH-018-034-C ,Furniture > Living > Occasional Chairs
UPH-018-035-A ,Furniture > Living > Occasional Chairs
UPH-018-035-B ,Furniture > Living > Occasional Chairs
UPH-018-131-A ,Furniture > Living > Occasional Chairs
UPH-018-231-A ,Furniture > Living > Occasional Chairs
UPH-018-231-B ,Furniture > Living > Occasional Chairs
UPH-019-031-A ,Furniture > Living > Occasional Chairs
UPH-019-0310-A ,Furniture > Living > Occasional Chairs
UPH-019-0310-B ,Furniture > Living > Occasional Chairs
UPH-019-0310-C ,Furniture > Living > Occasional Chairs
UPH-019-035-B ,Furniture > Living > Occasional Chairs
UPH-019-061-A ,Furniture > Living > Occasional Chairs
UPH-019-131-B ,Furniture > Living > Occasional Chairs
UPH-019-132-B ,Furniture > Living > Occasional Chairs
UPH-019-134-A ,Furniture > Living > Occasional Chairs
UPH-019-135-A ,Furniture > Living > Occasional Chairs
UPH-020-0310-A ,Furniture > Living > Occasional Chairs
UPH-020-0311-A ,Furniture > Living > Occasional Chairs
UPH-020-032-A ,Furniture > Living > Occasional Chairs
UPH-020-034-A ,Furniture > Living > Occasional Chairs
UPH-020-034-B ,Furniture > Living > Occasional Chairs
UPH-020-037-A ,Furniture > Living > Occasional Chairs
UPH-020-039-A ,Furniture > Living > Occasional Chairs
UPH-020-131-A ,Furniture > Living > Occasional Chairs
UPH-020-131-B ,Furniture > Living > Occasional Chairs
UPH-020-133-A ,Furniture > Living > Occasional Chairs
UPH-020-134-A ,Furniture > Living > Occasional Chairs
UPH-020-134-B ,Furniture > Living > Occasional Chairs
UPH-020-135-A ,Furniture > Living > Occasional Chairs
UPH-021-031-A ,Furniture > Living > Occasional Chairs
UPH-021-032-A ,Furniture > Living > Occasional Chairs
UPH-021-033-A ,Furniture > Living > Occasional Chairs
UPH-021-034-A ,Furniture > Living > Occasional Chairs
UPH-021-035-A ,Furniture > Living > Occasional Chairs
UPH-021-036-A ,Furniture > Living > Occasional Chairs
UPH-021-037-A ,Furniture > Living > Occasional Chairs
UPH-021-038-A ,Furniture > Living > Occasional Chairs
UPH-021-132-A ,Furniture > Living > Occasional Chairs
UPH-021-133-A ,Furniture > Living > Occasional Chairs
UPH-021-134-A ,Furniture > Living > Occasional Chairs
UPH-021-135-C ,Furniture > Living > Occasional Chairs
UPH-021-231-A ,Furniture > Living > Occasional Chairs
UPH-416-137-B ,Furniture > Living > Occasional Chairs
UPH-417-032-L ,Furniture > Living > Occasional Chairs
UPH-417-035-A ,Furniture > Living > Occasional Chairs
UPH-417-039-A ,Furniture > Living > Occasional Chairs
UPH-418-032-A ,Furniture > Living > Occasional Chairs
UPH-418-033-A ,Furniture > Living > Occasional Chairs
UPH-418-033-B ,Furniture > Living > Occasional Chairs
UPH-418-131-A ,Furniture > Living > Occasional Chairs
UPH-419-132-A ,Furniture > Living > Occasional Chairs
UPH-419-231-A ,Furniture > Living > Occasional Chairs
UPH-419-233-A ,Furniture > Living > Occasional Chairs
UPH-420-031-A ,Furniture > Living > Occasional Chairs
UPH-420-032-A ,Furniture > Living > Occasional Chairs
UPH-420-033-A ,Furniture > Living > Occasional Chairs
UPH-420-035-A ,Furniture > Living > Occasional Chairs
UPH-420-035-B ,Furniture > Living > Occasional Chairs
UPH-420-131-A ,Furniture > Living > Occasional Chairs
UPH-420-132-A ,Furniture > Living > Occasional Chairs
UPH-420-231-A ,Furniture > Living > Occasional Chairs
UPH-421-031-A ,Furniture > Living > Occasional Chairs
UPH-421-032-A ,Furniture > Living > Occasional Chairs
UPH-421-131-A ,Furniture > Living > Occasional Chairs
UPH-421-132-A ,Furniture > Living > Occasional Chairs
UPH-421-133-A ,Furniture > Living > Occasional Chairs
UPH-422-032-A ,Furniture > Living > Occasional Chairs
UPH-422-033-A ,Furniture > Living > Occasional Chairs
UPH-422-034-A ,Furniture > Living > Occasional Chairs
UPH-422-035-A ,Furniture > Living > Occasional Chairs
UPH-422-036-A ,Furniture > Living > Occasional Chairs
UPH-422-037-A ,Furniture > Living > Occasional Chairs
UPH-422-131-A ,Furniture > Living > Occasional Chairs
UPH-422-132-A ,Furniture > Living > Occasional Chairs
UPH-422-133-A ,Furniture > Living > Occasional Chairs
UPH-422-231-A ,Furniture > Living > Occasional Chairs
UPH-422-232-A ,Furniture > Living > Occasional Chairs
UPH-CHALOU-02 ,Furniture > Living > Occasional Chairs
UPH-CHALOU-02D ,Furniture > Living > Occasional Chairs
UPH-CHALOU-34 ,Furniture > Living > Occasional Chairs
UPH-CHALOU-34B ,Furniture > Living > Occasional Chairs
UPH-CHALOU-34L ,Furniture > Living > Occasional Chairs
UPH-CHALOU-80B ,Furniture > Living > Occasional Chairs
UPH-CHAWOO-29 ,Furniture > Living > Occasional Chairs
UPH-CHAWOO-29L ,Furniture > Living > Occasional Chairs
UPH-CHAWOO-52 ,Furniture > Living > Occasional Chairs
UPH-CHAWOO-52L ,Furniture > Living > Occasional Chairs
UPH-CHAWOO-54 ,Furniture > Living > Occasional Chairs
UPH-CHAWOO-54B ,Furniture > Living > Occasional Chairs
UPH-CHAWOO-54L ,Furniture > Living > Occasional Chairs
UPH-CHAWOO-55 ,Furniture > Living > Occasional Chairs
UPH-CHAWOO-55P ,Furniture > Living > Occasional Chairs
UPH-CHAWOO-55R ,Furniture > Living > Occasional Chairs
UPH-CHAWOO-61 ,Furniture > Living > Occasional Chairs
UPH-CHAWOO-61A ,Furniture > Living > Occasional Chairs
UPH-CHAWOO-71 ,Furniture > Living > Occasional Chairs
UPH-CHAWOO-71A ,Furniture > Living > Occasional Chairs
UPH-CHAWOO-71B ,Furniture > Living > Occasional Chairs
UPH-CHAWOO-71CC ,Furniture > Living > Occasional Chairs
UPH-CHAWOO-75 ,Furniture > Living > Occasional Chairs
UPH-CHAWOO-75L ,Furniture > Living > Occasional Chairs
UPH-CHAWOO-83 ,Furniture > Living > Occasional Chairs
UPH-CHAWOO-83L ,Furniture > Living > Occasional Chairs
UPH-CHAWOO-84 ,Furniture > Living > Occasional Chairs
UPH-CHAWOO-84B ,Furniture > Living > Occasional Chairs
UPH-CHAWOO-84L ,Furniture > Living > Occasional Chairs
C091-020-461 ,Furniture > Bedroom > Chests
CLA-015-054 ,Furniture > Bedroom > Chests
CLA-019-462 ,Furniture > Bedroom > Chests
CLA-020-461 ,Furniture > Bedroom > Chests
CLA-021-462 ,Furniture > Bedroom > Chests
CLA-021-463 ,Furniture > Bedroom > Chests
CLA-418-462 ,Furniture > Bedroom > Chests
CLA-421-462 ,Furniture > Bedroom > Chests
SIG-021-461 ,Furniture > Bedroom > Chests
TRA-CLOSTO-048 ,Furniture > Bedroom > Chests
C011-016-401 ,Furniture > Living > Tables > Cocktail Tables
C011-016-403 ,Furniture > Living > Tables > Cocktail Tables
C061-419-401 ,Furniture > Living > Tables > Cocktail Tables
C061-419-402 ,Furniture > Living > Tables > Cocktail Tables
C091-020-401 ,Furniture > Living > Tables > Cocktail Tables
C091-020-402 ,Furniture > Living > Tables > Cocktail Tables
C101-422-401 ,Furniture > Living > Tables > Cocktail Tables
C111-422-401 ,Furniture > Living > Tables > Cocktail Tables
C111-422-402 ,Furniture > Living > Tables > Cocktail Tables
CLA-016-4014 ,Furniture > Living > Tables > Cocktail Tables
CLA-016-407 ,Furniture > Living > Tables > Cocktail Tables
CLA-018-404 ,Furniture > Living > Tables > Cocktail Tables
CLA-019-401 ,Furniture > Living > Tables > Cocktail Tables
CLA-019-4010 ,Furniture > Living > Tables > Cocktail Tables
CLA-019-4013 ,Furniture > Living > Tables > Cocktail Tables
CLA-019-402 ,Furniture > Living > Tables > Cocktail Tables
CLA-019-407 ,Furniture > Living > Tables > Cocktail Tables
CLA-019-409 ,Furniture > Living > Tables > Cocktail Tables
CLA-020-401 ,Furniture > Living > Tables > Cocktail Tables
CLA-020-402 ,Furniture > Living > Tables > Cocktail Tables
CLA-020-403 ,Furniture > Living > Tables > Cocktail Tables
CLA-020-404 ,Furniture > Living > Tables > Cocktail Tables
CLA-020-405 ,Furniture > Living > Tables > Cocktail Tables
CLA-021-401 ,Furniture > Living > Tables > Cocktail Tables
CLA-021-402 ,Furniture > Living > Tables > Cocktail Tables
CLA-021-403 ,Furniture > Living > Tables > Cocktail Tables
CLA-021-404 ,Furniture > Living > Tables > Cocktail Tables
CLA-021-405 ,Furniture > Living > Tables > Cocktail Tables
CLA-021-406 ,Furniture > Living > Tables > Cocktail Tables
CLA-021-407 ,Furniture > Living > Tables > Cocktail Tables
CLA-021-408 ,Furniture > Living > Tables > Cocktail Tables
CLA-417-4012 ,Furniture > Living > Tables > Cocktail Tables
CLA-418-4010 ,Furniture > Living > Tables > Cocktail Tables
CLA-418-4011 ,Furniture > Living > Tables > Cocktail Tables
CLA-418-404 ,Furniture > Living > Tables > Cocktail Tables
CLA-418-406 ,Furniture > Living > Tables > Cocktail Tables
CLA-418-409 ,Furniture > Living > Tables > Cocktail Tables
CLA-419-401 ,Furniture > Living > Tables > Cocktail Tables
CLA-419-402 ,Furniture > Living > Tables > Cocktail Tables
CLA-419-403 ,Furniture > Living > Tables > Cocktail Tables
CLA-419-407 ,Furniture > Living > Tables > Cocktail Tables
CLA-420-401 ,Furniture > Living > Tables > Cocktail Tables
CLA-420-4012 ,Furniture > Living > Tables > Cocktail Tables
CLA-421-403 ,Furniture > Living > Tables > Cocktail Tables
CLA-421-406 ,Furniture > Living > Tables > Cocktail Tables
CLA-422-401 ,Furniture > Living > Tables > Cocktail Tables
CLA-422-402 ,Furniture > Living > Tables > Cocktail Tables
CLA-422-403 ,Furniture > Living > Tables > Cocktail Tables
CLA-422-404 ,Furniture > Living > Tables > Cocktail Tables
CLA-422-405 ,Furniture > Living > Tables > Cocktail Tables
CLA-422-407 ,Furniture > Living > Tables > Cocktail Tables
CON-COCTAB-009 ,Furniture > Living > Tables > Cocktail Tables
CON-COCTAB-014 ,Furniture > Living > Tables > Cocktail Tables
CON-COCTAB-023 ,Furniture > Living > Tables > Cocktail Tables
CON-COCTAB-024 ,Furniture > Living > Tables > Cocktail Tables
M021-417-402 ,Furniture > Living > Tables > Cocktail Tables
M101-419-401 ,Furniture > Living > Tables > Cocktail Tables
M101-419-403 ,Furniture > Living > Tables > Cocktail Tables
M121-420-401 ,Furniture > Living > Tables > Cocktail Tables
M131-421-401 ,Furniture > Living > Tables > Cocktail Tables
M131-421-402 ,Furniture > Living > Tables > Cocktail Tables
SIG-021-401 ,Furniture > Living > Tables > Cocktail Tables
SIG-418-405 ,Furniture > Living > Tables > Cocktail Tables
SIG-418-407 ,Furniture > Living > Tables > Cocktail Tables
SIG-419-403 ,Furniture > Living > Tables > Cocktail Tables
TRA-COCTAB-012 ,Furniture > Living > Tables > Cocktail Tables
C021-417-442 ,Furniture > Living > Desks
C091-020-441 ,Furniture > Living > Desks
C101-422-531 ,Furniture > Living > Desks
C111-422-531 ,Furniture > Living > Desks
CLA-016-441 ,Furniture > Living > Desks
CLA-016-451 ,Furniture > Living > Desks
CLA-016-452 ,Furniture > Living > Desks
CLA-017-442 ,Furniture > Living > Desks
CLA-019-071 ,Furniture > Living > Desks
CLA-019-443 ,Furniture > Living > Desks
CLA-020-071 ,Furniture > Living > Desks
CLA-020-072 ,Furniture > Living > Desks
CLA-020-451 ,Furniture > Living > Desks
CLA-021-441 ,Furniture > Living > Desks
CLA-021-442 ,Furniture > Living > Desks
CLA-021-443 ,Furniture > Living > Desks
CLA-021-451 ,Furniture > Living > Desks
CLA-021-452 ,Furniture > Living > Desks
CLA-416-447 ,Furniture > Living > Desks
CLA-417-443 ,Furniture > Living > Desks
CLA-417-451 ,Furniture > Living > Desks
CLA-418-231 ,Furniture > Living > Desks
CLA-418-442 ,Furniture > Living > Desks
CLA-418-451 ,Furniture > Living > Desks
CLA-419-4410 ,Furniture > Living > Desks
CLA-419-451 ,Furniture > Living > Desks
CLA-421-442 ,Furniture > Living > Desks
CLA-421-453 ,Furniture > Living > Desks
CLA-421-454 ,Furniture > Living > Desks
CLA-422-441 ,Furniture > Living > Desks
CLA-422-442 ,Furniture > Living > Desks
CLA-422-443 ,Furniture > Living > Desks
CLA-422-531 ,Furniture > Living > Desks
CLA-422-533 ,Furniture > Living > Desks
CON-CONTAB-009 ,Furniture > Living > Desks
M101-419-441 ,Furniture > Living > Desks
SIG-017-441 ,Furniture > Living > Desks
C011-016-411 ,Furniture > Living > Tables > End Tables
C011-016-422 ,Furniture > Living > Tables > End Tables
C021-417-414 ,Furniture > Living > Tables > End Tables
C061-419-411 ,Furniture > Living > Tables > End Tables
C061-419-412 ,Furniture > Living > Tables > End Tables
C061-419-413 ,Furniture > Living > Tables > End Tables
C091-020-411 ,Furniture > Living > Tables > End Tables
C091-020-412 ,Furniture > Living > Tables > End Tables
C091-020-422 ,Furniture > Living > Tables > End Tables
C101-422-412 ,Furniture > Living > Tables > End Tables
C111-422-411 ,Furniture > Living > Tables > End Tables
C111-422-412 ,Furniture > Living > Tables > End Tables
CLA-016-416 ,Furniture > Living > Tables > End Tables
CLA-016-417 ,Furniture > Living > Tables > End Tables
CLA-016-426 ,Furniture > Living > Tables > End Tables
CLA-016-429 ,Furniture > Living > Tables > End Tables
CLA-017-421 ,Furniture > Living > Tables > End Tables
CLA-019-411 ,Furniture > Living > Tables > End Tables
CLA-019-4113 ,Furniture > Living > Tables > End Tables
CLA-019-4114 ,Furniture > Living > Tables > End Tables
CLA-019-417 ,Furniture > Living > Tables > End Tables
CLA-019-426 ,Furniture > Living > Tables > End Tables
CLA-020-411 ,Furniture > Living > Tables > End Tables
CLA-020-412 ,Furniture > Living > Tables > End Tables
CLA-020-413 ,Furniture > Living > Tables > End Tables
CLA-020-414 ,Furniture > Living > Tables > End Tables
CLA-020-424 ,Furniture > Living > Tables > End Tables
CLA-021-411 ,Furniture > Living > Tables > End Tables
CLA-021-412 ,Furniture > Living > Tables > End Tables
CLA-021-413 ,Furniture > Living > Tables > End Tables
CLA-021-414 ,Furniture > Living > Tables > End Tables
CLA-021-417 ,Furniture > Living > Tables > End Tables
CLA-021-418 ,Furniture > Living > Tables > End Tables
CLA-021-421 ,Furniture > Living > Tables > End Tables
CLA-021-471 ,Furniture > Living > Tables > End Tables
CLA-417-4112 ,Furniture > Living > Tables > End Tables
CLA-418-413 ,Furniture > Living > Tables > End Tables
CLA-418-414 ,Furniture > Living > Tables > End Tables
CLA-419-412 ,Furniture > Living > Tables > End Tables
CLA-419-413 ,Furniture > Living > Tables > End Tables
CLA-419-417 ,Furniture > Living > Tables > End Tables
CLA-419-422 ,Furniture > Living > Tables > End Tables
CLA-419-423 ,Furniture > Living > Tables > End Tables
CLA-420-412 ,Furniture > Living > Tables > End Tables
CLA-420-418 ,Furniture > Living > Tables > End Tables
CLA-420-422 ,Furniture > Living > Tables > End Tables
CLA-421-412 ,Furniture > Living > Tables > End Tables
CLA-421-416 ,Furniture > Living > Tables > End Tables
CLA-421-421 ,Furniture > Living > Tables > End Tables
CLA-421-422 ,Furniture > Living > Tables > End Tables
CLA-421-423 ,Furniture > Living > Tables > End Tables
CLA-421-471 ,Furniture > Living > Tables > End Tables
CLA-422-411 ,Furniture > Living > Tables > End Tables
CLA-422-412 ,Furniture > Living > Tables > End Tables
CLA-422-413 ,Furniture > Living > Tables > End Tables
CLA-422-417 ,Furniture > Living > Tables > End Tables
CLA-422-418 ,Furniture > Living > Tables > End Tables
CLA-422-419 ,Furniture > Living > Tables > End Tables
CLA-422-421 ,Furniture > Living > Tables > End Tables
CLA-422-423 ,Furniture > Living > Tables > End Tables
CLA-422-424 ,Furniture > Living > Tables > End Tables
CLA-422-471 ,Furniture > Living > Tables > End Tables
CLA-422-472 ,Furniture > Living > Tables > End Tables
CON-ACCTAB-017 ,Furniture > Living > Tables > End Tables
CON-ACCTAB-018 ,Furniture > Living > Tables > End Tables
CON-ACCTAB-026 ,Furniture > Living > Tables > End Tables
CON-SIDTAB-004 ,Furniture > Living > Tables > End Tables
CON-SIDTAB-015 ,Furniture > Living > Tables > End Tables
CON-SIDTAB-034 ,Furniture > Living > Tables > End Tables
M011-016-421 ,Furniture > Living > Tables > End Tables
M021-417-414 ,Furniture > Living > Tables > End Tables
M101-419-411 ,Furniture > Living > Tables > End Tables
M101-419-412 ,Furniture > Living > Tables > End Tables
M101-419-414 ,Furniture > Living > Tables > End Tables
M101-419-417 ,Furniture > Living > Tables > End Tables
M101-419-422 ,Furniture > Living > Tables > End Tables
M101-419-423 ,Furniture > Living > Tables > End Tables
M111-019-415 ,Furniture > Living > Tables > End Tables
M111-019-416 ,Furniture > Living > Tables > End Tables
M111-019-424 ,Furniture > Living > Tables > End Tables
M121-420-411 ,Furniture > Living > Tables > End Tables
M121-420-412 ,Furniture > Living > Tables > End Tables
M121-420-413 ,Furniture > Living > Tables > End Tables
M121-420-471 ,Furniture > Living > Tables > End Tables
M131-421-411 ,Furniture > Living > Tables > End Tables
M131-421-412 ,Furniture > Living > Tables > End Tables
M131-421-421 ,Furniture > Living > Tables > End Tables
M131-421-422 ,Furniture > Living > Tables > End Tables
SIG-016-420 ,Furniture > Living > Tables > End Tables
SIG-017-413 ,Furniture > Living > Tables > End Tables
SIG-021-421 ,Furniture > Living > Tables > End Tables
SIG-021-422 ,Furniture > Living > Tables > End Tables
SIG-021-423 ,Furniture > Living > Tables > End Tables
SIG-416-411 ,Furniture > Living > Tables > End Tables
SIG-416-412 ,Furniture > Living > Tables > End Tables
SIG-416-413 ,Furniture > Living > Tables > End Tables
SIG-416-416 ,Furniture > Living > Tables > End Tables
SIG-416-421 ,Furniture > Living > Tables > End Tables
SIG-416-422 ,Furniture > Living > Tables > End Tables
SIG-416-471 ,Furniture > Living > Tables > End Tables
SIG-416-472 ,Furniture > Living > Tables > End Tables
SIG-419-427 ,Furniture > Living > Tables > End Tables
TRA-ACCTAB-004 ,Furniture > Living > Tables > End Tables
TRA-ACCTAB-005 ,Furniture > Living > Tables > End Tables
C011-016-531 ,Furniture > Living > Entertainment Cabinet
C021-417-531 ,Furniture > Living > Entertainment Cabinet
C061-419-532 ,Furniture > Living > Entertainment Cabinet
C091-020-531 ,Furniture > Living > Entertainment Cabinet
CLA-017-535 ,Furniture > Living > Entertainment Cabinet
CLA-019-531 ,Furniture > Living > Entertainment Cabinet
CLA-019-532 ,Furniture > Living > Entertainment Cabinet
CLA-019-533 ,Furniture > Living > Entertainment Cabinet
CLA-020-531 ,Furniture > Living > Entertainment Cabinet
CLA-020-532 ,Furniture > Living > Entertainment Cabinet
CLA-020-533 ,Furniture > Living > Entertainment Cabinet
CLA-021-531 ,Furniture > Living > Entertainment Cabinet
CLA-021-532 ,Furniture > Living > Entertainment Cabinet
CLA-021-534 ,Furniture > Living > Entertainment Cabinet
CLA-417-446 ,Furniture > Living > Entertainment Cabinet
CLA-418-531 ,Furniture > Living > Entertainment Cabinet
CLA-418-532 ,Furniture > Living > Entertainment Cabinet
CLA-419-531 ,Furniture > Living > Entertainment Cabinet
CLA-420-531 ,Furniture > Living > Entertainment Cabinet
CLA-420-532 ,Furniture > Living > Entertainment Cabinet
CLA-421-532 ,Furniture > Living > Entertainment Cabinet
CLA-421-533 ,Furniture > Living > Entertainment Cabinet
CLA-421-534 ,Furniture > Living > Entertainment Cabinet
CON-CLOSTO-072 ,Furniture > Living > Entertainment Cabinet
CON-CLOSTO-076 ,Furniture > Living > Entertainment Cabinet
M131-421-531 ,Furniture > Living > Entertainment Cabinet
SIG-017-531 ,Furniture > Living > Entertainment Cabinet
SIG-021-051 ,Furniture > Living > Entertainment Cabinet
C010-016-072-A ,Furniture > Living > Chaises & Settees
C090-020-071-A ,Furniture > Living > Chaises & Settees
C110-422-071-A ,Furniture > Living > Chaises & Settees
M090-018-071-A ,Furniture > Living > Chaises & Settees
UPH-021-071-A ,Furniture > Living > Chaises & Settees
UPH-420-171-A ,Furniture > Living > Chaises & Settees
9090-009-G ,Furniture > Living > Sofas
9090-080-G ,Furniture > Living > Sofas
9090-182-D ,Furniture > Living > Sofas
9090-182-G ,Furniture > Living > Sofas
9090-182-K ,Furniture > Living > Sofas
9090-182-P ,Furniture > Living > Sofas
9090-282-D ,Furniture > Living > Sofas
9090-282-G ,Furniture > Living > Sofas
9090-282-K ,Furniture > Living > Sofas
9090-282-P ,Furniture > Living > Sofas
9260-082-A ,Furniture > Living > Sofas
9270-082-A ,Furniture > Living > Sofas
C010-016-012-A ,Furniture > Living > Sofas
C010-016-013-A ,Furniture > Living > Sofas
C020-417-111-A ,Furniture > Living > Sofas
C060-419-011-A ,Furniture > Living > Sofas
C090-020-011-A ,Furniture > Living > Sofas
C100-422-011-A ,Furniture > Living > Sofas
C110-422-011-A ,Furniture > Living > Sofas
M020-417-011-A ,Furniture > Living > Sofas
M020-417-012-A ,Furniture > Living > Sofas
M020-417-012-B ,Furniture > Living > Sofas
M080-418-011-A ,Furniture > Living > Sofas
M090-018-012-A ,Furniture > Living > Sofas
M100-419-021-A ,Furniture > Living > Sofas
M110-019-011-B ,Furniture > Living > Sofas
M110-019-211-A ,Furniture > Living > Sofas
M120-420-011-A ,Furniture > Living > Sofas
M130-421-011-A ,Furniture > Living > Sofas
SGU-017-211-A ,Furniture > Living > Sofas
SGU-021-011-A ,Furniture > Living > Sofas
SGU-416-013-A ,Furniture > Living > Sofas
SGU-418-013-A ,Furniture > Living > Sofas
UPH-015-211-A ,Furniture > Living > Sofas
UPH-018-111-A ,Furniture > Living > Sofas
UPH-019-011-A ,Furniture > Living > Sofas
UPH-019-016-A ,Furniture > Living > Sofas
UPH-019-016-B ,Furniture > Living > Sofas
UPH-019-016-C ,Furniture > Living > Sofas
UPH-019-017-A ,Furniture > Living > Sofas
UPH-019-017-B ,Furniture > Living > Sofas
UPH-019-017-C ,Furniture > Living > Sofas
UPH-019-111-A ,Furniture > Living > Sofas
UPH-020-012-A ,Furniture > Living > Sofas
UPH-020-014-A ,Furniture > Living > Sofas
UPH-020-111-A ,Furniture > Living > Sofas
UPH-021-011-A ,Furniture > Living > Sofas
UPH-021-012-A ,Furniture > Living > Sofas
UPH-021-013-A ,Furniture > Living > Sofas
UPH-416-113-B ,Furniture > Living > Sofas
UPH-417-016-A ,Furniture > Living > Sofas
UPH-417-111-A ,Furniture > Living > Sofas
UPH-417-211-A ,Furniture > Living > Sofas
UPH-417-211-B ,Furniture > Living > Sofas
UPH-418-111-A ,Furniture > Living > Sofas
UPH-419-111-A ,Furniture > Living > Sofas
UPH-419-111-B ,Furniture > Living > Sofas
UPH-420-011-A ,Furniture > Living > Sofas
UPH-420-012-A ,Furniture > Living > Sofas
UPH-420-012-B ,Furniture > Living > Sofas
UPH-420-111-A ,Furniture > Living > Sofas
UPH-420-112-A ,Furniture > Living > Sofas
UPH-421-011-A ,Furniture > Living > Sofas
UPH-421-012-A ,Furniture > Living > Sofas
UPH-421-111-A ,Furniture > Living > Sofas
UPH-421-112-P ,Furniture > Living > Sofas
UPH-421-112-R ,Furniture > Living > Sofas
UPH-421-113-A ,Furniture > Living > Sofas
UPH-421-113-B ,Furniture > Living > Sofas
UPH-422-011-A ,Furniture > Living > Sofas
UPH-422-011-B ,Furniture > Living > Sofas
UPH-422-012-A ,Furniture > Living > Sofas
UPH-422-013-A ,Furniture > Living > Sofas
UPH-422-111-A ,Furniture > Living > Sofas
UPH-422-211-A ,Furniture > Living > Sofas
UPH-SOFFUL-49B ,Furniture > Living > Sofas
UPH-SOFFUL-60 ,Furniture > Living > Sofas
UPH-SOFFUL-60L ,Furniture > Living > Sofas
UPH-SOFWOO-23 ,Furniture > Living > Sofas
UPH-SOFWOO-23B ,Furniture > Living > Sofas
UPH-SOFWOO-23L ,Furniture > Living > Sofas
UPH-SOFWOO-33C ,Furniture > Living > Sofas
UPH-SOFWOO-33P ,Furniture > Living > Sofas
UPH-SOFWOO-33R ,Furniture > Living > Sofas
UPH-SOFWOO-35A ,Furniture > Living > Sofas
UPH-SOFWOO-37 ,Furniture > Living > Sofas
UPH-SOFWOO-37L ,Furniture > Living > Sofas
UPH-SOFWOO-48 ,Furniture > Living > Sofas
UPH-SOFWOO-48L ,Furniture > Living > Sofas
UPH-SOFWOO-62 ,Furniture > Living > Sofas
UPH-SOFWOO-62L ,Furniture > Living > Sofas
C011-016-041 ,Decoration > Home Accents > Mirrors
C023-417-041 ,Decoration > Home Accents > Mirrors
C061-419-042 ,Decoration > Home Accents > Mirrors
C091-020-041 ,Decoration > Home Accents > Mirrors
C093-020-042 ,Decoration > Home Accents > Mirrors
C102-422-041 ,Decoration > Home Accents > Mirrors
C103-422-042 ,Decoration > Home Accents > Mirrors
C113-422-041 ,Decoration > Home Accents > Mirrors
CLA-016-041 ,Decoration > Home Accents > Mirrors
CLA-016-043 ,Decoration > Home Accents > Mirrors
CLA-019-041 ,Decoration > Home Accents > Mirrors
CLA-020-041 ,Decoration > Home Accents > Mirrors
CLA-021-041 ,Decoration > Home Accents > Mirrors
CLA-021-042 ,Decoration > Home Accents > Mirrors
CLA-021-043 ,Decoration > Home Accents > Mirrors
CLA-418-043 ,Decoration > Home Accents > Mirrors
CLA-419-042 ,Decoration > Home Accents > Mirrors
CLA-419-046 ,Decoration > Home Accents > Mirrors
CLA-420-043 ,Decoration > Home Accents > Mirrors
CLA-421-041 ,Decoration > Home Accents > Mirrors
CLA-422-041 ,Decoration > Home Accents > Mirrors
CLA-422-042 ,Decoration > Home Accents > Mirrors
CLA-422-043 ,Decoration > Home Accents > Mirrors
CON-MIRROR-005 ,Decoration > Home Accents > Mirrors
CON-MIRROR-006 ,Decoration > Home Accents > Mirrors
M023-417-041 ,Decoration > Home Accents > Mirrors
M101-419-041 ,Decoration > Home Accents > Mirrors
M113-019-043 ,Decoration > Home Accents > Mirrors
M113-019-044 ,Decoration > Home Accents > Mirrors
M133-421-041 ,Decoration > Home Accents > Mirrors
SIG-021-041 ,Decoration > Home Accents > Mirrors
TRA-MIRROR-006 ,Decoration > Home Accents > Mirrors
TRA-MIRROR-013 ,Decoration > Home Accents > Mirrors
