149924,Furniture > Dining > Barstools & Counterstools
149905,Furniture > Dining > Barstools & Counterstools
149190,Furniture > Dining > Barstools & Counterstools
149189,Furniture > Dining > Barstools & Counterstools
149130,Furniture > Dining > Barstools & Counterstools
149129,Furniture > Dining > Barstools & Counterstools
149118,Furniture > Dining > Barstools & Counterstools
148106,Furniture > Dining > Barstools & Counterstools
148103,Furniture > Dining > Barstools & Counterstools
148102,Furniture > Dining > Barstools & Counterstools
145207,Furniture > Dining > Barstools & Counterstools
145104,Furniture > Dining > Barstools & Counterstools
188200,Furniture > Living > Cabinets
188011,Furniture > Living > Cabinets
139025,Furniture > Living > Cabinets
139022,Furniture > Living > Cabinets
188046,Furniture > Living > Tables > Console Tables
188011,Furniture > Living > Tables > Console Tables
139016,Furniture > Living > Tables > Console Tables
139010,Furniture > Living > Tables > Console Tables
138019,Furniture > Living > Tables > Console Tables
135047,Furniture > Living > Tables > Console Tables
188196,Furniture > Bedroom > Dressers
188195,Furniture > Bedroom > Dressers
188194,Furniture > Bedroom > Dressers
188186,Furniture > Bedroom > Dressers
188158,Furniture > Bedroom > Dressers
188155,Furniture > Bedroom > Dressers
188144,Furniture > Bedroom > Dressers
188143,Furniture > Bedroom > Dressers
188142,Furniture > Bedroom > Dressers
188139,Furniture > Bedroom > Dressers
188134,Furniture > Bedroom > Dressers
188132,Furniture > Bedroom > Dressers
188131,Furniture > Bedroom > Dressers
188121,Furniture > Bedroom > Dressers
188120,Furniture > Bedroom > Dressers
188083,Furniture > Bedroom > Dressers
188070,Furniture > Bedroom > Dressers
188054,Furniture > Bedroom > Dressers
188053,Furniture > Bedroom > Dressers
188043,Furniture > Bedroom > Dressers
155179,Furniture > Bedroom > Dressers
155169,Furniture > Bedroom > Dressers
155152,Furniture > Bedroom > Dressers
128100,Furniture > Bedroom > Dressers
178130,Furniture > Living > Benches & Ottomans
178129,Furniture > Living > Benches & Ottomans
178118,Furniture > Living > Benches & Ottomans
178115,Furniture > Living > Benches & Ottomans
178114,Furniture > Living > Benches & Ottomans
188178,Furniture > Living > Benches & Ottomans
178100,Furniture > Living > Benches & Ottomans
175197,Furniture > Living > Benches & Ottomans
175184,Furniture > Living > Benches & Ottomans
175181,Furniture > Living > Benches & Ottomans
145035,Furniture > Living > Benches & Ottomans
145271,Furniture > Living > Occasional Chairs
145270,Furniture > Living > Occasional Chairs
145269,Furniture > Living > Occasional Chairs
145268,Furniture > Living > Occasional Chairs
198038,Furniture > Living > Occasional Chairs
198037,Furniture > Living > Occasional Chairs
198033,Furniture > Living > Occasional Chairs
145214,Furniture > Living > Occasional Chairs
145237,Furniture > Living > Occasional Chairs
145213,Furniture > Living > Occasional Chairs
145203,Furniture > Living > Occasional Chairs
199051,Furniture > Living > Sofas
199027,Furniture > Living > Sofas
199011,Furniture > Living > Sofas
199010,Furniture > Living > Sofas
199009,Furniture > Living > Sofas
199007,Furniture > Living > Sofas
199006,Furniture > Living > Sofas
199005,Furniture > Living > Sofas
199004,Furniture > Living > Sofas
199003,Furniture > Living > Sofas
199002,Furniture > Living > Sofas
199001,Furniture > Living > Sofas
199000,Furniture > Living > Sofas
198019,Furniture > Living > Sofas
125925,Furniture > Living > Tables > Center Tables
125142,Furniture > Living > Tables > End Tables
149940,Furniture > Dining > Dining Chairs
145219,Furniture > Dining > Dining Chairs
145218,Furniture > Dining > Dining Chairs
149929,Furniture > Dining > Dining Chairs
149928,Furniture > Dining > Dining Chairs
149062,Furniture > Dining > Dining Chairs
149061,Furniture > Dining > Dining Chairs
148104,Furniture > Dining > Dining Chairs
145230,Furniture > Dining > Dining Chairs
145229,Furniture > Dining > Dining Chairs
145226,Furniture > Dining > Dining Chairs
145225,Furniture > Dining > Dining Chairs
145216,Furniture > Dining > Dining Chairs
145200,Furniture > Dining > Dining Chairs
145195,Furniture > Dining > Dining Chairs
145161,Furniture > Dining > Dining Chairs
145067,Furniture > Dining > Dining Chairs
168120,Furniture > Dining > Dining Tables
168119,Furniture > Dining > Dining Tables
168117,Furniture > Dining > Dining Tables
168084,Furniture > Dining > Dining Tables
125933,Furniture > Dining > Dining Tables
125932,Furniture > Dining > Dining Tables
188194,Furniture > Bedroom > Chests
188189,Furniture > Bedroom > Chests
188186,Furniture > Bedroom > Chests
188157,Furniture > Bedroom > Chests
188156,Furniture > Bedroom > Chests
188155,Furniture > Bedroom > Chests
188154,Furniture > Bedroom > Chests
188144,Furniture > Bedroom > Chests
188139,Furniture > Bedroom > Chests
188131,Furniture > Bedroom > Chests
188120,Furniture > Bedroom > Chests
188070,Furniture > Bedroom > Chests
155169,Furniture > Bedroom > Chests
155152,Furniture > Bedroom > Chests
155151,Furniture > Bedroom > Chests
128121,Furniture > Bedroom > Chests
125920,Furniture > Bedroom > Chests
125194,Furniture > Bedroom > Chests
125174,Furniture > Bedroom > Chests
125148,Furniture > Bedroom > Chests
125147,Furniture > Bedroom > Chests
