34634EM,Furniture > Bedroom > Armoires & Wardrobes
34530LEDSP,Furniture > Bedroom > Armoires & Wardrobes
34529LEDSP,Furniture > Bedroom > Armoires & Wardrobes
34283EBN/NF9,Furniture > Bedroom > Armoires & Wardrobes
33937EBN,Furniture > Bedroom > Armoires & Wardrobes
33927JWI/NF11,Furniture > Bedroom > Armoires & Wardrobes
33927EM/NF11,Furniture > Bedroom > Armoires & Wardrobes
33815LED/EBN,Furniture > Bedroom > Armoires & Wardrobes
32127MYL,Furniture > Bedroom > Armoires & Wardrobes
34702SP,Furniture > Living > Cabinets
34540LEDEM/NF9,Furniture > Living > Cabinets
34534SP,Furniture > Living > Cabinets
34532BS/EM,Furniture > Living > Cabinets
34531NWN/SG,Furniture > Living > Cabinets
34531BS/EM,Furniture > Living > Cabinets
34443LEDMED/ASH,Furniture > Living > Cabinets
34426LEDMED/ASH,Furniture > Living > Cabinets
34296LEDMED/ASH,Furniture > Living > Cabinets
34294LEDMED/ASH,Furniture > Living > Cabinets
34290EBN,Furniture > Living > Cabinets
34273RED,Furniture > Living > Cabinets
34273EBN,Furniture > Living > Cabinets
34193LEDEM/NF9,Furniture > Living > Cabinets
34169LEDEMD/NF11,Furniture > Living > Cabinets
34169LEDEMD,Furniture > Living > Cabinets
34075LEDEBN,Furniture > Living > Cabinets
34022LEDEM,Furniture > Living > Cabinets
34001LEDEM,Furniture > Living > Cabinets
33875LEDEM/N11,Furniture > Living > Cabinets
33875LED/NF9,Furniture > Living > Cabinets
33788LED/EM,Furniture > Living > Cabinets
33748LEDEM,Furniture > Living > Cabinets
33516LED/BSC,Furniture > Living > Cabinets
33283LEDEM/NF9,Furniture > Living > Cabinets
33283LED/NF9,Furniture > Living > Cabinets
33266LEDBSC,Furniture > Living > Cabinets
34911EM/NF9,Furniture > Living > Tables > Console Tables
34902SP,Furniture > Living > Tables > Console Tables
34899SP,Furniture > Living > Tables > Console Tables
34898EM/W,Furniture > Living > Tables > Console Tables
34874NF9/BL,Furniture > Living > Tables > Console Tables
34858NF9-C,Furniture > Living > Tables > Console Tables
34840EM/C,Furniture > Living > Tables > Console Tables
34840EM/BL,Furniture > Living > Tables > Console Tables
34837NF12/NF9-BR,Furniture > Living > Tables > Console Tables
34834EM/NF9-C,Furniture > Living > Tables > Console Tables
34833EM/W,Furniture > Living > Tables > Console Tables
34825EM,Furniture > Living > Tables > Console Tables
34814NF9/CREAM,Furniture > Living > Tables > Console Tables
34814EM/NF9-black,Furniture > Living > Tables > Console Tables
34814EM/NF9,Furniture > Living > Tables > Console Tables
34759NF9/C,Furniture > Living > Tables > Console Tables
34759EM/NF9,Furniture > Living > Tables > Console Tables
34612EM/NF9,Furniture > Living > Tables > Console Tables
34612EM/NF11,Furniture > Living > Tables > Console Tables
34580SG/W,Furniture > Living > Tables > Console Tables
34580NF9/C,Furniture > Living > Tables > Console Tables
34580NF9/BL,Furniture > Living > Tables > Console Tables
34580EM/NF9-B,Furniture > Living > Tables > Console Tables
34516BSC/BR,Furniture > Living > Tables > Console Tables
34471MAD,Furniture > Living > Tables > Console Tables
34466MED/ASH,Furniture > Living > Tables > Console Tables
34457MAD,Furniture > Living > Tables > Console Tables
34409SP,Furniture > Living > Tables > Console Tables
34380EM,Furniture > Living > Tables > Console Tables
34373SP,Furniture > Living > Tables > Console Tables
34371SP,Furniture > Living > Tables > Console Tables
34288EBN,Furniture > Living > Tables > Console Tables
34244SP,Furniture > Living > Tables > Console Tables
34188EM/NF9,Furniture > Living > Tables > Console Tables
34101SG/W,Furniture > Living > Tables > Console Tables
34101NF9/C,Furniture > Living > Tables > Console Tables
34101EM/C,Furniture > Living > Tables > Console Tables
34054EM,Furniture > Living > Tables > Console Tables
34049SP,Furniture > Living > Tables > Console Tables
34049EBN/NF9,Furniture > Living > Tables > Console Tables
33712EM,Furniture > Living > Tables > Console Tables
33681BS/EM,Furniture > Living > Tables > Console Tables
33659EM,Furniture > Living > Tables > Console Tables
33640M,Furniture > Living > Tables > Console Tables
33640EM,Furniture > Living > Tables > Console Tables
33533GJWI,Furniture > Living > Tables > Console Tables
33444EM/GR,Furniture > Living > Tables > Console Tables
33444EM/C,Furniture > Living > Tables > Console Tables
33436MLSC/C,Furniture > Living > Tables > Console Tables
33417NF9/B,Furniture > Living > Tables > Console Tables
33417EM/NF11-C,Furniture > Living > Tables > Console Tables
33417EM/C,Furniture > Living > Tables > Console Tables
33396,Furniture > Living > Tables > Console Tables
33386NF9-C,Furniture > Living > Tables > Console Tables
33382NWN,Furniture > Living > Tables > Console Tables
33074M,Furniture > Living > Tables > Console Tables
33074EM,Furniture > Living > Tables > Console Tables
33017NWN,Furniture > Living > Tables > Console Tables
31602EM,Furniture > Living > Tables > Console Tables
14005EM,Furniture > Living > Tables > Console Tables
11432EM,Furniture > Living > Tables > Console Tables
11432BSC,Furniture > Living > Tables > Console Tables
11432BS/EM,Furniture > Living > Tables > Console Tables
34842JWI/FGILT-C,Furniture > Dining > Credenzas
34842EM/NF9-C,Furniture > Dining > Credenzas
34842EBN/FGILT-C,Furniture > Dining > Credenzas
34829JWI/FGILT,Furniture > Dining > Credenzas
34829EM/NF9,Furniture > Dining > Credenzas
34829EBN/FGILT,Furniture > Dining > Credenzas
34669SP,Furniture > Dining > Credenzas
34643SP,Furniture > Dining > Credenzas
34470MAD,Furniture > Dining > Credenzas
34463FEM/NF9,Furniture > Dining > Credenzas
34431MED/ASH,Furniture > Dining > Credenzas
34427MED/ASH,Furniture > Dining > Credenzas
34295MED/ASH,Furniture > Dining > Credenzas
34275SP,Furniture > Dining > Credenzas
34274EBN/NF9,Furniture > Dining > Credenzas
34262EBN,Furniture > Dining > Credenzas
34233MED/ASH,Furniture > Dining > Credenzas
34232MED/ASH/NF9,Furniture > Dining > Credenzas
34232MED/ASH,Furniture > Dining > Credenzas
34192EM/NF9,Furniture > Dining > Credenzas
34131SP,Furniture > Dining > Credenzas
34111M,Furniture > Dining > Credenzas
34111EM,Furniture > Dining > Credenzas
34021EM/NF9-BL,Furniture > Dining > Credenzas
34021EM/NF9,Furniture > Dining > Credenzas
34021EM,Furniture > Dining > Credenzas
34018EM/NF9-BL,Furniture > Dining > Credenzas
34018EM/NF9,Furniture > Dining > Credenzas
34018EM,Furniture > Dining > Credenzas
33747EM,Furniture > Dining > Credenzas
33648EM/NF9,Furniture > Dining > Credenzas
33648EM/NF11,Furniture > Dining > Credenzas
33646EM,Furniture > Dining > Credenzas
33646BSC/EM,Furniture > Dining > Credenzas
33410,Furniture > Dining > Credenzas
33262BSC,Furniture > Dining > Credenzas
34847EM,Furniture > Living > Tables > Center Tables
34627MOD,Furniture > Living > Tables > Center Tables
34351SP,Furniture > Living > Tables > Center Tables
34100NF9/C,Furniture > Living > Tables > Center Tables
34100EM/C,Furniture > Living > Tables > Center Tables
34100/NF9/BL,Furniture > Living > Tables > Center Tables
33871MLSC,Furniture > Living > Tables > Center Tables
33248JJ,Furniture > Living > Tables > Center Tables
31524/M-3BR,Furniture > Living > Tables > Center Tables
34895EM,Furniture > Living > Tables > Cocktail Tables
34857EM,Furniture > Living > Tables > Cocktail Tables
34856MED/ASH,Furniture > Living > Tables > Cocktail Tables
34855EM,Furniture > Living > Tables > Cocktail Tables
34838EM/BL,Furniture > Living > Tables > Cocktail Tables
34823SP,Furniture > Living > Tables > Cocktail Tables
34810SP,Furniture > Living > Tables > Cocktail Tables
34789EM,Furniture > Living > Tables > Cocktail Tables
34757NF9/C,Furniture > Living > Tables > Cocktail Tables
34615SG,Furniture > Living > Tables > Cocktail Tables
34615EM,Furniture > Living > Tables > Cocktail Tables
34524GEBN,Furniture > Living > Tables > Cocktail Tables
34507EM,Furniture > Living > Tables > Cocktail Tables
34493MED/ASH,Furniture > Living > Tables > Cocktail Tables
34468EM/NF9,Furniture > Living > Tables > Cocktail Tables
34230MED/ASH-GLASS,Furniture > Living > Tables > Cocktail Tables
34230MED/ASH,Furniture > Living > Tables > Cocktail Tables
34209EBN/SP,Furniture > Living > Tables > Cocktail Tables
34190EM/NF9,Furniture > Living > Tables > Cocktail Tables
34175EM/EBN,Furniture > Living > Tables > Cocktail Tables
34031BSC/EBN,Furniture > Living > Tables > Cocktail Tables
33981NF9/EM,Furniture > Living > Tables > Cocktail Tables
33918NF9/EM,Furniture > Living > Tables > Cocktail Tables
33912SG/W,Furniture > Living > Tables > Cocktail Tables
33912NF9/CREAM,Furniture > Living > Tables > Cocktail Tables
33912EM,Furniture > Living > Tables > Cocktail Tables
33878NF9,Furniture > Living > Tables > Cocktail Tables
33878EM,Furniture > Living > Tables > Cocktail Tables
33869EBN,Furniture > Living > Tables > Cocktail Tables
33799EBN,Furniture > Living > Tables > Cocktail Tables
33793NWN,Furniture > Living > Tables > Cocktail Tables
33727NF9/EM,Furniture > Living > Tables > Cocktail Tables
33704EM/NF11,Furniture > Living > Tables > Cocktail Tables
33691NF9,Furniture > Living > Tables > Cocktail Tables
33691NF15,Furniture > Living > Tables > Cocktail Tables
33691EM,Furniture > Living > Tables > Cocktail Tables
33689EM,Furniture > Living > Tables > Cocktail Tables
33589MLSC,Furniture > Living > Tables > Cocktail Tables
33512M,Furniture > Living > Tables > Cocktail Tables
33510EM/BR-C,Furniture > Living > Tables > Cocktail Tables
33456EM,Furniture > Living > Tables > Cocktail Tables
33031/BSC-5,Furniture > Living > Tables > Cocktail Tables
32214MYL,Furniture > Living > Tables > Cocktail Tables
34896SP,Furniture > Dining > Dining Tables
34818BLANC/EM,Furniture > Dining > Dining Tables
34815EM,Furniture > Dining > Dining Tables
34752MED/ASH,Furniture > Dining > Dining Tables
34752FEM,Furniture > Dining > Dining Tables
34752EM/3PED,Furniture > Dining > Dining Tables
34752BSC,Furniture > Dining > Dining Tables
34716SP,Furniture > Dining > Dining Tables
34648JJ,Furniture > Dining > Dining Tables
34627MOD,Furniture > Dining > Dining Tables
34627EM,Furniture > Dining > Dining Tables
34621MOD,Furniture > Dining > Dining Tables
34621EM,Furniture > Dining > Dining Tables
34563EM,Furniture > Dining > Dining Tables
34549EM/NF9,Furniture > Dining > Dining Tables
34509EM,Furniture > Dining > Dining Tables
34453MOD,Furniture > Dining > Dining Tables
34435MED/OAK,Furniture > Dining > Dining Tables
34429MED/ASH,Furniture > Dining > Dining Tables
34417EM/NF9,Furniture > Dining > Dining Tables
34406EM/3PED,Furniture > Dining > Dining Tables
34406EM,Furniture > Dining > Dining Tables
34388EM/NF9,Furniture > Dining > Dining Tables
34302EM,Furniture > Dining > Dining Tables
34282EM/NF9,Furniture > Dining > Dining Tables
34210MADU/OAK,Furniture > Dining > Dining Tables
34183OAK,Furniture > Dining > Dining Tables
34132SP,Furniture > Dining > Dining Tables
34076EM/PBL-NF9,Furniture > Dining > Dining Tables
34019EM,Furniture > Dining > Dining Tables
33868FEM-3PED,Furniture > Dining > Dining Tables
33868FEM,Furniture > Dining > Dining Tables
33868EM,Furniture > Dining > Dining Tables
33817EM,Furniture > Dining > Dining Tables
33781JJ,Furniture > Dining > Dining Tables
33781EM/NF9/3PED,Furniture > Dining > Dining Tables
33781EM/NF9,Furniture > Dining > Dining Tables
33781EM/3PED,Furniture > Dining > Dining Tables
33583BSC,Furniture > Dining > Dining Tables
33306/180MYLD,Furniture > Dining > Dining Tables
33160BSC,Furniture > Dining > Dining Tables
33001EM,Furniture > Dining > Dining Tables
33001BSC,Furniture > Dining > Dining Tables
32215NMYL,Furniture > Dining > Dining Tables
31253B/M-5,Furniture > Dining > Dining Tables
31252EM,Furniture > Dining > Dining Tables
34870EM/BR,Furniture > Living > Tables > Occasional Tables
34837EM/NF9-C,Furniture > Living > Tables > Occasional Tables
34824SP,Furniture > Living > Tables > Occasional Tables
34813EM/NF9-BR,Furniture > Living > Tables > Occasional Tables
34812SP,Furniture > Living > Tables > Occasional Tables
34809SP,Furniture > Living > Tables > Occasional Tables
34789EM,Furniture > Living > Tables > Occasional Tables
34785EM,Furniture > Living > Tables > Occasional Tables
34758NF9/C,Furniture > Living > Tables > Occasional Tables
34712EBN/SG,Furniture > Living > Tables > Occasional Tables
34711SP,Furniture > Living > Tables > Occasional Tables
34691EM,Furniture > Living > Tables > Occasional Tables
34647BSC/C,Furniture > Living > Tables > Occasional Tables
34646BSC/C,Furniture > Living > Tables > Occasional Tables
34614SG,Furniture > Living > Tables > Occasional Tables
34582SG/W,Furniture > Living > Tables > Occasional Tables
34582NF9/C,Furniture > Living > Tables > Occasional Tables
34582NF9/BL,Furniture > Living > Tables > Occasional Tables
34582EM/NF9-C,Furniture > Living > Tables > Occasional Tables
34582EM/C,Furniture > Living > Tables > Occasional Tables
34561SP,Furniture > Living > Tables > Occasional Tables
34560SP,Furniture > Living > Tables > Occasional Tables
34559SP,Furniture > Living > Tables > Occasional Tables
34521EM/NF11,Furniture > Living > Tables > Occasional Tables
34506EM,Furniture > Living > Tables > Occasional Tables
34497MED/ASH,Furniture > Living > Tables > Occasional Tables
34494MED/ASH,Furniture > Living > Tables > Occasional Tables
34481EM,Furniture > Living > Tables > Occasional Tables
34467EM/NF9-C,Furniture > Living > Tables > Occasional Tables
34467EM/NF9,Furniture > Living > Tables > Occasional Tables
34464MED/ASH,Furniture > Living > Tables > Occasional Tables
34459MED/ASH,Furniture > Living > Tables > Occasional Tables
34458MED/ASH-BL,Furniture > Living > Tables > Occasional Tables
34450EM,Furniture > Living > Tables > Occasional Tables
34449EMD,Furniture > Living > Tables > Occasional Tables
34449EM/NF9,Furniture > Living > Tables > Occasional Tables
34444MED/ASH,Furniture > Living > Tables > Occasional Tables
34433EMD,Furniture > Living > Tables > Occasional Tables
34433BSC,Furniture > Living > Tables > Occasional Tables
34411SP,Furniture > Living > Tables > Occasional Tables
34369SP,Furniture > Living > Tables > Occasional Tables
34301EM/NF9,Furniture > Living > Tables > Occasional Tables
34291EBN,Furniture > Living > Tables > Occasional Tables
34253EM,Furniture > Living > Tables > Occasional Tables
34246SP,Furniture > Living > Tables > Occasional Tables
34241EMD,Furniture > Living > Tables > Occasional Tables
34231MED/ASH,Furniture > Living > Tables > Occasional Tables
34208EBN/SP,Furniture > Living > Tables > Occasional Tables
34207NF9,Furniture > Living > Tables > Occasional Tables
34191EM,Furniture > Living > Tables > Occasional Tables
34187EM,Furniture > Living > Tables > Occasional Tables
34186EM,Furniture > Living > Tables > Occasional Tables
34185EM,Furniture > Living > Tables > Occasional Tables
34174EM/EBN,Furniture > Living > Tables > Occasional Tables
34167EMD,Furniture > Living > Tables > Occasional Tables
34152EBN,Furniture > Living > Tables > Occasional Tables
34092NF9,Furniture > Living > Tables > Occasional Tables
34092EM,Furniture > Living > Tables > Occasional Tables
34064EBN,Furniture > Living > Tables > Occasional Tables
34049EBN/NF9,Furniture > Living > Tables > Occasional Tables
34017EM,Furniture > Living > Tables > Occasional Tables
33977EBN,Furniture > Living > Tables > Occasional Tables
33976EBN,Furniture > Living > Tables > Occasional Tables
33975EBN,Furniture > Living > Tables > Occasional Tables
33931NF15,Furniture > Living > Tables > Occasional Tables
33931EM,Furniture > Living > Tables > Occasional Tables
33919NF9/EM,Furniture > Living > Tables > Occasional Tables
33919EM,Furniture > Living > Tables > Occasional Tables
33913NF9/CREAM,Furniture > Living > Tables > Occasional Tables
33913NF11/MLSC,Furniture > Living > Tables > Occasional Tables
33892NF9,Furniture > Living > Tables > Occasional Tables
33892EBN,Furniture > Living > Tables > Occasional Tables
33874EBN,Furniture > Living > Tables > Occasional Tables
33873EBN,Furniture > Living > Tables > Occasional Tables
33840EM,Furniture > Living > Tables > Occasional Tables
33840,Furniture > Living > Tables > Occasional Tables
33800EBN,Furniture > Living > Tables > Occasional Tables
33794BSC,Furniture > Living > Tables > Occasional Tables
33782NF9,Furniture > Living > Tables > Occasional Tables
33782NF15,Furniture > Living > Tables > Occasional Tables
33782EM,Furniture > Living > Tables > Occasional Tables
33728NF9/EM,Furniture > Living > Tables > Occasional Tables
33728EMD,Furniture > Living > Tables > Occasional Tables
33720EMD,Furniture > Living > Tables > Occasional Tables
33720EM,Furniture > Living > Tables > Occasional Tables
33705EM,Furniture > Living > Tables > Occasional Tables
33697BSC,Furniture > Living > Tables > Occasional Tables
33693MLSC,Furniture > Living > Tables > Occasional Tables
33620MLSC/027B,Furniture > Living > Tables > Occasional Tables
33590MLSC,Furniture > Living > Tables > Occasional Tables
33561ST,Furniture > Living > Tables > Occasional Tables
33542MPL,Furniture > Living > Tables > Occasional Tables
33507BSC/C,Furniture > Living > Tables > Occasional Tables
33482EM/NF9-BR,Furniture > Living > Tables > Occasional Tables
33482EM/NF9,Furniture > Living > Tables > Occasional Tables
33482EM/BR,Furniture > Living > Tables > Occasional Tables
33482EM,Furniture > Living > Tables > Occasional Tables
33466MLSC,Furniture > Living > Tables > Occasional Tables
33455BSC,Furniture > Living > Tables > Occasional Tables
33447EM/NF9,Furniture > Living > Tables > Occasional Tables
33447EBN,Furniture > Living > Tables > Occasional Tables
33447BSC/EBN,Furniture > Living > Tables > Occasional Tables
33446BSC,Furniture > Living > Tables > Occasional Tables
33223BSC,Furniture > Living > Tables > Occasional Tables
33219BSC,Furniture > Living > Tables > Occasional Tables
33191EMD,Furniture > Living > Tables > Occasional Tables
33182BSC,Furniture > Living > Tables > Occasional Tables
33145MLSC,Furniture > Living > Tables > Occasional Tables
33143EM,Furniture > Living > Tables > Occasional Tables
33143BSC,Furniture > Living > Tables > Occasional Tables
33119EM/NF9,Furniture > Living > Tables > Occasional Tables
33041EMD,Furniture > Living > Tables > Occasional Tables
33040BSC,Furniture > Living > Tables > Occasional Tables
33033BSC,Furniture > Living > Tables > Occasional Tables
33032EM,Furniture > Living > Tables > Occasional Tables
31512/EM-3BR,Furniture > Living > Tables > Occasional Tables
12582EM,Furniture > Living > Tables > Occasional Tables
12326BS/EM,Furniture > Living > Tables > Occasional Tables
12260MLSC,Furniture > Living > Tables > Occasional Tables
11940EM,Furniture > Living > Tables > Occasional Tables
11729BLANC,Furniture > Living > Tables > Occasional Tables
11399NF15,Furniture > Living > Tables > Occasional Tables
11349BSC,Furniture > Living > Tables > Occasional Tables
11345EM,Furniture > Living > Tables > Occasional Tables
10602BLANC,Furniture > Living > Tables > Occasional Tables
SETTING 7 EM,Furniture > Living > Desks
SETTING 6 EM,Furniture > Living > Desks
51501,Furniture > Living > Desks
34813EM/NF9-BR,Furniture > Living > Desks
34728BLANC/AWH,Furniture > Living > Desks
34106MED/ASH/NF9-GR,Furniture > Living > Desks
33733FEM/BR,Furniture > Living > Desks
31905NA/EM-3BR,Furniture > Living > Desks
31905/MYLD-6,Furniture > Living > Desks
31903NA/MYLD-3BR,Furniture > Living > Desks
31903NA/EM-3BR,Furniture > Living > Desks
34673LEDMWN,Furniture > Living > Bookcases
34532NWN/SG,Furniture > Living > Bookcases
34532BS/EM,Furniture > Living > Bookcases
34531NWN/SG,Furniture > Living > Bookcases
34531BS/EM,Furniture > Living > Bookcases
34382BSC,Furniture > Living > Bookcases
34330EMD,Furniture > Living > Bookcases
34330EBN/NF9,Furniture > Living > Bookcases
34284EBN,Furniture > Living > Bookcases
34242SP,Furniture > Living > Bookcases
34046LEDEM,Furniture > Living > Bookcases
33883LED/FEM,Furniture > Living > Bookcases
33883BSC/LED,Furniture > Living > Bookcases
33763BS/EM-BR,Furniture > Living > Bookcases
33684BSC,Furniture > Living > Bookcases
33479BSC/BR,Furniture > Living > Bookcases
33477M/220EM,Furniture > Living > Bookcases
33477BS/220EM,Furniture > Living > Bookcases
33311MYLD,Furniture > Living > Bookcases
32127MYL,Furniture > Living > Bookcases
31910/MYLD-3BR,Furniture > Living > Bookcases
12178EM,Furniture > Living > Bookcases
12177EM,Furniture > Living > Bookcases
10575EM,Furniture > Living > Bookcases
34826NF9/053,Furniture > Bedroom > Beds
34826JWI/NF9-094,Furniture > Bedroom > Beds
34641KSP,Furniture > Bedroom > Beds
34637KSG-053,Furniture > Bedroom > Beds
34478QEM/NF9,Furniture > Bedroom > Beds
34121KEM,Furniture > Bedroom > Beds
34093KEM/NF9,Furniture > Bedroom > Beds
34053KJWI/NF11-,Furniture > Bedroom > Beds
33950QEM,Furniture > Bedroom > Beds
33929QEM/NF11-084,Furniture > Bedroom > Beds
33929KNF15-053,Furniture > Bedroom > Beds
33926SHB0/NF15SO-121,Furniture > Bedroom > Beds
33926QEM/NF11-081,Furniture > Bedroom > Beds
33926KNF15SO-121,Furniture > Bedroom > Beds
33926KJWI/NF11-081,Furniture > Bedroom > Beds
33760QNWN,Furniture > Bedroom > Beds
33576QEM,Furniture > Bedroom > Beds
33576QBSC,Furniture > Bedroom > Beds
33576KEM,Furniture > Bedroom > Beds
33576KBSC,Furniture > Bedroom > Beds
33495Q,Furniture > Bedroom > Beds
31811/M-5,Furniture > Bedroom > Beds
SETTING 9 SP,Furniture > Living > Bookcases
SETTING 8,Furniture > Living > Bookcases
SETTING 7 EM,Furniture > Living > Bookcases
SETTING 6 EM,Furniture > Living > Bookcases
SETTING 5 EM,Furniture > Living > Bookcases
SETTING 4 EM,Furniture > Living > Bookcases
SETTING 3 EM,Furniture > Living > Bookcases
SETTING 25,Furniture > Living > Bookcases
SETTING 24,Furniture > Living > Bookcases
SETTING 23,Furniture > Living > Bookcases
SETTING 22,Furniture > Living > Bookcases
SETTING 21,Furniture > Living > Bookcases
SETTING 20 EM,Furniture > Living > Bookcases
SETTING 19 EM,Furniture > Living > Bookcases
SETTING 18 EM,Furniture > Living > Bookcases
SETTING 14 BLANC,Furniture > Living > Bookcases
SETTING 13 MYL,Furniture > Living > Bookcases
SETTING 12 MYL,Furniture > Living > Bookcases
SETTING 11 MYL,Furniture > Living > Bookcases
SETTING 10 MYL,Furniture > Living > Bookcases
OSCURO SETTING 7,Furniture > Living > Bookcases
OSCURO SETTING 6,Furniture > Living > Bookcases
OSCURO SETTING 5,Furniture > Living > Bookcases
OSCURO SETTING 4,Furniture > Living > Bookcases
OSCURO SETTING 3,Furniture > Living > Bookcases
OSCURO SETTING 2,Furniture > Living > Bookcases
OSCURO SETTING 1,Furniture > Living > Bookcases
BRIDGE SETTING 3,Furniture > Living > Bookcases
BRIDGE SETTING 2,Furniture > Living > Bookcases
BRIDGE SETTING 1,Furniture > Living > Bookcases
BAR SETTING,Furniture > Living > Bookcases
51505,Furniture > Living > Bookcases
51503,Furniture > Living > Bookcases
51502,Furniture > Living > Bookcases
51501,Furniture > Living > Bookcases
51104,Furniture > Living > Bookcases
51103,Furniture > Living > Bookcases
51102,Furniture > Living > Bookcases
51101,Furniture > Living > Bookcases
51002,Furniture > Living > Bookcases
51001,Furniture > Living > Bookcases
34861/2EM-NF11-094,Furniture > Dining > Dining Chairs
34861/1EM/NF11-094,Furniture > Dining > Dining Chairs
34861/1EM-053,Furniture > Dining > Dining Chairs
34788/2EM-CAL,Furniture > Dining > Dining Chairs
34788/2EM-BR,Furniture > Dining > Dining Chairs
34788/1EM-BR,Furniture > Dining > Dining Chairs
34747/2EBN/NF9-GR,Furniture > Dining > Dining Chairs
34747/2EBN/NF9-081,Furniture > Dining > Dining Chairs
34730EM/BL,Furniture > Dining > Dining Chairs
34717/2EM-053,Furniture > Dining > Dining Chairs
34717/1SG-053,Furniture > Dining > Dining Chairs
34717/1EM-053,Furniture > Dining > Dining Chairs
34693EM-097,Furniture > Dining > Dining Chairs
34652EM-027B,Furniture > Dining > Dining Chairs
34651/EM-091,Furniture > Dining > Dining Chairs
34651/2NF1-GR,Furniture > Dining > Dining Chairs
34651/2MOD-081,Furniture > Dining > Dining Chairs
34597/2NF9-093,Furniture > Dining > Dining Chairs
34597/2NF9-056,Furniture > Dining > Dining Chairs
34597/1NF9-056,Furniture > Dining > Dining Chairs
34504/2NF15-121,Furniture > Dining > Dining Chairs
34504/2EBN-136,Furniture > Dining > Dining Chairs
34436/2MOD-088,Furniture > Dining > Dining Chairs
34430/2MED/ASH-BR,Furniture > Dining > Dining Chairs
34430/2MED/ASH-88,Furniture > Dining > Dining Chairs
34430/1MED/ASH-BR,Furniture > Dining > Dining Chairs
34430/1MED/ASH-088,Furniture > Dining > Dining Chairs
34343/2SP-053,Furniture > Dining > Dining Chairs
34343/1SP-053,Furniture > Dining > Dining Chairs
34315EM-097,Furniture > Dining > Dining Chairs
34315EM-027B,Furniture > Dining > Dining Chairs
34303/2MED/OAK-053,Furniture > Dining > Dining Chairs
34217/2EBN-093,Furniture > Dining > Dining Chairs
34217/1EBN-093,Furniture > Dining > Dining Chairs
34217/1EBN-053,Furniture > Dining > Dining Chairs
34195OSCURO/OAK-091,Furniture > Dining > Dining Chairs
34195MADU/OAK-081,Furniture > Dining > Dining Chairs
34163/2EM/NF9-81,Furniture > Dining > Dining Chairs
34163/2EM/NF11-083,Furniture > Dining > Dining Chairs
34163/2EM-097,Furniture > Dining > Dining Chairs
34163/1EM/NF9-081,Furniture > Dining > Dining Chairs
34163/1EM/NF11-083,Furniture > Dining > Dining Chairs
34163/1EM-097,Furniture > Dining > Dining Chairs
34133EM-097,Furniture > Dining > Dining Chairs
34078EM-081,Furniture > Dining > Dining Chairs
34077/2EBN-053,Furniture > Dining > Dining Chairs
34077/1EBN-053,Furniture > Dining > Dining Chairs
34028NF9-082,Furniture > Dining > Dining Chairs
34028NF9-053,Furniture > Dining > Dining Chairs
34028NF15-076,Furniture > Dining > Dining Chairs
33980/2EM-097,Furniture > Dining > Dining Chairs
33980/1EM-BR,Furniture > Dining > Dining Chairs
33980/1EM-097,Furniture > Dining > Dining Chairs
33978/2EM/NF9-COM,Furniture > Dining > Dining Chairs
33932MLSC,Furniture > Dining > Dining Chairs
33932EM/BR,Furniture > Dining > Dining Chairs
33865/1EBN/NF9-053,Furniture > Dining > Dining Chairs
33848/2M-040,Furniture > Dining > Dining Chairs
33848/2EM/NF11-040,Furniture > Dining > Dining Chairs
33848/2EM-081,Furniture > Dining > Dining Chairs
33848/1M-040,Furniture > Dining > Dining Chairs
33848/1EM/NF11-040,Furniture > Dining > Dining Chairs
33848/1EM-081,Furniture > Dining > Dining Chairs
33831/EM-C,Furniture > Dining > Dining Chairs
33831/2M-C,Furniture > Dining > Dining Chairs
33831/1M-C,Furniture > Dining > Dining Chairs
33765/2EM/NF9-093,Furniture > Dining > Dining Chairs
33765/2EM-081,Furniture > Dining > Dining Chairs
33765/1EM/NF9-093,Furniture > Dining > Dining Chairs
33765/1EM-081,Furniture > Dining > Dining Chairs
33764/2EM/NF9-053,Furniture > Dining > Dining Chairs
33764/1EM/NF9-094,Furniture > Dining > Dining Chairs
33764/1EM/NF9-053,Furniture > Dining > Dining Chairs
33723/1EM/NF11-069,Furniture > Dining > Dining Chairs
33661NWND,Furniture > Dining > Dining Chairs
33500/2MLSC/NF11-083,Furniture > Dining > Dining Chairs
33500/2EM/NF9-COM,Furniture > Dining > Dining Chairs
33500/2EM/NF11-093,Furniture > Dining > Dining Chairs
33500/2EM/NF11-084,Furniture > Dining > Dining Chairs
33500/2EM-C,Furniture > Dining > Dining Chairs
33500/2EM-053,Furniture > Dining > Dining Chairs
33500/1EM/NF11-093,Furniture > Dining > Dining Chairs
33500/1EM-C,Furniture > Dining > Dining Chairs
33500/1EM-053,Furniture > Dining > Dining Chairs
33499/2MLSC/NF11-107,Furniture > Dining > Dining Chairs
33499/2EM/NF9-093,Furniture > Dining > Dining Chairs
33499/2EM/NF11-C,Furniture > Dining > Dining Chairs
33499/2EM-081,Furniture > Dining > Dining Chairs
33499/1MLSC/NF11-107,Furniture > Dining > Dining Chairs
33499/1EM/NF9-093,Furniture > Dining > Dining Chairs
33499/1EM/NF11-C,Furniture > Dining > Dining Chairs
33499/1EM-081,Furniture > Dining > Dining Chairs
33498/2M-062,Furniture > Dining > Dining Chairs
33498/2EM-040,Furniture > Dining > Dining Chairs
33498/1M-062,Furniture > Dining > Dining Chairs
33498/1EM-040,Furniture > Dining > Dining Chairs
33464/1NWND-078,Furniture > Dining > Dining Chairs
33464/1MLSC-055,Furniture > Dining > Dining Chairs
33451/NF9-053,Furniture > Dining > Dining Chairs
33439EM/027B,Furniture > Dining > Dining Chairs
33434/2EM-081,Furniture > Dining > Dining Chairs
33434/2BSC-053,Furniture > Dining > Dining Chairs
33434/1EM-081,Furniture > Dining > Dining Chairs
33434/1BSC-053,Furniture > Dining > Dining Chairs
33416NF9/053,Furniture > Dining > Dining Chairs
33416EM/NF9-097,Furniture > Dining > Dining Chairs
33416EM/094,Furniture > Dining > Dining Chairs
33415NF9/053,Furniture > Dining > Dining Chairs
33415NF15/076,Furniture > Dining > Dining Chairs
33415EM/094,Furniture > Dining > Dining Chairs
33415EM/069,Furniture > Dining > Dining Chairs
33415EBN/053,Furniture > Dining > Dining Chairs
33273NWND,Furniture > Dining > Dining Chairs
33265/2M-040,Furniture > Dining > Dining Chairs
33265/2EM/NF9-077,Furniture > Dining > Dining Chairs
33265/2EM-097,Furniture > Dining > Dining Chairs
33265/1EM/NF9-077,Furniture > Dining > Dining Chairs
33265/1EM-097,Furniture > Dining > Dining Chairs
33202/EM-907,Furniture > Dining > Dining Chairs
33201/GB-081,Furniture > Dining > Dining Chairs
33166-2EM-067,Furniture > Dining > Dining Chairs
33166-1EM-067,Furniture > Dining > Dining Chairs
33161/070,Furniture > Dining > Dining Chairs
33026/1EBN-051,Furniture > Dining > Dining Chairs
31170/2EM-C,Furniture > Dining > Dining Chairs
31170/1EM-C,Furniture > Dining > Dining Chairs
31000/2M-C,Furniture > Dining > Dining Chairs
31000/2EM-C,Furniture > Dining > Dining Chairs
31000/2EM-091,Furniture > Dining > Dining Chairs
31000/1M-C,Furniture > Dining > Dining Chairs
31000/1EM-C,Furniture > Dining > Dining Chairs
31000/1EM-091,Furniture > Dining > Dining Chairs
12571NF9-CAL,Furniture > Dining > Dining Chairs
12571EM/GREY,Furniture > Dining > Dining Chairs
11971/2EM-053,Furniture > Dining > Dining Chairs
11971/1EM-053,Furniture > Dining > Dining Chairs
11429/EM-906,Furniture > Dining > Dining Chairs
11429/EM-091,Furniture > Dining > Dining Chairs
11415NF9/068,Furniture > Dining > Dining Chairs
11415NF9/053,Furniture > Dining > Dining Chairs
11415NF15/053,Furniture > Dining > Dining Chairs
11415MLSC/040,Furniture > Dining > Dining Chairs
11415EM/C,Furniture > Dining > Dining Chairs
11414NF9/094,Furniture > Dining > Dining Chairs
11414NF9/093,Furniture > Dining > Dining Chairs
11414NF9/082,Furniture > Dining > Dining Chairs
11414NF9/053,Furniture > Dining > Dining Chairs
11414NF15-053,Furniture > Dining > Dining Chairs
11414EM/NF9-094,Furniture > Dining > Dining Chairs
11403EM/906,Furniture > Dining > Dining Chairs
11403EM-091,Furniture > Dining > Dining Chairs
34888SP-053,Furniture > Living > Occasional Chairs
34821EM/NF9-094,Furniture > Living > Occasional Chairs
34753EM-COM,Furniture > Living > Occasional Chairs
34747/2EBN/NF9-GR,Furniture > Living > Occasional Chairs
34747/2EBN/NF9-081,Furniture > Living > Occasional Chairs
34745EM-083,Furniture > Living > Occasional Chairs
34730EM/BL,Furniture > Living > Occasional Chairs
34730EBN/027B,Furniture > Living > Occasional Chairs
34722FN9-053,Furniture > Living > Occasional Chairs
34722EM-081,Furniture > Living > Occasional Chairs
34721BSC/NF9-BLACK,Furniture > Living > Occasional Chairs
34713EM-134,Furniture > Living > Occasional Chairs
34693EM-097,Furniture > Living > Occasional Chairs
34693EM-053,Furniture > Living > Occasional Chairs
34690EM-053,Furniture > Living > Occasional Chairs
34671SG-053,Furniture > Living > Occasional Chairs
34666EM-091,Furniture > Living > Occasional Chairs
34666EM-083,Furniture > Living > Occasional Chairs
34651/EM-091,Furniture > Living > Occasional Chairs
34651/2MOD-081,Furniture > Living > Occasional Chairs
34650EM/091,Furniture > Living > Occasional Chairs
34650EM/027B,Furniture > Living > Occasional Chairs
34649OAK/BL,Furniture > Living > Occasional Chairs
34649EM/BR,Furniture > Living > Occasional Chairs
34649EM/BL,Furniture > Living > Occasional Chairs
34649EM/091,Furniture > Living > Occasional Chairs
34620NF9-083,Furniture > Living > Occasional Chairs
34620NF15-053,Furniture > Living > Occasional Chairs
34620EM-BLKC,Furniture > Living > Occasional Chairs
34607EM/black leather,Furniture > Living > Occasional Chairs
34597/2NF9-093,Furniture > Living > Occasional Chairs
34597/2NF9-056,Furniture > Living > Occasional Chairs
34595EM-BR,Furniture > Living > Occasional Chairs
34595EM-027B,Furniture > Living > Occasional Chairs
34568/OSCURO-098,Furniture > Living > Occasional Chairs
34393MED/ASH,Furniture > Living > Occasional Chairs
34315EM-097,Furniture > Living > Occasional Chairs
34277JWI/NF9-121,Furniture > Living > Occasional Chairs
34277EM/NF11-97,Furniture > Living > Occasional Chairs
34227MED/ASH-142,Furniture > Living > Occasional Chairs
34217/2EBN-093,Furniture > Living > Occasional Chairs
34217/1EBN-093,Furniture > Living > Occasional Chairs
34213EM/BR,Furniture > Living > Occasional Chairs
34196EBN,Furniture > Living > Occasional Chairs
34091NF9-053,Furniture > Living > Occasional Chairs
34091NF15-053,Furniture > Living > Occasional Chairs
34091EM-097,Furniture > Living > Occasional Chairs
34091EM-091,Furniture > Living > Occasional Chairs
34042EM-BRC,Furniture > Living > Occasional Chairs
34042EM-027B,Furniture > Living > Occasional Chairs
34041EM-BRC,Furniture > Living > Occasional Chairs
34041EM-027B,Furniture > Living > Occasional Chairs
34028NF9-053,Furniture > Living > Occasional Chairs
34028NF15-076,Furniture > Living > Occasional Chairs
34028EM/BR,Furniture > Living > Occasional Chairs
34024NF9-108,Furniture > Living > Occasional Chairs
34024NF9-053,Furniture > Living > Occasional Chairs
34024EM-134,Furniture > Living > Occasional Chairs
34023EM-053,Furniture > Living > Occasional Chairs
33932EM/BR,Furniture > Living > Occasional Chairs
33900EMD-040,Furniture > Living > Occasional Chairs
33867L,Furniture > Living > Occasional Chairs
33867EMD-BR,Furniture > Living > Occasional Chairs
33742NF9-139,Furniture > Living > Occasional Chairs
33742EM/NF11-141,Furniture > Living > Occasional Chairs
33742EM-136,Furniture > Living > Occasional Chairs
33688EBN-909,Furniture > Living > Occasional Chairs
33481JWI/067,Furniture > Living > Occasional Chairs
33460RED,Furniture > Living > Occasional Chairs
33460EBN/053,Furniture > Living > Occasional Chairs
33460/2EBN-053,Furniture > Living > Occasional Chairs
33458NF9/COM,Furniture > Living > Occasional Chairs
33458NF9/081,Furniture > Living > Occasional Chairs
33457NF9/056,Furniture > Living > Occasional Chairs
33449NF9/096,Furniture > Living > Occasional Chairs
33449NF9/094,Furniture > Living > Occasional Chairs
33449NF15/076,Furniture > Living > Occasional Chairs
33448GEBN,Furniture > Living > Occasional Chairs
33439EM/027B,Furniture > Living > Occasional Chairs
33415EM/NF11-BR,Furniture > Living > Occasional Chairs
33401MLSC/027B,Furniture > Living > Occasional Chairs
33399MPL/027B,Furniture > Living > Occasional Chairs
33384NF15-053,Furniture > Living > Occasional Chairs
33384EM/141,Furniture > Living > Occasional Chairs
33196BSC/BR,Furniture > Living > Occasional Chairs
33173MLSC/GRN,Furniture > Living > Occasional Chairs
33173/EMD-081,Furniture > Living > Occasional Chairs
33084MYL/027B,Furniture > Living > Occasional Chairs
33026/1EBN-051,Furniture > Living > Occasional Chairs
33019/NF9-053,Furniture > Living > Occasional Chairs
33019/NF1-053,Furniture > Living > Occasional Chairs
32322EM/BR,Furniture > Living > Occasional Chairs
31912/MYL-GREEN,Furniture > Living > Occasional Chairs
31464/NF9-053,Furniture > Living > Occasional Chairs
31360NF9-053,Furniture > Living > Occasional Chairs
31360NF15-053,Furniture > Living > Occasional Chairs
31360/M-027B,Furniture > Living > Occasional Chairs
12571NF9-CAL,Furniture > Living > Occasional Chairs
12192EM/BR,Furniture > Living > Occasional Chairs
11507NF9/053,Furniture > Living > Occasional Chairs
11416NF15-053,Furniture > Living > Occasional Chairs
11414NF15-076,Furniture > Living > Occasional Chairs
34730EM/BL,Furniture > Living > Office Chairs
34721BSC/NF9-BLACK,Furniture > Living > Office Chairs
34607EM/black leather,Furniture > Living > Office Chairs
34607EM/027B,Furniture > Living > Office Chairs
34572EM-CAL,Furniture > Living > Office Chairs
34452SP-BL,Furniture > Living > Office Chairs
34213EM/BR,Furniture > Living > Office Chairs
34213EM/BL,Furniture > Living > Office Chairs
34107EM/ASH-BR,Furniture > Living > Office Chairs
33967EM/GR,Furniture > Living > Office Chairs
33967EM/BL,Furniture > Living > Office Chairs
33966MLSC/027B,Furniture > Living > Office Chairs
33966EM/BR,Furniture > Living > Office Chairs
33196BSC/BR,Furniture > Living > Office Chairs
32322EM/BR,Furniture > Living > Office Chairs
31912/MYL-3BL,Furniture > Living > Office Chairs
31911/NMYL-3BL,Furniture > Living > Office Chairs
31911/MYL-3BR,Furniture > Living > Office Chairs
31875/EM-3BR,Furniture > Living > Office Chairs
12192EM/BR,Furniture > Living > Office Chairs
34370SP-091,Furniture > Living > Benches & Ottomans
34352NF9-053,Furniture > Living > Benches & Ottomans
34352NF15-053,Furniture > Living > Benches & Ottomans
34344SP-077,Furniture > Living > Benches & Ottomans
34344SP-053,Furniture > Living > Benches & Ottomans
34225EM/NF9-082,Furniture > Living > Benches & Ottomans
34102EM-BR,Furniture > Living > Benches & Ottomans
34089EM/139,Furniture > Living > Benches & Ottomans
34052EBN/NF9-093,Furniture > Living > Benches & Ottomans
33948NF9-053,Furniture > Living > Benches & Ottomans
33947JWI,Furniture > Living > Benches & Ottomans
33941EM/NF11-084,Furniture > Living > Benches & Ottomans
33941BLANC-084,Furniture > Living > Benches & Ottomans
33282MYL/027B,Furniture > Living > Benches & Ottomans
33277EBN/054,Furniture > Living > Benches & Ottomans
33224/EMD-027B,Furniture > Living > Benches & Ottomans
31417NF9-053,Furniture > Living > Benches & Ottomans
34827FEM/NF9-FLAMED,Furniture > Bedroom > Chests
34827EM/NF9,Furniture > Bedroom > Chests
34770BSC,Furniture > Bedroom > Chests
34727CHAMP/NF1,Furniture > Bedroom > Chests
34725NF1/C,Furniture > Bedroom > Chests
34724NF1/C,Furniture > Bedroom > Chests
34546EM/NF11,Furniture > Bedroom > Chests
34544EM/C,Furniture > Bedroom > Chests
34535EM/NF9/C,Furniture > Bedroom > Chests
34535EM/C,Furniture > Bedroom > Chests
34528SP,Furniture > Bedroom > Chests
34480EM/NF9,Furniture > Bedroom > Chests
34438SP,Furniture > Bedroom > Chests
34437SP,Furniture > Bedroom > Chests
34404EMD,Furniture > Bedroom > Chests
34404BSC,Furniture > Bedroom > Chests
34402EM,Furniture > Bedroom > Chests
34402BSC,Furniture > Bedroom > Chests
34378RED,Furniture > Bedroom > Chests
34378EBN-W,Furniture > Bedroom > Chests
34331SP,Furniture > Bedroom > Chests
34305SP,Furniture > Bedroom > Chests
34293MED/ASH,Furniture > Bedroom > Chests
34292SP,Furniture > Bedroom > Chests
34285NF9,Furniture > Bedroom > Chests
34215MADU/OAK,Furniture > Bedroom > Chests
34211MED/ASH,Furniture > Bedroom > Chests
34199NF1,Furniture > Bedroom > Chests
34136EMD,Furniture > Bedroom > Chests
34123EM/NF9,Furniture > Bedroom > Chests
34122EM/NF9,Furniture > Bedroom > Chests
34094EM/NF9,Furniture > Bedroom > Chests
34032MED/ASH,Furniture > Bedroom > Chests
33961EM,Furniture > Bedroom > Chests
33930NF15/EM,Furniture > Bedroom > Chests
33930JWI/NF11-C,Furniture > Bedroom > Chests
33930EM/NF9,Furniture > Bedroom > Chests
33930EM/NF11,Furniture > Bedroom > Chests
33925NF15SO/W,Furniture > Bedroom > Chests
33925JWI/NF11-C,Furniture > Bedroom > Chests
33925EM/NF11,Furniture > Bedroom > Chests
33851SP,Furniture > Bedroom > Chests
33850NF1,Furniture > Bedroom > Chests
33577/33578EM,Furniture > Bedroom > Chests
33577/33578BSC,Furniture > Bedroom > Chests
33573BSC,Furniture > Bedroom > Chests
33508EM-C,Furniture > Bedroom > Chests
33479BSC/BR,Furniture > Bedroom > Chests
33475EM/BR,Furniture > Bedroom > Chests
33475BSC/BR,Furniture > Bedroom > Chests
33474BSC,Furniture > Bedroom > Chests
33472EM/NF9-C,Furniture > Bedroom > Chests
33447EM/NF9,Furniture > Bedroom > Chests
33422MYLD,Furniture > Bedroom > Chests
33393NF15/W,Furniture > Bedroom > Chests
33393EBN/NF9-W,Furniture > Bedroom > Chests
33334,Furniture > Bedroom > Chests
33318BSC,Furniture > Bedroom > Chests
33304MLSC,Furniture > Bedroom > Chests
33299M,Furniture > Bedroom > Chests
33247MLSC,Furniture > Bedroom > Chests
33233,Furniture > Bedroom > Chests
31817/M-5,Furniture > Bedroom > Chests
31816EM-5,Furniture > Bedroom > Chests
31769/BSC-5,Furniture > Bedroom > Chests
31768/M-5,Furniture > Bedroom > Chests
12326BS/EM,Furniture > Bedroom > Chests
12286,Furniture > Bedroom > Chests
11349BSC,Furniture > Bedroom > Chests
34124EM,Furniture > Bedroom > Dressers
34095EM/NF9,Furniture > Bedroom > Dressers
33960JWI/NF11-B,Furniture > Bedroom > Dressers
31814/M-5,Furniture > Bedroom > Dressers
34813EM/NF9-BR,Furniture > Living > Desks
34787EM/BR,Furniture > Living > Desks
34728EBN/BL,Furniture > Living > Desks
34728BLANC/AWH,Furniture > Living > Desks
34720BSC/NF9/EBN-BL,Furniture > Living > Desks
34720BSC/NF9-BR,Furniture > Living > Desks
34675SP-BL,Furniture > Living > Desks
34629EM/BL,Furniture > Living > Desks
34451SP,Furniture > Living > Desks
34420SP,Furniture > Living > Desks
34398EM/GR,Furniture > Living > Desks
34394MED/ASH,Furniture > Living > Desks
34245SP,Furniture > Living > Desks
34212GEBN/BL,Furniture > Living > Desks
34197NF1,Furniture > Living > Desks
34106MED/ASH/NF9-GR,Furniture > Living > Desks
34106MED/ASH,Furniture > Living > Desks
34043FEM/leather,Furniture > Living > Desks
34027EM/BR,Furniture > Living > Desks
33946BSC,Furniture > Living > Desks
33946BS/EM,Furniture > Living > Desks
33907BSC/BR,Furniture > Living > Desks
33862BSC/BR,Furniture > Living > Desks
33743FEM/BR,Furniture > Living > Desks
33733FEM/BR,Furniture > Living > Desks
33566,Furniture > Living > Desks
33288EM/BR,Furniture > Living > Desks
33288BSC/BR,Furniture > Living > Desks
33151BSC/BR,Furniture > Living > Desks
33079FDBSC/BR,Furniture > Living > Desks
31905NA/EM-3BR,Furniture > Living > Desks
31905/MYLD-6,Furniture > Living > Desks
31903NA/MYLD-3BR,Furniture > Living > Desks
31903NA/EM-3BR,Furniture > Living > Desks
31901NA/EM-3BR,Furniture > Living > Desks
31901/EM-3BR,Furniture > Living > Desks
DT0534R,Decoration > Artistic Ornaments > Vases
DT0533B,Decoration > Artistic Ornaments > Vases
DT0532R,Decoration > Artistic Ornaments > Vases
DT0531R,Decoration > Artistic Ornaments > Vases
DT0530R,Decoration > Artistic Ornaments > Vases
DT0529BR,Decoration > Artistic Ornaments > Vases
DT0528R,Decoration > Artistic Ornaments > Vases
DT0527B,Decoration > Artistic Ornaments > Vases
DT0525BR,Decoration > Artistic Ornaments > Vases
DT0522R,Decoration > Artistic Ornaments > Vases
DT0517B,Decoration > Artistic Ornaments > Vases
DT0516R,Decoration > Artistic Ornaments > Vases
DT0515R,Decoration > Artistic Ornaments > Vases
DT0512R,Decoration > Artistic Ornaments > Vases
DT0511B,Decoration > Artistic Ornaments > Vases
DT0510B,Decoration > Artistic Ornaments > Vases
DT0509B,Decoration > Artistic Ornaments > Vases
DT0505W,Decoration > Artistic Ornaments > Vases
DT0503DB,Decoration > Artistic Ornaments > Vases
R-878,Decoration > Artistic Ornaments > Centerpieces
R-1535/BR,Decoration > Artistic Ornaments > Centerpieces
P88,Decoration > Artistic Ornaments > Centerpieces
P42/B,Decoration > Artistic Ornaments > Centerpieces
P40/B,Decoration > Artistic Ornaments > Centerpieces
P4/B,Decoration > Artistic Ornaments > Centerpieces
P15,Decoration > Artistic Ornaments > Centerpieces
P13,Decoration > Artistic Ornaments > Centerpieces
P10/B,Decoration > Artistic Ornaments > Centerpieces
MY10,Decoration > Artistic Ornaments > Centerpieces
L-1101/B,Decoration > Artistic Ornaments > Centerpieces
JW/78/420,Decoration > Artistic Ornaments > Centerpieces
J601,Decoration > Artistic Ornaments > Centerpieces
GZ-01,Decoration > Artistic Ornaments > Centerpieces
D7,Decoration > Artistic Ornaments > Centerpieces
C99,Decoration > Artistic Ornaments > Centerpieces
C88,Decoration > Artistic Ornaments > Centerpieces
C577B/B,Decoration > Artistic Ornaments > Centerpieces
C573A,Decoration > Artistic Ornaments > Centerpieces
C56/B,Decoration > Artistic Ornaments > Centerpieces
C541,Decoration > Artistic Ornaments > Centerpieces
C48,Decoration > Artistic Ornaments > Centerpieces
C437,Decoration > Artistic Ornaments > Centerpieces
C413,Decoration > Artistic Ornaments > Centerpieces
C40M,Decoration > Artistic Ornaments > Centerpieces
C2,Decoration > Artistic Ornaments > Centerpieces
C155,Decoration > Artistic Ornaments > Centerpieces
C153,Decoration > Artistic Ornaments > Centerpieces
C14,Decoration > Artistic Ornaments > Centerpieces
C13,Decoration > Artistic Ornaments > Centerpieces
C11,Decoration > Artistic Ornaments > Centerpieces
C1,Decoration > Artistic Ornaments > Centerpieces
A32,Decoration > Artistic Ornaments > Centerpieces
A24A,Decoration > Artistic Ornaments > Centerpieces
A24,Decoration > Artistic Ornaments > Centerpieces
0398BB/B,Decoration > Artistic Ornaments > Centerpieces
T3751,Lighting > Chandeliers
T3681,Lighting > Chandeliers
S6931,Lighting > Chandeliers
D8146,Lighting > Chandeliers
D8121,Lighting > Chandeliers
D8114,Lighting > Chandeliers
D8075,Lighting > Chandeliers
D6971,Lighting > Chandeliers
D6878,Lighting > Chandeliers
D6584,Lighting > Chandeliers
D6002,Lighting > Chandeliers
D6001,Lighting > Chandeliers
D3588,Lighting > Chandeliers
D3428,Lighting > Chandeliers
B6023,Lighting > Chandeliers
B3413,Lighting > Chandeliers
33943JWI/NF9,Lighting > Chandeliers
HM2439,Decoration > Artistic Ornaments > Sculptures
HM2433,Decoration > Artistic Ornaments > Sculptures
HM2420S,Decoration > Artistic Ornaments > Sculptures
HM2395silver,Decoration > Artistic Ornaments > Sculptures
HM2386silver,Decoration > Artistic Ornaments > Sculptures
HM2382ACM,Decoration > Artistic Ornaments > Sculptures
HM2381AC,Decoration > Artistic Ornaments > Sculptures
HM2375,Decoration > Artistic Ornaments > Sculptures
HM2367AC,Decoration > Artistic Ornaments > Sculptures
HM2366S,Decoration > Artistic Ornaments > Sculptures
HM2366ACM,Decoration > Artistic Ornaments > Sculptures
HM2360AC,Decoration > Artistic Ornaments > Sculptures
HM2305S,Decoration > Artistic Ornaments > Sculptures
HM2304,Decoration > Artistic Ornaments > Sculptures
HM2299s,Decoration > Artistic Ornaments > Sculptures
HM2260AC,Decoration > Artistic Ornaments > Sculptures
HM2230AC,Decoration > Artistic Ornaments > Sculptures
HM2226,Decoration > Artistic Ornaments > Sculptures
AL-452,Decoration > Artistic Ornaments > Sculptures
AL-323,Decoration > Artistic Ornaments > Sculptures
AL-258,Decoration > Artistic Ornaments > Sculptures
AL-257,Decoration > Artistic Ornaments > Sculptures
AL-247,Decoration > Artistic Ornaments > Sculptures
AL-246,Decoration > Artistic Ornaments > Sculptures
AL-018,Decoration > Artistic Ornaments > Sculptures
A7792AC,Decoration > Artistic Ornaments > Sculptures
A7738,Decoration > Artistic Ornaments > Sculptures
A7646T,Decoration > Artistic Ornaments > Sculptures
A7610T,Decoration > Artistic Ornaments > Sculptures
A7594,Decoration > Artistic Ornaments > Sculptures
A7515AC,Decoration > Artistic Ornaments > Sculptures
A7485B/AC,Decoration > Artistic Ornaments > Sculptures
A7485A/AC,Decoration > Artistic Ornaments > Sculptures
A7396AC,Decoration > Artistic Ornaments > Sculptures
A7356D,Decoration > Artistic Ornaments > Sculptures
A7356C,Decoration > Artistic Ornaments > Sculptures
A7356B,Decoration > Artistic Ornaments > Sculptures
A7356A,Decoration > Artistic Ornaments > Sculptures
A7235BR,Decoration > Artistic Ornaments > Sculptures
A7232AC,Decoration > Artistic Ornaments > Sculptures
A7229AC,Decoration > Artistic Ornaments > Sculptures
A7176G,Decoration > Artistic Ornaments > Sculptures
A7175T,Decoration > Artistic Ornaments > Sculptures
A7108,Decoration > Artistic Ornaments > Sculptures
A7044T,Decoration > Artistic Ornaments > Sculptures
A6999AC,Decoration > Artistic Ornaments > Sculptures
A6960SP,Decoration > Artistic Ornaments > Sculptures
A6924,Decoration > Artistic Ornaments > Sculptures
A6917,Decoration > Artistic Ornaments > Sculptures
A6915T,Decoration > Artistic Ornaments > Sculptures
A6783AC,Decoration > Artistic Ornaments > Sculptures
A6667AC,Decoration > Artistic Ornaments > Sculptures
A6649T,Decoration > Artistic Ornaments > Sculptures
A6642S,Decoration > Artistic Ornaments > Sculptures
A6580T,Decoration > Artistic Ornaments > Sculptures
A6514AC,Decoration > Artistic Ornaments > Sculptures
A6506S,Decoration > Artistic Ornaments > Sculptures
A6506AC,Decoration > Artistic Ornaments > Sculptures
A6434,Decoration > Artistic Ornaments > Sculptures
A6366AC,Decoration > Artistic Ornaments > Sculptures
A6282AC,Decoration > Artistic Ornaments > Sculptures
A6281AC,Decoration > Artistic Ornaments > Sculptures
A5975,Decoration > Artistic Ornaments > Sculptures
A5952T,Decoration > Artistic Ornaments > Sculptures
A5942G,Decoration > Artistic Ornaments > Sculptures
A5942,Decoration > Artistic Ornaments > Sculptures
A5895T,Decoration > Artistic Ornaments > Sculptures
A5837T,Decoration > Artistic Ornaments > Sculptures
A5713ACM,Decoration > Artistic Ornaments > Sculptures
A5700T,Decoration > Artistic Ornaments > Sculptures
A5699AC,Decoration > Artistic Ornaments > Sculptures
A5637,Decoration > Artistic Ornaments > Sculptures
A5424AC,Decoration > Artistic Ornaments > Sculptures
A5400,Decoration > Artistic Ornaments > Sculptures
A5249,Decoration > Artistic Ornaments > Sculptures
A5234AC/R,Decoration > Artistic Ornaments > Sculptures
A5185,Decoration > Artistic Ornaments > Sculptures
A5155SP,Decoration > Artistic Ornaments > Sculptures
A4785AC,Decoration > Artistic Ornaments > Sculptures
A4331AC/E,Decoration > Artistic Ornaments > Sculptures
A3985AC,Decoration > Artistic Ornaments > Sculptures
A3984AC,Decoration > Artistic Ornaments > Sculptures
A3983AC,Decoration > Artistic Ornaments > Sculptures
A3981ACM,Decoration > Artistic Ornaments > Sculptures
A3499AC,Decoration > Artistic Ornaments > Sculptures
A3457,Decoration > Artistic Ornaments > Sculptures
A3002,Decoration > Artistic Ornaments > Sculptures
A2985S,Decoration > Artistic Ornaments > Sculptures
A2905BR,Decoration > Artistic Ornaments > Sculptures
A2839AC,Decoration > Artistic Ornaments > Sculptures
A2415AC,Decoration > Artistic Ornaments > Sculptures
A2217,Decoration > Artistic Ornaments > Sculptures
A2155AC,Decoration > Artistic Ornaments > Sculptures
A1895ACM,Decoration > Artistic Ornaments > Sculptures
A1840,Decoration > Artistic Ornaments > Sculptures
A1839,Decoration > Artistic Ornaments > Sculptures
A1511ACM,Decoration > Artistic Ornaments > Sculptures
A1102,Decoration > Artistic Ornaments > Sculptures
A0736,Decoration > Artistic Ornaments > Sculptures
A0712,Decoration > Artistic Ornaments > Sculptures
A0708,Decoration > Artistic Ornaments > Sculptures
A0058,Decoration > Artistic Ornaments > Sculptures
A0028G,Decoration > Artistic Ornaments > Sculptures
HM2420S,Decoration > Artistic Ornaments > Sculptures
HM2366S,Decoration > Artistic Ornaments > Sculptures
HM2305S,Decoration > Artistic Ornaments > Sculptures
HM2304,Decoration > Artistic Ornaments > Sculptures
HM2299s,Decoration > Artistic Ornaments > Sculptures
A7108,Decoration > Artistic Ornaments > Sculptures
A6642S,Decoration > Artistic Ornaments > Sculptures
A6506S,Decoration > Artistic Ornaments > Sculptures
A5828S,Decoration > Artistic Ornaments > Sculptures
A4141,Decoration > Artistic Ornaments > Sculptures
A3780,Decoration > Artistic Ornaments > Sculptures
A3389S,Decoration > Artistic Ornaments > Sculptures
A2985S,Decoration > Artistic Ornaments > Sculptures
A2955S,Decoration > Artistic Ornaments > Sculptures
A1962S,Decoration > Artistic Ornaments > Sculptures
XQ-033,Decoration > Artistic Ornaments > Sculptures
XQ-032,Decoration > Artistic Ornaments > Sculptures
XQ-031,Decoration > Artistic Ornaments > Sculptures
XQ-030,Decoration > Artistic Ornaments > Sculptures
XQ-003,Decoration > Artistic Ornaments > Sculptures
SABR-377,Decoration > Artistic Ornaments > Sculptures
SA-639S,Decoration > Artistic Ornaments > Sculptures
LE-039,Decoration > Artistic Ornaments > Sculptures
HM2438,Decoration > Artistic Ornaments > Sculptures
HM2437,Decoration > Artistic Ornaments > Sculptures
HM2226,Decoration > Artistic Ornaments > Sculptures
EPA-510,Decoration > Artistic Ornaments > Sculptures
EPA-509,Decoration > Artistic Ornaments > Sculptures
EPA-382S,Decoration > Artistic Ornaments > Sculptures
EPA-381S,Decoration > Artistic Ornaments > Sculptures
EPA-328,Decoration > Artistic Ornaments > Sculptures
EPA-270,Decoration > Artistic Ornaments > Sculptures
EPA-231,Decoration > Artistic Ornaments > Sculptures
EPA-160,Decoration > Artistic Ornaments > Sculptures
EPA-157,Decoration > Artistic Ornaments > Sculptures
EPA-135,Decoration > Artistic Ornaments > Sculptures
EPA-132,Decoration > Artistic Ornaments > Sculptures
EPA-128,Decoration > Artistic Ornaments > Sculptures
EPA-111,Decoration > Artistic Ornaments > Sculptures
EPA-109,Decoration > Artistic Ornaments > Sculptures
EPA-108,Decoration > Artistic Ornaments > Sculptures
EPA-103,Decoration > Artistic Ornaments > Sculptures
EPA-013,Decoration > Artistic Ornaments > Sculptures
EPA-006,Decoration > Artistic Ornaments > Sculptures
EPA-003,Decoration > Artistic Ornaments > Sculptures
EP-911,Decoration > Artistic Ornaments > Sculptures
EP-910,Decoration > Artistic Ornaments > Sculptures
EP-809,Decoration > Artistic Ornaments > Sculptures
EP-769,Decoration > Artistic Ornaments > Sculptures
EP-745,Decoration > Artistic Ornaments > Sculptures
EP-708,Decoration > Artistic Ornaments > Sculptures
EP-707,Decoration > Artistic Ornaments > Sculptures
EP-701,Decoration > Artistic Ornaments > Sculptures
EP-306,Decoration > Artistic Ornaments > Sculptures
EP-207,Decoration > Artistic Ornaments > Sculptures
EP-200,Decoration > Artistic Ornaments > Sculptures
EP-150J,Decoration > Artistic Ornaments > Sculptures
EP-146,Decoration > Artistic Ornaments > Sculptures
EP-143,Decoration > Artistic Ornaments > Sculptures
EP-140,Decoration > Artistic Ornaments > Sculptures
EP-089,Decoration > Artistic Ornaments > Sculptures
EP-020J,Decoration > Artistic Ornaments > Sculptures
EP-019J,Decoration > Artistic Ornaments > Sculptures
CH-055,Decoration > Artistic Ornaments > Sculptures
CH-027J,Decoration > Artistic Ornaments > Sculptures
CH-026J,Decoration > Artistic Ornaments > Sculptures
CH-025J,Decoration > Artistic Ornaments > Sculptures
CH-024J,Decoration > Artistic Ornaments > Sculptures
CH-021J,Decoration > Artistic Ornaments > Sculptures
CH-020J,Decoration > Artistic Ornaments > Sculptures
A7378-A/AC,Decoration > Artistic Ornaments > Sculptures
A7367T,Decoration > Artistic Ornaments > Sculptures
A7294G,Decoration > Artistic Ornaments > Sculptures
A7287AC,Decoration > Artistic Ornaments > Sculptures
A7192S,Decoration > Artistic Ornaments > Sculptures
A7168M,Decoration > Artistic Ornaments > Sculptures
A7111,Decoration > Artistic Ornaments > Sculptures
A7092,Decoration > Artistic Ornaments > Sculptures
A6778,Decoration > Artistic Ornaments > Sculptures
A6734T,Decoration > Artistic Ornaments > Sculptures
A6656,Decoration > Artistic Ornaments > Sculptures
A6647,Decoration > Artistic Ornaments > Sculptures
A6515T,Decoration > Artistic Ornaments > Sculptures
A6513T,Decoration > Artistic Ornaments > Sculptures
A6358,Decoration > Artistic Ornaments > Sculptures
A6126,Decoration > Artistic Ornaments > Sculptures
A6104SM,Decoration > Artistic Ornaments > Sculptures
A6099,Decoration > Artistic Ornaments > Sculptures
A5828S,Decoration > Artistic Ornaments > Sculptures
A5759,Decoration > Artistic Ornaments > Sculptures
A4885S,Decoration > Artistic Ornaments > Sculptures
A4341AC,Decoration > Artistic Ornaments > Sculptures
A4141,Decoration > Artistic Ornaments > Sculptures
A3752ACM,Decoration > Artistic Ornaments > Sculptures
A3738SM,Decoration > Artistic Ornaments > Sculptures
A3715AC,Decoration > Artistic Ornaments > Sculptures
A3618,Decoration > Artistic Ornaments > Sculptures
A2933ACM,Decoration > Artistic Ornaments > Sculptures
A2826,Decoration > Artistic Ornaments > Sculptures
A2604,Decoration > Artistic Ornaments > Sculptures
A1962S,Decoration > Artistic Ornaments > Sculptures
A1962AC,Decoration > Artistic Ornaments > Sculptures
A1563,Decoration > Artistic Ornaments > Sculptures
A0752,Decoration > Artistic Ornaments > Sculptures
98081ACM,Decoration > Artistic Ornaments > Sculptures
80022EM,Decoration > Artistic Ornaments > Sculptures
80021EM,Decoration > Artistic Ornaments > Sculptures
NF-324,Decoration > Home Accents > Fountains
J21021,Decoration > Home Accents > Fountains
J19110,Decoration > Home Accents > Fountains
A7485B/AC,Decoration > Home Accents > Fountains
A6930,Decoration > Home Accents > Fountains
A6917,Decoration > Home Accents > Fountains
A6908T,Decoration > Home Accents > Fountains
A6767,Decoration > Home Accents > Fountains
A6761,Decoration > Home Accents > Fountains
A6506S,Decoration > Home Accents > Fountains
A6506AC,Decoration > Home Accents > Fountains
A6318,Decoration > Home Accents > Fountains
A5952T,Decoration > Home Accents > Fountains
A5924,Decoration > Home Accents > Fountains
A5837T,Decoration > Home Accents > Fountains
A5816T,Decoration > Home Accents > Fountains
A5770AC,Decoration > Home Accents > Fountains
A5678,Decoration > Home Accents > Fountains
A5629,Decoration > Home Accents > Fountains
A5626T,Decoration > Home Accents > Fountains
A5392,Decoration > Home Accents > Fountains
A5171,Decoration > Home Accents > Fountains
A5103,Decoration > Home Accents > Fountains
A5019,Decoration > Home Accents > Fountains
A4908AC,Decoration > Home Accents > Fountains
A4703AC,Decoration > Home Accents > Fountains
A4670AC,Decoration > Home Accents > Fountains
A4408,Decoration > Home Accents > Fountains
A4330,Decoration > Home Accents > Fountains
A4084,Decoration > Home Accents > Fountains
A3885,Decoration > Home Accents > Fountains
A3838,Decoration > Home Accents > Fountains
A3523AC,Decoration > Home Accents > Fountains
A3229,Decoration > Home Accents > Fountains
A3142T,Decoration > Home Accents > Fountains
A2807,Decoration > Home Accents > Fountains
A2549,Decoration > Home Accents > Fountains
A2286,Decoration > Home Accents > Fountains
A2100AC,Decoration > Home Accents > Fountains
A7792AC,Decoration > Artistic Ornaments > Sculptures
A7761,Decoration > Artistic Ornaments > Sculptures
A7747T,Decoration > Artistic Ornaments > Sculptures
A7452AC,Decoration > Artistic Ornaments > Sculptures
A7378-A/AC,Decoration > Artistic Ornaments > Sculptures
A7367T,Decoration > Artistic Ornaments > Sculptures
A7356D,Decoration > Artistic Ornaments > Sculptures
A7356C,Decoration > Artistic Ornaments > Sculptures
A7356B,Decoration > Artistic Ornaments > Sculptures
A7356A,Decoration > Artistic Ornaments > Sculptures
A7176G,Decoration > Artistic Ornaments > Sculptures
A7148,Decoration > Artistic Ornaments > Sculptures
A7106T,Decoration > Artistic Ornaments > Sculptures
A6999AC,Decoration > Artistic Ornaments > Sculptures
A6949,Decoration > Artistic Ornaments > Sculptures
A6915T,Decoration > Artistic Ornaments > Sculptures
A6878,Decoration > Artistic Ornaments > Sculptures
A6874T,Decoration > Artistic Ornaments > Sculptures
A6865,Decoration > Artistic Ornaments > Sculptures
A6783AC,Decoration > Artistic Ornaments > Sculptures
A6734T,Decoration > Artistic Ornaments > Sculptures
A6725,Decoration > Artistic Ornaments > Sculptures
A6667AC,Decoration > Artistic Ornaments > Sculptures
A6649T,Decoration > Artistic Ornaments > Sculptures
A6587,Decoration > Artistic Ornaments > Sculptures
A6580T,Decoration > Artistic Ornaments > Sculptures
A6523,Decoration > Artistic Ornaments > Sculptures
A6514AC,Decoration > Artistic Ornaments > Sculptures
A6471,Decoration > Artistic Ornaments > Sculptures
A6449,Decoration > Artistic Ornaments > Sculptures
A6424,Decoration > Artistic Ornaments > Sculptures
A6417AC,Decoration > Artistic Ornaments > Sculptures
A6311,Decoration > Artistic Ornaments > Sculptures
A6243,Decoration > Artistic Ornaments > Sculptures
A6055,Decoration > Artistic Ornaments > Sculptures
A6026,Decoration > Artistic Ornaments > Sculptures
A6014,Decoration > Artistic Ornaments > Sculptures
A5975,Decoration > Artistic Ornaments > Sculptures
A5962,Decoration > Artistic Ornaments > Sculptures
A5952T,Decoration > Artistic Ornaments > Sculptures
A5942G,Decoration > Artistic Ornaments > Sculptures
A5942,Decoration > Artistic Ornaments > Sculptures
A5645,Decoration > Artistic Ornaments > Sculptures
A5590/2,Decoration > Artistic Ornaments > Sculptures
A5578,Decoration > Artistic Ornaments > Sculptures
A5400,Decoration > Artistic Ornaments > Sculptures
A5342,Decoration > Artistic Ornaments > Sculptures
A5249,Decoration > Artistic Ornaments > Sculptures
A5234AC/R,Decoration > Artistic Ornaments > Sculptures
A4963,Decoration > Artistic Ornaments > Sculptures
A4443T,Decoration > Artistic Ornaments > Sculptures
A4331,Decoration > Artistic Ornaments > Sculptures
A3885,Decoration > Artistic Ornaments > Sculptures
A3838,Decoration > Artistic Ornaments > Sculptures
A3699,Decoration > Artistic Ornaments > Sculptures
A3170T,Decoration > Artistic Ornaments > Sculptures
A3142T,Decoration > Artistic Ornaments > Sculptures
A2681,Decoration > Artistic Ornaments > Sculptures
A2275,Decoration > Artistic Ornaments > Sculptures
A2155AC,Decoration > Artistic Ornaments > Sculptures
J22104,Decoration > Artistic Ornaments > Bust Sculptures
J22101,Decoration > Artistic Ornaments > Bust Sculptures
J22100,Decoration > Artistic Ornaments > Bust Sculptures
J22045,Decoration > Artistic Ornaments > Bust Sculptures
J22044,Decoration > Artistic Ornaments > Bust Sculptures
J22042,Decoration > Artistic Ornaments > Bust Sculptures
J22041,Decoration > Artistic Ornaments > Bust Sculptures
J22039,Decoration > Artistic Ornaments > Bust Sculptures
J22038,Decoration > Artistic Ornaments > Bust Sculptures
J21037,Decoration > Artistic Ornaments > Bust Sculptures
J19199,Decoration > Artistic Ornaments > Bust Sculptures
J19193,Decoration > Artistic Ornaments > Bust Sculptures
J19181,Decoration > Artistic Ornaments > Bust Sculptures
J19150,Decoration > Artistic Ornaments > Bust Sculptures
J19147,Decoration > Artistic Ornaments > Bust Sculptures
J19141,Decoration > Artistic Ornaments > Bust Sculptures
J19130RED,Decoration > Artistic Ornaments > Bust Sculptures
J19130GREEN,Decoration > Artistic Ornaments > Bust Sculptures
J19110,Decoration > Artistic Ornaments > Bust Sculptures
J19100,Decoration > Artistic Ornaments > Bust Sculptures
J18033,Decoration > Artistic Ornaments > Bust Sculptures
J18027,Decoration > Artistic Ornaments > Bust Sculptures
J18023,Decoration > Artistic Ornaments > Bust Sculptures
J18022,Decoration > Artistic Ornaments > Bust Sculptures
J18001,Decoration > Artistic Ornaments > Bust Sculptures
J13015/1,Decoration > Artistic Ornaments > Bust Sculptures
J13014,Decoration > Artistic Ornaments > Bust Sculptures
J13009,Decoration > Artistic Ornaments > Bust Sculptures
J12032,Decoration > Artistic Ornaments > Bust Sculptures
J12027/1,Decoration > Artistic Ornaments > Bust Sculptures
J0745,Decoration > Artistic Ornaments > Bust Sculptures
J06177,Decoration > Artistic Ornaments > Bust Sculptures
DJ09081,Decoration > Artistic Ornaments > Bust Sculptures
DJ09036,Decoration > Artistic Ornaments > Bust Sculptures
DJ09002,Decoration > Artistic Ornaments > Bust Sculptures
aJ18012,Decoration > Artistic Ornaments > Bust Sculptures
aJ18011,Decoration > Artistic Ornaments > Bust Sculptures
aJ18010,Decoration > Artistic Ornaments > Bust Sculptures
J22040,Decoration > Home Accents > Fireplace Mantels
J22033,Decoration > Home Accents > Fireplace Mantels
J21007,Decoration > Home Accents > Fireplace Mantels
J21005/T,Decoration > Home Accents > Fireplace Mantels
J21005,Decoration > Home Accents > Fireplace Mantels
J21001,Decoration > Home Accents > Fireplace Mantels
J19136,Decoration > Home Accents > Fireplace Mantels
J19135,Decoration > Home Accents > Fireplace Mantels
J19134,Decoration > Home Accents > Fireplace Mantels
J19133,Decoration > Home Accents > Fireplace Mantels
J19105,Decoration > Home Accents > Fireplace Mantels
J19102,Decoration > Home Accents > Fireplace Mantels
J18034,Decoration > Home Accents > Fireplace Mantels
J18016,Decoration > Home Accents > Fireplace Mantels
J18015,Decoration > Home Accents > Fireplace Mantels
J18003,Decoration > Home Accents > Fireplace Mantels
DJ09090,Decoration > Home Accents > Fireplace Mantels
DJ09051,Decoration > Home Accents > Fireplace Mantels
DJ09049,Decoration > Home Accents > Fireplace Mantels
J22052,Decoration > Artistic Ornaments > Pedestals
J22050,Decoration > Artistic Ornaments > Pedestals
J22047,Decoration > Artistic Ornaments > Pedestals
J22045,Decoration > Artistic Ornaments > Pedestals
J21015,Decoration > Artistic Ornaments > Pedestals
J21002,Decoration > Artistic Ornaments > Pedestals
J19201,Decoration > Artistic Ornaments > Pedestals
J19158,Decoration > Artistic Ornaments > Pedestals
J18029,Decoration > Artistic Ornaments > Pedestals
J12022,Decoration > Artistic Ornaments > Pedestals
DJ09009,Decoration > Artistic Ornaments > Pedestals
D342/GREY,Decoration > Artistic Ornaments > Pedestals
34789EM,Decoration > Artistic Ornaments > Miscellaneous
34489SP,Decoration > Artistic Ornaments > Miscellaneous
34462SP,Decoration > Artistic Ornaments > Miscellaneous
34379SP,Decoration > Artistic Ornaments > Miscellaneous
34304EM,Decoration > Artistic Ornaments > Miscellaneous
34304EBN/SG,Decoration > Artistic Ornaments > Miscellaneous
34273RED,Decoration > Artistic Ornaments > Miscellaneous
34273EBN,Decoration > Artistic Ornaments > Miscellaneous
34187EM,Decoration > Artistic Ornaments > Miscellaneous
34186EM,Decoration > Artistic Ornaments > Miscellaneous
34108GJWI,Decoration > Artistic Ornaments > Miscellaneous
34108EM,Decoration > Artistic Ornaments > Miscellaneous
34000EBN,Decoration > Artistic Ornaments > Miscellaneous
34000BSC,Decoration > Artistic Ornaments > Miscellaneous
33982EMD,Decoration > Artistic Ornaments > Miscellaneous
33905EMD,Decoration > Artistic Ornaments > Miscellaneous
33882MLSC/GR,Decoration > Artistic Ornaments > Miscellaneous
33687NF15,Decoration > Artistic Ornaments > Miscellaneous
33459GMLSC/C,Decoration > Artistic Ornaments > Miscellaneous
33350BSC,Decoration > Artistic Ornaments > Miscellaneous
33111EM,Decoration > Artistic Ornaments > Miscellaneous
33111EBN,Decoration > Artistic Ornaments > Miscellaneous
33046EM,Decoration > Artistic Ornaments > Miscellaneous
33046EBN,Decoration > Artistic Ornaments > Miscellaneous
12621EM,Decoration > Artistic Ornaments > Miscellaneous
12594EM,Decoration > Artistic Ornaments > Miscellaneous
12262PBL,Decoration > Artistic Ornaments > Miscellaneous
12262EM,Decoration > Artistic Ornaments > Miscellaneous
11268EM,Decoration > Artistic Ornaments > Miscellaneous
34875NF9,Decoration > Home Accents > Mirrors
34871NF9,Decoration > Home Accents > Mirrors
34864NF9,Decoration > Home Accents > Mirrors
34844NF9,Decoration > Home Accents > Mirrors
34843NF9,Decoration > Home Accents > Mirrors
34760SG,Decoration > Home Accents > Mirrors
34760NF9,Decoration > Home Accents > Mirrors
34760NF15,Decoration > Home Accents > Mirrors
34674CHAMP,Decoration > Home Accents > Mirrors
34486SP,Decoration > Home Accents > Mirrors
34432NF9,Decoration > Home Accents > Mirrors
34403NF9,Decoration > Home Accents > Mirrors
34403NF15,Decoration > Home Accents > Mirrors
34403EM,Decoration > Home Accents > Mirrors
34367SP-091,Decoration > Home Accents > Mirrors
34334NF9,Decoration > Home Accents > Mirrors
34289EBN,Decoration > Home Accents > Mirrors
34287NF9,Decoration > Home Accents > Mirrors
34287EM/NF11,Decoration > Home Accents > Mirrors
34286NF9,Decoration > Home Accents > Mirrors
34243SP,Decoration > Home Accents > Mirrors
34194EM/NF9,Decoration > Home Accents > Mirrors
34134SP,Decoration > Home Accents > Mirrors
34097EM/NF9,Decoration > Home Accents > Mirrors
34056NF9,Decoration > Home Accents > Mirrors
34056NF15,Decoration > Home Accents > Mirrors
34050SP,Decoration > Home Accents > Mirrors
33958JWI,Decoration > Home Accents > Mirrors
33958EM/NF11,Decoration > Home Accents > Mirrors
33945EM/NF11,Decoration > Home Accents > Mirrors
33939NF15,Decoration > Home Accents > Mirrors
33852NF9,Decoration > Home Accents > Mirrors
33852EM/NF11,Decoration > Home Accents > Mirrors
33756NF9,Decoration > Home Accents > Mirrors
33756NF2,Decoration > Home Accents > Mirrors
33749NF9,Decoration > Home Accents > Mirrors
33749EM,Decoration > Home Accents > Mirrors
33713EMD,Decoration > Home Accents > Mirrors
33663M,Decoration > Home Accents > Mirrors
33649JWI/NF9,Decoration > Home Accents > Mirrors
33647MLSC,Decoration > Home Accents > Mirrors
33501FMLSC,Decoration > Home Accents > Mirrors
33469GMLSC,Decoration > Home Accents > Mirrors
33290NWN,Decoration > Home Accents > Mirrors
33290NF11,Decoration > Home Accents > Mirrors
33216NF9,Decoration > Home Accents > Mirrors
31821/M-6,Decoration > Home Accents > Mirrors
31820/M-6,Decoration > Home Accents > Mirrors
11907NWN,Decoration > Home Accents > Mirrors
11907NF9,Decoration > Home Accents > Mirrors
11080NF9,Decoration > Home Accents > Mirrors
11080NF15,Decoration > Home Accents > Mirrors
34408SP,Decoration > Artistic Ornaments > Pedestals
34036SG/BL,Decoration > Artistic Ornaments > Pedestals
34036EBN,Decoration > Artistic Ornaments > Pedestals
34036BSC,Decoration > Artistic Ornaments > Pedestals
33893MLSC/NF11,Decoration > Artistic Ornaments > Pedestals
33893GJWI,Decoration > Artistic Ornaments > Pedestals
33442MLSC,Decoration > Artistic Ornaments > Pedestals
33441EM,Decoration > Artistic Ornaments > Pedestals
33441EBN/NF9,Decoration > Artistic Ornaments > Pedestals
33441AM,Decoration > Artistic Ornaments > Pedestals
31931/M-6,Decoration > Artistic Ornaments > Pedestals
31931/EM-6,Decoration > Artistic Ornaments > Pedestals
