EUR-04-0297,Cabinets
EUR-04-0313,Cabinets
EUR-04-0490,Cabinets
EUR-04-0488,Cabinets
EUR-04-0476,Credenzas & Sideboards
EUR-04-0475,Credenzas & Sideboards
EUR-04-0462,Credenzas & Sideboards
EUR-04-0446,Credenzas & Sideboards
EUR-04-0373,Cabinets
EUR-04-0483,Cabinets
EUR-04-0453,Credenzas & Sideboards
EUR-04-0412,Cabinets
EUR-04-0443,Credenzas & Sideboards
EUR-04-0361,Credenzas & Sideboards
EUR-04-0526,Credenzas & Sideboards
EUR-04-0305,Cabinets
EUR-04-0302,Cabinets
EUR-04-0400,Credenzas & Sideboards
EUR-04-0358,Credenzas & Sideboards
EUR-04-0495,Credenzas & Sideboards
EUR-04-0312,Credenzas & Sideboards
EUR-04-0279,Cabinets
EUR-04-0459,Credenzas & Sideboards
EUR-04-0482,Credenzas & Sideboards
EUR-04-0452,Credenzas & Sideboards
EUR-04-0478,Display Cabinets
EUR-04-0448,Credenzas & Sideboards
EUR-04-0401,Cabinets
EUR-04-0388,Credenzas & Sideboards
EUR-04-0384,Cabinets
EUR-04-0489,Credenzas & Sideboards
EUR-04-0147,Cabinets
EUR-04-0164,Cabinets
EUR-04-0395,Credenzas & Sideboards
EUR-01-0280,Chests
EUR-01-0306,Nightstands
EUR-01-0283,Cabinets
EUR-01-0251,Chests
EUR-01-0278,Tables > Occasional Tables
EUR-01-0286,Chests
EUR-01-0285,Chests
EUR-01-0302,Chests
EUR-02-0244,Tables > Console Tables
EUR-02-0286,Tables > Console Tables
EUR-02-0175,Tables > Console Tables
EUR-02-0185,Desks
EUR-02-0156,Tables > Console Tables
EUR-02-0265,Tables > Console Tables
EUR-03-0647,Tables > Cocktail Tables
EUR-03-0663,Tables > Cocktail Tables
EUR-03-0583,Tables > Cocktail Tables
EUR-03-0424,Tables > Cocktail Tables
EUR-03-0668,Tables > Cocktail Tables
EUR-03-0657,Tables > Cocktail Tables
EUR-03-0652,Tables > Cocktail Tables
EUR-03-0673,Tables > Cocktail Tables
EUR-03-0676,Tables > Occasional Tables
EUR-03-0575,Tables > Cocktail Tables
EUR-03-0505,Tables > Cocktail Tables
EUR-03-0511,Tables > Cocktail Tables
EUR-08-0070,Accessories > Pedestals
AMF-1420-WHTE-AS,Seating > Benches & Ottomans
JRL-9207,Lighting > Table Lamps
JRL-9636,Lighting > Table Lamps
JRL-9635,Lighting > Table Lamps
JRL-9634,Lighting > Table Lamps
JRL-9563,Lighting > Table Lamps
JRL-9084,Lighting > Table Lamps
JRL-9198,Lighting > Table Lamps
JRL-9196,Lighting > Table Lamps
JRL-9327,Lighting > Table Lamps
JRL-9326,Lighting > Table Lamps
JRL-9521,Lighting > Table Lamps
JRL-9231,Lighting > Table Lamps
AMF-1400-B191-AS,Seating > Benches & Ottomans
JFD-0098,Tables > Cocktail Tables
EUR-03-0746,Tables > Cocktail Tables
JRA-10959,Art > Sculptures > Bronze
JRA-10960,Art > Sculptures > Bronze
JRA-10961,Art > Sculptures > Bronze
JRL-9799,Lighting > Table Lamps
JRL-9419,Lighting > Table Lamps
JRL-9421,Lighting > Table Lamps
JRL-9332,Lighting > Table Lamps
JRL-8726,Lighting > Table Lamps
JRL-9608,Lighting > Table Lamps
JRL-9571,Lighting > Table Lamps
JRL-9592,Lighting > Table Lamps
JRL-9797,Lighting > Table Lamps
JRL-9559,Lighting > Table Lamps
JRL-9735,Lighting > Table Lamps
JRL-9734,Lighting > Table Lamps
JRL-9593,Lighting > Table Lamps
JRL-9137,Lighting > Table Lamps
JRL-9698,Lighting > Table Lamps
JRL-8854,Lighting > Table Lamps
JRL-9443,Lighting > Table Lamps
JRL-8990,Lighting > Table Lamps
JRL-9626,Lighting > Table Lamps
JRL-9627,Lighting > Table Lamps
JRL-9761,Lighting > Table Lamps
JRL-9696,Lighting > Table Lamps
JRL-9697,Lighting > Table Lamps
JRL-10092,Lighting > Floor Lamps
JRL-10047,Lighting > Table Lamps
JRL-10048,Lighting > Floor Lamps
JRL-9089,Lighting > Table Lamps
JRL-8776,Lighting > Table Lamps
JRL-8344,Lighting > Table Lamps
AJL-0251,Lighting > Table Lamps
JRL-8373,Lighting > Table Lamps
JRL-9094,Lighting > Table Lamps
JRL-9590,Lighting > Table Lamps
JRL-9610,Lighting > Table Lamps
JRL-9540,Lighting > Table Lamps
JRL-9513,Lighting > Table Lamps
JRL-9395,Lighting > Table Lamps
JRL-9394,Lighting > Table Lamps
JRL-8718,Lighting > Table Lamps
JRL-9680,Lighting > Table Lamps
JRL-9679,Lighting > Table Lamps
JRL-8979,Lighting > Table Lamps
JRL-9789,Lighting > Table Lamps
JRL-9880,Lighting > Floor Lamps
JRL-9788,Lighting > Table Lamps
JRL-8865,Lighting > Table Lamps
JRL-9711,Lighting > Table Lamps
JRL-9248,Lighting > Table Lamps
JRL-9366,Lighting > Table Lamps
JRL-9793,Lighting > Table Lamps
JRL-9602,Lighting > Table Lamps
JRL-9732,Lighting > Table Lamps
JRL-9641,Lighting > Table Lamps
JRL-9582,Lighting > Table Lamps
JRL-8981,Lighting > Floor Lamps
JRL-9393,Lighting > Floor Lamps
AJC-9040,Lighting > Chandeliers
AJC-9039,Lighting > Chandeliers
AJC-9041,Lighting > Chandeliers
AJC-9042,Lighting > Wall Sconces
AJC-9038,Lighting > Wall Sconces
AJC-8834,Lighting > Chandeliers
AJC-8832,Lighting > Chandeliers
AJC-8888,Lighting > Chandeliers
AJC-8999,Lighting > Pendants
JRL-9391,Lighting > Floor Lamps
AJC-8886,Lighting > Wall Sconces
AJC-8792,Lighting > Semi-Flush
AJC-8796,Lighting > Wall Sconces
AJC-8816,Lighting > Chandeliers
AJC-8815,Lighting > Chandeliers
AJC-8818,Lighting > Wall Sconces
AJC-8884,Lighting > Chandeliers
AJC-8885,Lighting > Chandeliers
AJC-8880,Lighting > Wall Sconces
AJC-8879,Lighting > Wall Sconces
AJC-9057,Lighting > Chandeliers
AJC-8980,Lighting > Chandeliers
AJC-8982,Lighting > Chandeliers
AJC-8981,Lighting > Chandeliers
AJC-8983,Lighting > Wall Sconces
AJC-8918,Lighting > Wall Sconces
AJC-8828,Lighting > Chandeliers
AJC-9021,Lighting > Pendants
AJC-8875,Lighting > Pendants
AJC-8871,Lighting > Wall Sconces
AJC-8987,Lighting > Wall Sconces
AJC-8985,Lighting > Pendants
AJC-8984,Lighting > Semi-Flush
AJC-8680,Lighting > Chandeliers
AJC-8877,Lighting > Chandeliers
AJC-8925,Lighting > Chandeliers
AJC-8743,Lighting > Chandeliers
AJC-9015,Lighting > Pendants
AJC-8772,Lighting > Chandeliers
AJC-9022,Lighting > Pendants
AJC-8824,Lighting > Semi-Flush
AJC-8955,Lighting > Chandeliers
AJC-8740,Lighting > Wall Sconces
AJC-8742,Lighting > Wall Sconces
AJC-9023,Lighting > Pendants
JRA-10580,Accessories > Pedestals
JRA-10579,Accessories > Pedestals
JRA-10627,Tables > Occasional Tables
JRA-10450,Tables > Occasional Tables
JRA-10713,Tables > Occasional Tables
JRA-10756,Tables > Occasional Tables
JRA-10139,Tables > Occasional Tables
JRB-3734W,Accessories > Silk Flowers
JRB-3946W,Accessories > Silk Flowers
JRB-3437,Accessories > Silk Flowers
JRB-3555W,Accessories > Silk Flowers
JRB-3517W,Accessories > Silk Flowers
JRB-3819,Accessories > Silk Flowers
JRB-3850,Accessories > Silk Flowers
JRB-3849,Accessories > Silk Trees
JRB-2774,Accessories > Silk Flowers
JRB-2502W,Accessories > Silk Flowers
JRB-2843W,Accessories > Silk Flowers
JRB-3378W,Accessories > Silk Flowers
JRB-3363,Accessories > Silk Trees
JRB-3091,Accessories > Silk Trees
JRB-3407,Accessories > Silk Trees
JRB-2139,Accessories > Silk Trees
JRB-2772,Accessories > Silk Trees
JRM-0939,Accessories > Mirrors
JRA-10349S2,Accessories > Bookends
JRM-0384,Accessories > Mirrors
JRM-0383,Accessories > Mirrors
JRM-0422,Accessories > Mirrors
JRM-0762,Accessories > Mirrors
JRM-0931,Accessories > Mirrors
JRM-0703,Accessories > Mirrors
JRM-0687,Accessories > Mirrors
JRM-0880,Accessories > Mirrors
JRM-0904,Accessories > Mirrors
JRM-0833,Accessories > Mirrors
JRM-0874,Accessories > Mirrors
JRM-0671,Accessories > Mirrors
JRM-0929S3,Accessories > Mirrors
JRM-0248,Accessories > Mirrors
JRM-0702,Accessories > Mirrors
JRM-0830,Accessories > Mirrors
GBG-0664,Art > Paintings
GBG-1456A,Art > Paintings
GBG-1456B,Art > Paintings
GBG-1479,Art > Paintings
GBG-1412,Art > Paintings
GBG-1558,Art > Paintings
GBG-1457,Art > Paintings
GBG-0480,Art > Paintings
GBG-1940,Art > Paintings
GBG-1678,Art > Paintings
GBG-1367,Art > Paintings
GBG-1146,Art > Paintings
GBG-0567,Art > Paintings
GBG-1058,Art > Paintings
1008,"Tables > Center Tables, Showroom Inventory"
AJC-9248,Lighting > Wall Sconces
AJC-9244,Lighting > Chandeliers
AJC-9243,Lighting > Chandeliers
AJC-9240,Lighting > Semi-Flush
AJC-9239,Lighting > Pendants
AJC-9236,Lighting > Chandeliers
AJC-9234,Lighting > Chandeliers
AJC-9233,Lighting > Chandeliers
AJC-9232,Lighting > Wall Sconces
AJC-9231,Lighting > Pendants
AJC-9230,Lighting > Chandeliers
AJC-9228,Lighting > Chandeliers
AJC-9227,Lighting > Wall Sconces
AJC-9226,Lighting > Semi-Flush
AJC-9225,Lighting > Chandeliers
AJC-9224,Lighting > Chandeliers
AJC-9223,Lighting > Chandeliers
AJC-9222,Lighting > Chandeliers
AJC-9221,Lighting > Pendants
AJC-9220,Lighting > Chandeliers
AJC-9219,Lighting > Chandeliers
AJC-9216,Lighting > Wall Sconces
AJC-9215,Lighting > Wall Sconces
AJC-9212,Lighting > Wall Sconces
AJC-9211,Lighting > Wall Sconces
AJC-9210,Lighting > Wall Sconces
AJC-9207,Lighting > Chandeliers
DSCN1451,"Lighting > Table Lamps, Showroom Inventory"
GBG-1144A,Art > Wall Art
GBG-1144B,Art > Wall Art
GAL-1522,"Lighting > Table Lamps, Showroom Inventory"
GBG-1735,Art > Paintings
CBC-1171HJ-61X46-F15-AS,Art > Paintings
CBC-1172HJ-61X46-F15-AS,Art > Paintings
AMF-1671-BLCK-AS,Seating > Benches & Ottomans
AMF-1670-WHTE-AS,Seating > Benches & Ottomans
AMF-1669V225-2164-AS,Seating > Benches & Ottomans
AMF-1675V225-2164-AS,Seating > Benches & Ottomans
AMF-1672-WHTE-AS,Seating > Benches & Ottomans
AMF-1664-4065-AS,Seating > Benches & Ottomans
AMF-1663-3041-AS,Seating > Benches & Ottomans
AMF-1656-2185-AS,Seating > Benches & Ottomans
AMF-1632V229-2192-AS,Seating > Benches & Ottomans
AMF-1632V64-ACPW-AS,Seating > Benches & Ottomans
AMF-1627V100-2164-AS,Seating > Benches & Ottomans
AMF-1626-2192-AS,Seating > Benches & Ottomans
AMF-1614-WHTE-AS,Seating > Benches & Ottomans
AMF-1613-WHTE-AS,Seating > Benches & Ottomans
JRL-10188,Lighting > Table Lamps
JRA-11733,Accessories > Trays
EUR-03-0755,Tables > End Tables
AMF-1637V228S-ACPW-AS,Seating > Occasional Chairs
AMF-1633V226-2193-AS,Seating > Occasional Chairs
GBG-1800,Art > Paintings
EUR-06-0019,Beds
EUR-03-0656,Nightstands
GBG-1519S4,Art > Wall Art
JRA-9468,Accessories > Trays
EUR-04-0553,Credenzas & Sideboards
EUR-04-0612,Credenzas & Sideboards
EUR-04-0621,Cabinets
EUR-04-0555,Credenzas & Sideboards
EUR-04-0567,Credenzas & Sideboards
EUR-04-0413,Cabinets
JRL-10304,Lighting > Table Lamps
JRA-12061S2,Accessories > Vases
EUR-04-0568,Credenzas & Sideboards
AMF-1564-2136-AS,Seating > Benches & Ottomans
GBG-1755,Art > Paintings
JRA-10962,Accessories > Trays
EUR-04-0630,Cabinets
EUR-04-0634,Credenzas & Sideboards
EUR-04-0641,Credenzas & Sideboards
EUR-04-0643,Credenzas & Sideboards
EUR-04-0646,Credenzas & Sideboards
EUR-04-0647,Cabinets
EUR-04-0648,Credenzas & Sideboards
EUR-01-0401,Chests
EUR-01-0404,Chests
EUR-01-0408,Chests
EUR-01-0409,Credenzas & Sideboards
EUR-01-0397,Credenzas & Sideboards
EUR-04-0602,Cabinets
EUR-04-0607,Credenzas & Sideboards
EUR-04-0608,Credenzas & Sideboards
EUR-04-0614,Credenzas & Sideboards
EUR-04-0615,Credenzas & Sideboards
EUR-04-0620,Cabinets
EUR-04-0622,Credenzas & Sideboards
EUR-04-0632,Credenzas & Sideboards
EUR-04-0502,Credenzas & Sideboards
EUR-04-0522,Cabinets
EUR-04-0523,Cabinets
EUR-04-0524,Cabinets
EUR-04-0531,Credenzas & Sideboards
EUR-04-0532,Credenzas & Sideboards
EUR-04-0539,Credenzas & Sideboards
EUR-04-0544,Credenzas & Sideboards
EUR-04-0549,Credenzas & Sideboards
EUR-04-0557,Cabinets
EUR-04-0558,Credenzas & Sideboards
EUR-04-0562,Credenzas & Sideboards
EUR-04-0564,Credenzas & Sideboards
EUR-04-0569,Credenzas & Sideboards
EUR-04-0573,Cabinets
EUR-04-0577,Credenzas & Sideboards
EUR-04-0581,Credenzas & Sideboards
EUR-04-0582,Credenzas & Sideboards
EUR-04-0586,Credenzas & Sideboards
EUR-04-0598,Cabinets
EUR-04-0599,Credenzas & Sideboards
EUR-04-0437,Display Cabinets
EUR-04-0449,Credenzas & Sideboards
EUR-04-0485,Credenzas & Sideboards
EUR-04-0487,Cabinets
EUR-01-0402,Chests
EUR-04-0416,Credenzas & Sideboards
EUR-04-0417,Chests
EUR-01-0310,Chests
EUR-01-0313,Nightstands
EUR-01-0327,Chests
EUR-01-0335,Chests
EUR-01-0337,Chests
EUR-01-0344,Chests
EUR-01-0345,Nightstands
EUR-01-0348,Nightstands
EUR-01-0350,Chests
EUR-01-0362,Nightstands
EUR-01-0364,Dressers
EUR-01-0366,Nightstands
EUR-01-0369,Chests
EUR-01-0374,Nightstands
EUR-01-0376,Chests
EUR-01-0378,Nightstands
EUR-01-0379,Nightstands
EUR-01-0380,Nightstands
EUR-01-0381,Chests
EUR-01-0383,Chests
EUR-01-0384,Chests
EUR-01-0385,Nightstands
EUR-01-0386,Nightstands
EUR-01-0388,Nightstands
EUR-01-0390,Chests
EUR-01-0391,Dressers
EUR-01-0392,Nightstands
EUR-01-0224,Chests
EUR-01-0262,Chests
EUR-01-0268,Chests
EUR-02-0323,Tables > Console Tables
JRA-12020,"Accessories > Centerpieces, Accessories > Décor"
JRL-10107,Lighting > Table Lamps
JRA-11532,Accessories > Vases
JRA-11531,Accessories > Vases
GBG-1975B,Art > Wall Art
GBG-1975A,Art > Wall Art
JRA-11303,Accessories > Trays
JFD-0123,Tables > End Tables
JFD-0120,Tables > Console Tables
GBG-1753,Art > Paintings
AMQ-1301Q01-2137-AS,Seating > Sofas
JRA-8286,Accessories > Candelabras
JRA-8287,Accessories > Candelabras
JRB-4356,Accessories > Silk Flowers
AJC-9139,Lighting > Chandeliers
AJC-9108,Lighting > Chandeliers
EUR-04-0505,Credenzas & Sideboards
AJC-9085,Lighting > Chandeliers
JRL-10327,Lighting > Table Lamps
JRL-10312,Lighting > Table Lamps
JRL-10275,Lighting > Table Lamps
JRL-10257,Lighting > Table Lamps
JRL-10266,Lighting > Table Lamps
JRL-9993,Lighting > Table Lamps
JRL-9936,Lighting > Table Lamps
JRL-9478,Lighting > Table Lamps
JRL-9860,Lighting > Table Lamps
AMF-1726-2207-AS,Seating > Benches & Ottomans
AMF-1713V147-C002-AS,Seating > Sofas
AMF-1727V242-2136-AS,Seating > Benches & Ottomans
AMF-1707V227-2211-AS,Seating > Benches & Ottomans
AMF-1707V226-1128-AS,Seating > Benches & Ottomans
AMF-1703V242-3041-AS,Seating > Occasional Chairs
AMF-1702BBS-C011-AS,Seating > Sofas
AMF-1699PSS-C010-AS,Seating > Sofas
AMF-1639V147-C005-AS,Seating > Sofas
AMF-1708PSS-C010-AS,Seating > Occasional Chairs
JFD-0216,Tables > Occasional Tables
JFD-0215,Tables > Occasional Tables
JFD-0184,Tables > Occasional Tables
EUR-03-0691,Tables > Occasional Tables
JFD-0224,Tables > Cocktail Tables
JFD-0223,Tables > Cocktail Tables
JFD-0201,Tables > Occasional Tables
JFD-0200,Tables > Occasional Tables
JFD-0199,Tables > Occasional Tables
JFD-0196,Tables > Occasional Tables
JFD-0148,Tables > Console Tables
EUR-10-0123,Tables > Dining Tables
EUR-02-0318,Tables > Console Tables
EUR-03-0780,Tables > End Tables
EUR-03-0803,Tables > Cocktail Tables
EUR-08-0108,Accessories > Pedestals
EUR-08-0107,Accessories > Pedestals
EUR-08-0106,Accessories > Pedestals
EUR-08-0105,Accessories > Pedestals
EUR-06-0046,Beds
EUR-04-0682,Cabinets
EUR-04-0681,Cabinets
JRL-10329,Lighting > Table Lamps
JRA-11859,Accessories > Décor
JRA-11858,Accessories > Décor
EUR-01-0375,Chests
JRM-1000,Accessories > Mirrors
JRL-10235,Lighting > Table Lamps
JRL-10247,Lighting > Table Lamps
GBG-2432,Art > Paintings
JRO-3145,Art > Paintings
GBG-2372,Art > Paintings
GBG-1974,Art > Paintings
JRA-10838S2,Accessories > Vases
GBG-0754,Art > Paintings
AJC-9132,Lighting > Pendants
AJC-9102,Lighting > Chandeliers
AJC-9101,Lighting > Chandeliers
AJC-9117,Lighting > Chandeliers
AJC-9121,Lighting > Chandeliers
AJC-9119,Lighting > Wall Sconces
JRA-11399,Accessories > Vases
JRA-11397,Accessories > Vases
JRA-11398,Accessories > Vases
JRL-10155,Lighting > Table Lamps
JRL-10325,Lighting > Table Lamps
JRL-10181,Lighting > Table Lamps
JRA-13076,Accessories > Vases
JRA-13075,Accessories > Vases
JRA-13012,Accessories > Décor
JRA-11831,Art > Sculptures > Marble
AMF-1722V226-2207-AS,Seating > Chaises & Settees
AMF-1743V225-2190-AS,Seating > Benches & Ottomans
AMF-1741V72-2181-AS,Seating > Benches & Ottomans
AMF-1711V229-C013-AS,Seating > Sofas
AMF-1742V71-1109-AS,Seating > Benches & Ottomans
AMF-1745V242-C014-AS,Seating > Sofas
AMF-1744V226-C012-AS,Seating > Sofas
EUR-04-0690,Credenzas & Sideboards
EUR-04-0697,Credenzas & Sideboards
EUR-04-0698,Credenzas & Sideboards
EUR-04-0693,Credenzas & Sideboards
EUR-04-0689,Credenzas & Sideboards
EUR-04-0688,Credenzas & Sideboards
EUR-04-0685,Credenzas & Sideboards
EUR-04-0666,Credenzas & Sideboards
EUR-04-0664,Cabinets
EUR-04-0663,Cabinets
EUR-04-0662,Cabinets
EUR-04-0583,Cabinets
EUR-04-0551,Credenzas & Sideboards
EUR-04-0188,Credenzas & Sideboards
EUR-01-0424,Dressers
EUR-01-0422,Dressers
AJC-9269,Lighting > Chandeliers
AJC-9268,Lighting > Chandeliers
AJC-9267,Lighting > Wall Sconces
AJC-9260,Lighting > Wall Sconces
AJC-9254,Lighting > Pendants
AJC-9253,Lighting > Pendants
AJC-9252,Lighting > Pendants
AJC-9251,Lighting > Pendants
AJC-9247,Lighting > Pendants
AJC-9246,Lighting > Pendants
AJC-9245,Lighting > Pendants
AJC-9242,Lighting > Wall Sconces
AJC-9241,Lighting > Pendants
AJC-9235,Lighting > Chandeliers
AJC-9205,Lighting > Pendants
AJC-9203,Lighting > Chandeliers
AJC-9201,Lighting > Pendants
AJC-9199,Lighting > Pendants
AJC-9194,Lighting > Chandeliers
AJC-9189,Lighting > Wall Sconces
AJC-9188,Lighting > Wall Sconces
AJC-9183,Lighting > Chandeliers
AJC-9182,Lighting > Pendants
"AJC-9181
",Lighting > Chandeliers
AJC-9179,Lighting > Chandeliers
AJC-9174,Lighting > Chandeliers
AJC-9158,Lighting > Semi-Flush
AJC-9152,Lighting > Chandeliers
AJC-9151,Lighting > Semi-Flush
AJC-9141,Lighting > Wall Sconces
AJC-9137,Lighting > Chandeliers
AJC-9113,Lighting > Chandeliers
AJC-9107,Lighting > Chandeliers
AJC-9094,Lighting > Chandeliers
AJC-9093,Lighting > Chandeliers
AJC-9091,Lighting > Chandeliers
AJC-9083,Lighting > Pendants
EUR-04-0703,Credenzas & Sideboards
EUR-04-0687,Credenzas & Sideboards
EUR-04-0686,Credenzas & Sideboards
EUR-04-0684,Credenzas & Sideboards
EUR-04-0683,Cabinets
EUR-04-0674,Cabinets
EUR-04-0673,Credenzas & Sideboards
EUR-04-0671,Credenzas & Sideboards
EUR-04-0668,Credenzas & Sideboards
EUR-04-0667,Credenzas & Sideboards
EUR-04-0665,Credenzas & Sideboards
EUR-04-0661,Credenzas & Sideboards
EUR-04-0659,Cabinets
EUR-04-0658,Cabinets
EUR-04-0654,Credenzas & Sideboards
EUR-06-0646,Credenzas & Sideboards
EUR-04-0644,Credenzas & Sideboards
EUR-04-0642,Cabinets
EUR-04-0619,Cabinets
EUR-04-0617,Credenzas & Sideboards
EUR-04-0587,Credenzas & Sideboards
EUR-04-0500,Credenzas & Sideboards
EUR-04-0499,Credenzas & Sideboards
EUR-04-0423,Cabinets
EUR-04-0378,Credenzas & Sideboards
EUR-04-0377,Credenzas & Sideboards
EUR-04-0297,Cabinets
EUR-04-0192,Cabinets
EUR-04-0190,Credenzas & Sideboards
EUR-01-0407,Credenzas & Sideboards
EUR-04-0699,Chests
EUR-04-0679,Chests
EUR-04-0677,Chests
EUR-01-0453,Chests
EUR-01-0436,Chests
EUR-01-0435,Nightstands
EUR-01-0432,Chests
EUR-01-0427,Chests
EUR-01-0425,Nightstands
EUR-01-0418,Chests
EUR-01-0415,Nightstands
EUR-01-0414,Nightstands
EUR-01-0413,Chests
EUR-01-0411,Chests
EUR-01-0406,Chests
EUR-01-0403,Chests
EUR-01-0400,Nightstands
EUR-01-0370,Nightstands
EUR-01-0307,Chests
EUR-01-0097,Chests
EUR-10-0107,Tables > Dining Tables
EUR-10-0062,Tables > Dining Tables
EUR-10-0038,Tables > Dining Tables
EUR-10-0029,Tables > Dining Tables
EUR-10-0025,Tables > Dining Tables
EUR-03-0800,Tables > Occasional Tables
EUR-03-0798,Tables > Cocktail Tables
EUR-03-0789,Tables > Cocktail Tables
EUR-03-0785,Tables > Cocktail Tables
EUR-03-0776,Tables > End Tables
EUR-03-0775,Tables > End Tables
EUR-03-0772,Tables > Occasional Tables
EUR-03-0770,Tables > Cocktail Tables
EUR-03-0754,Tables > Occasional Tables
EUR-03-0743,Tables > End Tables
EUR-03-0741,Tables > Occasional Tables
EUR-03-0740,Tables > Occasional Tables
EUR-03-0734,Tables > Cocktail Tables
EUR-03-0733,Tables > Occasional Tables
EUR-03-0730,Tables > Cocktail Tables
EUR-03-0717,Tables > Occasional Tables
EUR-03-0716,Tables > Cocktail Tables
EUR-03-0700,Tables > Cocktail Tables
EUR-02-0333,Tables > Console Tables
EUR-02-0328,Tables > Console Tables
EUR-02-0315,Tables > Console Tables
EUR-02-0310,Tables > Console Tables
EUR-02-0292,Tables > Console Tables
EUR-02-0283,Tables > Occasional Tables
EUR-02-0260,Tables > Console Tables
JFD-0280,Tables > Cocktail Tables
JFD-0274,Tables > Cocktail Tables
JFD-0248,Tables > Cocktail Tables
JFD-0247,Tables > Cocktail Tables
JFD-0246,Tables > End Tables
JFD-0245,Tables > End Tables
JFD-0244,Tables > Cocktail Tables
JFD-0243,Tables > End Tables
JFD-0240,Tables > Cocktail Tables
JFD-0237,Tables > Occasional Tables
JFD-0236,Tables > Occasional Tables
JFD-0235,Tables > Occasional Tables
JFD-0234,Tables > Occasional Tables
JFD-0233,Tables > Occasional Tables
JFD-0232,Tables > Occasional Tables
JFD-0231,Tables > End Tables
JFD-0230,Tables > Occasional Tables
JFD-0229,Tables > Occasional Tables
JFD-0228,Tables > Occasional Tables
JFD-0226,Tables > Occasional Tables
JFD-0221,Tables > Occasional Tables
JFD-0220,Tables > Occasional Tables
JFD-0214,Tables > Occasional Tables
JFD-0213S2,Tables > Occasional Tables
JFD-0212,Tables > End Tables
JFD-0211S2,Tables > Occasional Tables
JFD-0209,Tables > Console Tables
JFD-0208,Tables > Console Tables
JFD-0205S2,Tables > Occasional Tables
JFD-0204,Tables > Occasional Tables
JFD-0203,Tables > End Tables
JFD-0202,Tables > End Tables
JFD-0198,Tables > Console Tables
JFD-0197,Tables > Occasional Tables
JFD-0194,Tables > Occasional Tables
JFD-0192,Tables > Occasional Tables
JFD-0191,Tables > Occasional Tables
JFD-0189,Tables > Occasional Tables
JFD-0187,Tables > Occasional Tables
JFD-0182,Tables > Console Tables
JFD-0179,Tables > Cocktail Tables
JFD-0177,Tables > Occasional Tables
JFD-0172,Tables > Occasional Tables
JFD-0168,Tables > Occasional Tables
JFD-0164,Tables > Occasional Tables
JFD-0163,Tables > Occasional Tables
JFD-0162,Tables > Console Tables
JFD-0160,Tables > End Tables
JFD-0157,Tables > Occasional Tables
JFD-0142,Tables > Console Tables
JFD-0140,Tables > Cocktail Tables
JFD-0138,Tables > End Tables
JFD-0131,Tables > End Tables
JFD-0129,Tables > End Tables
JFD-0128,Tables > Occasional Tables
JFD-0127,Tables > Cocktail Tables
JFD-0125,Tables > Cocktail Tables
JFD-0122,Tables > End Tables
JFD-0121,Tables > Occasional Tables
JFD-0119,Tables > Console Tables
JFD-0116,Tables > Occasional Tables
JFD-0113,Tables > Occasional Tables
JFD-0107,Tables > Occasional Tables
JFD-0096,Tables > Occasional Tables
JFD-0093,Tables > Occasional Tables
JFD-0087,Tables > Occasional Tables
JFD-0086,Tables > Occasional Tables
JFD-0082,Tables > End Tables
JFD-0079,Tables > End Tables
JFD-0078,Tables > End Tables
JFD-0049,Tables > Cocktail Tables
AJC-9300,Lighting > Chandeliers
AJC-9299,Lighting > Chandeliers
AJC-9298,Lighting > Pendants
AJC-9297,Lighting > Pendants
AJC-9296,Lighting > Pendants
AJC-9295,Lighting > Pendants
AJC-9294,Lighting > Wall Sconces
AJC-9293,Lighting > Chandeliers
AJC-9292,Lighting > Chandeliers
AJC-9291,Lighting > Chandeliers
AJC-9287,Lighting > Chandeliers
AJC-9286,Lighting > Chandeliers
AJC-9284,Lighting > Wall Sconces
AJC-9283,Lighting > Flush Mounts
AJC-9282,Lighting > Chandeliers
AJC-9281,Lighting > Chandeliers
AJC-9279,Lighting > Pendants
AJC-9278,Lighting > Pendants
AJC-9266,Lighting > Pendants
AJC-9265,Lighting > Wall Sconces
AJC-9263,Lighting > Wall Sconces
AJC-9262,Lighting > Wall Sconces
AJC-9250,Lighting > Wall Sconces
AJC-9238,Lighting > Wall Sconces
AJC-9237,Lighting > Pendants
AJC-9218,Lighting > Wall Sconces
AJC-9209,Lighting > Wall Sconces
AJC-9180,Lighting > Chandeliers
AJC-9171,Lighting > Chandeliers
AJC-9160,Lighting > Chandeliers
AJC-9159,Lighting > Chandeliers
AJC-9157,Lighting > Chandeliers
AJC-9156,Lighting > Chandeliers
AJC-9150,Lighting > Pendants
AJC-9143,Lighting > Wall Sconces
AJV-9137,Lighting > Chandeliers
AJC-9131,Lighting > Pendants
AJC-9130,Lighting > Wall Sconces
AJC-9129,Lighting > Wall Sconces
AJC-9127,Lighting > Wall Sconces
AJC-9126,Lighting > Wall Sconces
AJC-9124,Lighting > Wall Sconces
AJC-9123,Lighting > Wall Sconces
AJC-9116,Lighting > Wall Sconces
AJC-9115,Lighting > Chandeliers
AJC-9114,Lighting > Chandeliers
AJC-9106,Lighting > Wall Sconces
AJC-9105,Lighting > Chandeliers
AJC-9082,Lighting > Chandeliers
AJC-9081,Lighting > Chandeliers
AJC-9080,Lighting > Chandeliers
AJC-8965,Lighting > Wall Sconces
AJC-8909,Lighting > Wall Sconces
AJC-8851,Lighting > Wall Sconces
AJC-8850,Lighting > Chandeliers
AJC-8849,Lighting > Chandeliers
JFD-0147S3,Art > Wall Art
JRA-13305,Accessories > Vases
JRA-13303,Accessories > Vases
JRA-13296,Accessories > Trays
JRA-13295,Accessories > Trays
JRA-13247,Accessories > Vases
JRA-13229,Accessories > Vases
JRA-13227,Accessories > Vases
JRA-13226,Accessories > Trays
JRA-13194,Accessories > Vases
JRA-13162,Accessories > Sculptures
JRA-13153,Accessories > Sculptures
JRA-13152,Accessories > Sculptures
JRA-13151,Accessories > Sculptures
JRA-13150,Accessories > Sculptures
JRA-13145,Accessories > Sculptures
JRA-13144,Accessories > Trays
JRA-13139,Accessories > Trays
JRA-13128,Art > Sculptures
JRA-13127,Art > Sculptures
JRA-13126,Accessories > Trays
JRA-13100,Art > Sculptures
JRA-13099,Accessories > Candelabras
JRA-13081,Accessories > Decor
JRA-13034,Accessories > Decor
,
,
,
,
,
,
,
,
,
,
,
,
,
,
,
,
,
,
,
,
,
,
,
,
,
,
,
,
,
,
,
,
,
,
,
,
,
,
,
,
,
,
,
,
,
,
,
,
,
,
,
,
,
,
,
,
,
,
,
,
,
,
,
,
,
,
,
,
,
,
,
,
,
,
,
,
,
,
,
,
,
,
,
,
,
,
,
,
,
,
,
,
,
,
,
,
,
,
,
,
,
,
,
,
,
,
,
,
