EUR-04-0476,Furniture > Dining > Credenzas Sideboards & Buffets
EUR-04-0475,Furniture > Dining > Credenzas Sideboards & Buffets
EUR-04-0462,Furniture > Dining > Credenzas Sideboards & Buffets
EUR-04-0446,Furniture > Dining > Credenzas Sideboards & Buffets
EUR-04-0373,Furniture > Living > Cabinets
EUR-04-0483,Furniture > Living > Cabinets
EUR-04-0453,Furniture > Dining > Credenzas Sideboards & Buffets
EUR-04-0412,Furniture > Living > Cabinets
EUR-04-0443,Furniture > Dining > Credenzas Sideboards & Buffets
EUR-04-0361,Furniture > Dining > Credenzas Sideboards & Buffets
EUR-04-0526,Furniture > Dining > Credenzas Sideboards & Buffets
EUR-04-0400,Furniture > Dining > Credenzas Sideboards & Buffets
EUR-04-0358,Furniture > Dining > Credenzas Sideboards & Buffets
EUR-04-0495,Furniture > Dining > Credenzas Sideboards & Buffets
EUR-04-0312,Furniture > Dining > Credenzas Sideboards & Buffets
EUR-04-0279,Furniture > Living > Cabinets
EUR-04-0459,Furniture > Dining > Credenzas Sideboards & Buffets
EUR-04-0482,Furniture > Dining > Credenzas Sideboards & Buffets
EUR-04-0452,Furniture > Dining > Credenzas Sideboards & Buffets
EUR-04-0478,Furniture > Living > Cabinets
EUR-04-0448,Furniture > Dining > Credenzas Sideboards & Buffets
EUR-04-0401,Furniture > Living > Cabinets
EUR-04-0388,Furniture > Dining > Credenzas Sideboards & Buffets
EUR-04-0384,Furniture > Living > Cabinets
EUR-04-0489,Furniture > Dining > Credenzas Sideboards & Buffets
EUR-04-0147,Furniture > Living > Cabinets
EUR-04-0164,Furniture > Living > Cabinets
EUR-04-0395,Furniture > Dining > Credenzas Sideboards & Buffets
EUR-01-0280,Furniture > Bedroom > Chests
EUR-01-0306,Furniture > Bedroom > Nightstands
EUR-01-0283,Furniture > Living > Cabinets
EUR-01-0251,Furniture > Bedroom > Chests
EUR-01-0278,Furniture > Living > Tables > Occasional Tables
EUR-01-0286,Furniture > Bedroom > Chests
EUR-01-0285,Furniture > Bedroom > Chests
EUR-01-0302,Furniture > Bedroom > Chests
EUR-02-0244,Furniture > Living > Tables > Console Tables
EUR-02-0286,Furniture > Living > Tables > Console Tables
EUR-02-0175,Furniture > Living > Tables > Console Tables
EUR-02-0185,Furniture > Living > Desks
EUR-02-0156,Furniture > Living > Tables > Console Tables
EUR-02-0265,Furniture > Living > Tables > Console Tables
EUR-03-0647,Furniture > Living > Tables > Cocktail Tables
EUR-03-0663,Furniture > Living > Tables > Cocktail Tables
EUR-03-0583,Furniture > Living > Tables > Cocktail Tables
EUR-03-0424,Furniture > Living > Tables > Cocktail Tables
EUR-03-0668,Furniture > Living > Tables > Cocktail Tables
EUR-03-0657,Furniture > Living > Tables > Cocktail Tables
EUR-03-0652,Furniture > Living > Tables > Cocktail Tables
EUR-03-0676,Furniture > Living > Tables > Occasional Tables
EUR-03-0575,Furniture > Living > Tables > Cocktail Tables
EUR-03-0505,Furniture > Living > Tables > Cocktail Tables
EUR-08-0070,Decoration > Artistic Ornaments > Pedestals
AMF-1420-WHTE-AS,Furniture > Living > Benches & Ottomans
JRL-9207,Lighting > Table Lamps
JRL-9636,Lighting > Table Lamps
JRL-9635,Lighting > Table Lamps
JRL-9634,Lighting > Table Lamps
JRL-9563,Lighting > Table Lamps
JRL-9084,Lighting > Table Lamps
JRL-9198,Lighting > Table Lamps
JRL-9196,Lighting > Table Lamps
JRL-9327,Lighting > Table Lamps
JRL-9326,Lighting > Table Lamps
JRL-9521,Lighting > Table Lamps
JRL-9231,Lighting > Table Lamps
AMF-1400-B191-AS,Furniture > Living > Benches & Ottomans
JFD-0098,Furniture > Living > Tables > Cocktail Tables
"JRA-10959",Decoration > Artistic Ornaments > Sculptures
JRA-10960,Decoration > Artistic Ornaments > Sculptures
JRA-10961,Decoration > Artistic Ornaments > Sculptures
JRL-9799,Lighting > Table Lamps
JRL-9419,Lighting > Table Lamps
JRL-9421,Lighting > Table Lamps
JRL-9332,Lighting > Table Lamps
JRL-8726,Lighting > Table Lamps
JRL-9608,Lighting > Table Lamps
JRL-9571,Lighting > Table Lamps
JRL-9797,Lighting > Table Lamps
JRL-9559,Lighting > Table Lamps
JRL-9734,Lighting > Table Lamps
JRL-9593,Lighting > Table Lamps
"JRL-9137",Lighting > Table Lamps
JRL-9698,Lighting > Table Lamps
JRL-8854,Lighting > Table Lamps
JRL-8990,Lighting > Table Lamps
JRL-9626,Lighting > Table Lamps
JRL-9627,Lighting > Table Lamps
JRL-9761,Lighting > Table Lamps
JRL-9696,Lighting > Table Lamps
JRL-9697,Lighting > Table Lamps
JRL-10092,Lighting > Floor Lamps
JRL-10047,Lighting > Table Lamps
JRL-10048,Lighting > Floor Lamps
JRL-9089,Lighting > Table Lamps
JRL-8344,Lighting > Table Lamps
AJL-0251,Lighting > Table Lamps
JRL-8373,Lighting > Table Lamps
JRL-9094,Lighting > Table Lamps
JRL-9610,Lighting > Table Lamps
JRL-9540,Lighting > Table Lamps
JRL-9513,Lighting > Table Lamps
JRL-9395,Lighting > Table Lamps
JRL-9394,Lighting > Table Lamps
JRL-8718,Lighting > Table Lamps
JRL-9680,Lighting > Table Lamps
JRL-9679,Lighting > Table Lamps
JRL-8979,Lighting > Table Lamps
JRL-9789,Lighting > Table Lamps
JRL-9880,Lighting > Floor Lamps
JRL-9788,Lighting > Table Lamps
JRL-8865,Lighting > Table Lamps
JRL-9711,Lighting > Table Lamps
JRL-9248,Lighting > Table Lamps
JRL-9366,Lighting > Table Lamps
JRL-9732,Lighting > Table Lamps
JRL-9641,Lighting > Table Lamps
JRL-9582,Lighting > Table Lamps
JRL-8981,Lighting > Floor Lamps
JRL-9393,Lighting > Floor Lamps
AJC-9041,Lighting > Chandeliers
AJC-9042,Lighting > Wall Sconces
AJC-9038,Lighting > Wall Sconces
AJC-8888,Lighting > Chandeliers
JRL-9391,Lighting > Floor Lamps
AJC-8886,Lighting > Wall Sconces
AJC-8796,Lighting > Wall Sconces
AJC-8879,Lighting > Wall Sconces
AJC-8982,Lighting > Chandeliers
AJC-8983,Lighting > Wall Sconces
AJC-8918,Lighting > Wall Sconces
AJC-8871,Lighting > Wall Sconces
AJC-8987,Lighting > Wall Sconces
AJC-8985,Lighting > Pendants
AJC-8877,Lighting > Chandeliers
AJC-9022,Lighting > Pendants
AJC-8740,Lighting > Wall Sconces
AJC-8742,Lighting > Wall Sconces
JRA-10580,Decoration > Artistic Ornaments > Pedestals
JRA-10579,Decoration > Artistic Ornaments > Pedestals
JRA-10627,Furniture > Living > Tables > Occasional Tables
JRA-10450,Furniture > Living > Tables > Occasional Tables
JRA-10713,Furniture > Living > Tables > Occasional Tables
JRA-10756,Furniture > Living > Tables > Occasional Tables
JRA-10139,Furniture > Living > Tables > Occasional Tables
JRB-3946W,Decoration > Home Accents > Botanicals
JRB-3555W,Decoration > Home Accents > Botanicals
JRB-3517W,Decoration > Home Accents > Botanicals
JRB-3850,Decoration > Home Accents > Botanicals
JRB-3849,Decoration > Home Accents > Botanicals
JRB-2774,Decoration > Home Accents > Botanicals
JRB-2843W,Decoration > Home Accents > Botanicals
JRB-3378W,Decoration > Home Accents > Botanicals
JRB-3363,Decoration > Home Accents > Botanicals
JRB-3407,Decoration > Home Accents > Botanicals
JRB-2139,Decoration > Home Accents > Botanicals
JRM-0939,Decoration > Home Accents > Mirrors
JRA-10349S2,Decoration > Home Accents > Bookends
JRM-0384,Decoration > Home Accents > Mirrors
JRM-0383,Decoration > Home Accents > Mirrors
JRM-0422,Decoration > Home Accents > Mirrors
JRM-0762,Decoration > Home Accents > Mirrors
JRM-0931,Decoration > Home Accents > Mirrors
JRM-0703,Decoration > Home Accents > Mirrors
JRM-0687,Decoration > Home Accents > Mirrors
JRM-0880,Decoration > Home Accents > Mirrors
JRM-0904,Decoration > Home Accents > Mirrors
JRM-0833,Decoration > Home Accents > Mirrors
JRM-0874,Decoration > Home Accents > Mirrors
JRM-0671,Decoration > Home Accents > Mirrors
JRM-0929S3,Decoration > Home Accents > Mirrors
JRM-0702,Decoration > Home Accents > Mirrors
GBG-1456A,Decoration > Artistic Ornaments > Wall Art
GBG-1456B,Decoration > Artistic Ornaments > Wall Art
GBG-1479,Decoration > Artistic Ornaments > Wall Art
GBG-1558,Decoration > Artistic Ornaments > Wall Art
GBG-1940,Decoration > Artistic Ornaments > Wall Art
GBG-1678,Decoration > Artistic Ornaments > Wall Art
GBG-1146,Decoration > Artistic Ornaments > Wall Art
GBG-0567,Decoration > Artistic Ornaments > Wall Art
JRB-3734W,Decoration > Home Accents > Botanicals
AJC-9234,Lighting > Chandeliers
AJC-9233,Lighting > Chandeliers
AJC-9232,Lighting > Wall Sconces
AJC-9231,Lighting > Pendants
AJC-9227,Lighting > Wall Sconces
AJC-9225,Lighting > Chandeliers
AJC-9224,Lighting > Chandeliers
AJC-9223,Lighting > Chandeliers
AJC-9215,Lighting > Wall Sconces
AJC-9212,Lighting > Wall Sconces
AJC-9211,Lighting > Wall Sconces
AJC-9210,Lighting > Wall Sconces
GBG-1735,Decoration > Artistic Ornaments > Wall Art
CBC-1171HJ-61X46-F15-AS,Decoration > Artistic Ornaments > Wall Art
CBC-1172HJ-61X46-F15-AS,Decoration > Artistic Ornaments > Wall Art
AMF-1671-BLCK-AS,Furniture > Living > Benches & Ottomans
AMF-1670-WHTE-AS,Furniture > Living > Benches & Ottomans
AMF-1669V225-2164-AS,Furniture > Living > Benches & Ottomans
AMF-1675V225-2164-AS,Furniture > Living > Benches & Ottomans
AMF-1672-WHTE-AS,Furniture > Living > Benches & Ottomans
AMF-1663-3041-AS,Furniture > Living > Benches & Ottomans
AMF-1656-2185-AS,Furniture > Living > Benches & Ottomans
AMF-1632V64-ACPW-AS,Furniture > Living > Benches & Ottomans
AMF-1627V100-2164-AS,Furniture > Living > Benches & Ottomans
AMF-1613-WHTE-AS,Furniture > Living > Benches & Ottomans
JRL-10188,Lighting > Table Lamps
EUR-03-0755,Furniture > Living > Tables > End Tables
AMF-1633V226-2193-AS,Furniture > Living > Occasional Chairs
GBG-1800,Decoration > Artistic Ornaments > Wall Art
EUR-06-0019,Furniture > Bedroom > Beds
EUR-03-0656,Furniture > Bedroom > Nightstands
JRA-9468,Decoration > Home Accents > Trays
GBG-1519S4,Decoration > Artistic Ornaments > Wall Art
EUR-04-0553,Furniture > Dining > Credenzas Sideboards & Buffets
EUR-04-0612,Furniture > Dining > Credenzas Sideboards & Buffets
EUR-04-0555,Furniture > Dining > Credenzas Sideboards & Buffets
EUR-04-0567,Furniture > Dining > Credenzas Sideboards & Buffets
EUR-04-0413,Furniture > Living > Cabinets
EUR-04-0621,Furniture > Living > Cabinets
JRL-10304,Lighting > Table Lamps
EUR-04-0568,Furniture > Dining > Credenzas Sideboards & Buffets
GBG-1755,Decoration > Artistic Ornaments > Wall Art
"JRA-10962",Decoration > Home Accents > Trays
EUR-04-0630,Furniture > Living > Cabinets
EUR-04-0634,Furniture > Dining > Credenzas Sideboards & Buffets
EUR-04-0641,Furniture > Dining > Credenzas Sideboards & Buffets
EUR-04-0643,Furniture > Dining > Credenzas Sideboards & Buffets
EUR-04-0646,Furniture > Dining > Credenzas Sideboards & Buffets
EUR-04-0647,Furniture > Living > Cabinets
EUR-04-0648,Furniture > Dining > Credenzas Sideboards & Buffets
EUR-01-0401,Furniture > Bedroom > Chests
EUR-01-0409,Furniture > Dining > Credenzas Sideboards & Buffets
EUR-01-0397,Furniture > Dining > Credenzas Sideboards & Buffets
EUR-01-0404,Furniture > Bedroom > Chests
EUR-01-0408,Furniture > Bedroom > Chests
EUR-04-0602,Furniture > Living > Cabinets
EUR-04-0607,Furniture > Dining > Credenzas Sideboards & Buffets
EUR-04-0608,Furniture > Dining > Credenzas Sideboards & Buffets
EUR-04-0614,Furniture > Dining > Credenzas Sideboards & Buffets
EUR-04-0615,Furniture > Dining > Credenzas Sideboards & Buffets
EUR-04-0620,Furniture > Living > Cabinets
EUR-04-0622,Furniture > Dining > Credenzas Sideboards & Buffets
EUR-04-0632,Furniture > Dining > Credenzas Sideboards & Buffets
EUR-04-0502,Furniture > Dining > Credenzas Sideboards & Buffets
EUR-04-0522,Furniture > Living > Cabinets
EUR-04-0523,Furniture > Living > Cabinets
EUR-04-0524,Furniture > Living > Cabinets
EUR-04-0531,Furniture > Dining > Credenzas Sideboards & Buffets
EUR-04-0539,Furniture > Dining > Credenzas Sideboards & Buffets
EUR-04-0544,Furniture > Dining > Credenzas Sideboards & Buffets
EUR-04-0549,Furniture > Dining > Credenzas Sideboards & Buffets
EUR-04-0557,Furniture > Living > Cabinets
EUR-04-0558,Furniture > Dining > Credenzas Sideboards & Buffets
EUR-04-0562,Furniture > Dining > Credenzas Sideboards & Buffets
EUR-04-0564,Furniture > Dining > Credenzas Sideboards & Buffets
EUR-04-0569,Furniture > Dining > Credenzas Sideboards & Buffets
EUR-04-0573,Furniture > Living > Cabinets
EUR-04-0581,Furniture > Dining > Credenzas Sideboards & Buffets
EUR-04-0582,Furniture > Dining > Credenzas Sideboards & Buffets
EUR-04-0598,Furniture > Living > Cabinets
EUR-04-0599,Furniture > Dining > Credenzas Sideboards & Buffets
EUR-04-0449,Furniture > Dining > Credenzas Sideboards & Buffets
EUR-04-0487,Furniture > Living > Cabinets
EUR-01-0402,Furniture > Bedroom > Chests
EUR-04-0416,Furniture > Dining > Credenzas Sideboards & Buffets
EUR-04-0423,Furniture > Living > Cabinets
EUR-04-0377,Furniture > Dining > Credenzas Sideboards & Buffets
EUR-04-0577,Furniture > Dining > Credenzas Sideboards & Buffets
EUR-04-0586,Furniture > Dining > Credenzas Sideboards & Buffets
EUR-04-0437,Furniture > Living > Cabinets
EUR-04-0485,Furniture > Dining > Credenzas Sideboards & Buffets
EUR-04-0417,Furniture > Bedroom > Chests
EUR-01-0310,Furniture > Bedroom > Chests
EUR-01-0313,Furniture > Bedroom > Nightstands
EUR-01-0327,Furniture > Bedroom > Chests
EUR-01-0335,Furniture > Bedroom > Chests
EUR-01-0337,Furniture > Bedroom > Chests
EUR-01-0344,Furniture > Bedroom > Chests
EUR-01-0348,Furniture > Bedroom > Nightstands
EUR-01-0350,Furniture > Bedroom > Chests
EUR-01-0362,Furniture > Bedroom > Nightstands
EUR-01-0366,Furniture > Bedroom > Nightstands
EUR-01-0374,Furniture > Bedroom > Nightstands
EUR-01-0380,Furniture > Bedroom > Nightstands
EUR-01-0381,Furniture > Bedroom > Chests
EUR-01-0384,Furniture > Bedroom > Chests
EUR-01-0385,Furniture > Bedroom > Nightstands
EUR-01-0386,Furniture > Bedroom > Nightstands
EUR-01-0388,Furniture > Bedroom > Nightstands
EUR-01-0390,Furniture > Bedroom > Chests
EUR-01-0262,Furniture > Bedroom > Chests
EUR-01-0268,Furniture > Bedroom > Chests
EUR-02-0323,Furniture > Living > Tables > Console Tables
JRA-11532,Decoration > Artistic Ornaments > Vases
JRA-11531,Decoration > Artistic Ornaments > Vases
GBG-1975B,Decoration > Artistic Ornaments > Wall Art
GBG-1975A,Decoration > Artistic Ornaments > Wall Art
JRA-11303,Decoration > Home Accents > Trays
JFD-0123,Furniture > Living > Tables > End Tables
JFD-0120,Furniture > Living > Tables > Console Tables
GBG-1753,Decoration > Artistic Ornaments > Wall Art
AMQ-1301Q01-2137-AS,Furniture > Living > Sofas
JRA-8286,Decoration > Home Accents > Candelabras
JRB-4356,Decoration > Home Accents > Botanicals
AJC-9139,Lighting > Chandeliers
EUR-04-0490,Furniture > Living > Cabinets
EUR-04-0488,Furniture > Living > Cabinets
"JRA-8287",Decoration > Home Accents > Candelabras
AJC-9108,Lighting > Chandeliers
EUR-04-0505,Furniture > Dining > Credenzas Sideboards & Buffets
JRL-10312,Lighting > Table Lamps
JRL-10275,Lighting > Table Lamps
JRL-10257,Lighting > Table Lamps
JRL-10266,Lighting > Table Lamps
JRL-9993,Lighting > Table Lamps
JRL-9936,Lighting > Table Lamps
JRL-9478,Lighting > Table Lamps
JRL-9860,Lighting > Table Lamps
AMF-1726-2207-AS,Furniture > Living > Benches & Ottomans
AMF-1707V227-2211-AS,Furniture > Living > Benches & Ottomans
AMF-1707V226-1128-AS,Furniture > Living > Benches & Ottomans
AMF-1703V242-3041-AS,Furniture > Living > Occasional Chairs
AMF-1702BBS-C011-AS,Furniture > Living > Sofas
AMF-1699PSS-C010-AS,Furniture > Living > Sofas
AMF-1639V147-C005-AS,Furniture > Living > Sofas
AMF-1708PSS-C010-AS,Furniture > Living > Occasional Chairs
JFD-0216,Furniture > Living > Tables > Occasional Tables
JFD-0215,Furniture > Living > Tables > Occasional Tables
JRL-10327,Lighting > Table Lamps
JFD-0184,Furniture > Living > Tables > Occasional Tables
EUR-03-0691,Furniture > Living > Tables > Occasional Tables
JFD-0224,Furniture > Living > Tables > Cocktail Tables
JFD-0223,Furniture > Living > Tables > Cocktail Tables
JFD-0201,Furniture > Living > Tables > Occasional Tables
JFD-0200,Furniture > Living > Tables > Occasional Tables
JFD-0199,Furniture > Living > Tables > Occasional Tables
JFD-0196,Furniture > Living > Tables > Occasional Tables
JFD-0148,Furniture > Living > Tables > Console Tables
EUR-10-0123,Furniture > Dining > Dining Tables
EUR-02-0318,Furniture > Living > Tables > Console Tables
EUR-03-0780,Furniture > Living > Tables > End Tables
EUR-03-0803,Furniture > Living > Tables > Cocktail Tables
EUR-08-0108,Decoration > Artistic Ornaments > Pedestals
EUR-08-0107,Decoration > Artistic Ornaments > Pedestals
EUR-08-0106,Decoration > Artistic Ornaments > Pedestals
EUR-08-0105,Decoration > Artistic Ornaments > Pedestals
EUR-04-0682,Furniture > Living > Cabinets
EUR-04-0681,Furniture > Living > Cabinets
EUR-04-0313,Furniture > Living > Cabinets
JRL-10329,Lighting > Table Lamps
JRA-11859,Decoration > Artistic Ornaments > Pedestals
JRA-11858,Decoration > Artistic Ornaments > Pedestals
EUR-01-0375,Furniture > Bedroom > Chests
JRM-1000,Decoration > Home Accents > Mirrors
JRL-10235,Lighting > Table Lamps
JRL-10247,Lighting > Table Lamps
GBG-2432,Decoration > Artistic Ornaments > Wall Art
GBG-2372,Decoration > Artistic Ornaments > Wall Art
GBG-1974,Decoration > Artistic Ornaments > Wall Art
JRA-10838S2,Decoration > Artistic Ornaments > Vases
GBG-0754,Decoration > Artistic Ornaments > Wall Art
AJC-9117,Lighting > Chandeliers
AJC-9121,Lighting > Chandeliers
AJC-9119,Lighting > Wall Sconces
JRA-11399,Decoration > Artistic Ornaments > Vases
JRA-11397,Decoration > Artistic Ornaments > Vases
JRA-11398,Decoration > Artistic Ornaments > Vases
JRL-10155,Lighting > Table Lamps
JRL-10325,Lighting > Table Lamps
JRL-10181,Lighting > Table Lamps
JRA-13076,Decoration > Artistic Ornaments > Vases
JRA-13075,Decoration > Artistic Ornaments > Vases
JRA-13012,Decoration > Artistic Ornaments > Sculptures
JRA-11831,Decoration > Artistic Ornaments > Sculptures
AMF-1722V226-2207-AS,Furniture > Living > Chaises & Settees
AMF-1741V72-2181-AS,Furniture > Living > Benches & Ottomans
AMF-1711V229-C013-AS,Furniture > Living > Sofas
AMF-1742V71-1109-AS,Furniture > Living > Benches & Ottomans
AMF-1745V242-C014-AS,Furniture > Living > Sofas
AMF-1744V226-C012-AS,Furniture > Living > Sofas
EUR-04-0690,Furniture > Dining > Credenzas Sideboards & Buffets
EUR-04-0697,Furniture > Dining > Credenzas Sideboards & Buffets
EUR-04-0698,Furniture > Dining > Credenzas Sideboards & Buffets
EUR-04-0693,Furniture > Dining > Credenzas Sideboards & Buffets
EUR-04-0689,Furniture > Dining > Credenzas Sideboards & Buffets
EUR-04-0688,Furniture > Dining > Credenzas Sideboards & Buffets
EUR-04-0685,Furniture > Dining > Credenzas Sideboards & Buffets
EUR-04-0666,Furniture > Dining > Credenzas Sideboards & Buffets
EUR-04-0664,Furniture > Living > Cabinets
EUR-04-0663,Furniture > Living > Cabinets
EUR-04-0662,Furniture > Living > Cabinets
EUR-04-0583,Furniture > Living > Cabinets
EUR-04-0551,Furniture > Dining > Credenzas Sideboards & Buffets
EUR-04-0188,Furniture > Dining > Credenzas Sideboards & Buffets
EUR-01-0424,Furniture > Bedroom > Dressers
EUR-01-0422,Furniture > Bedroom > Dressers
AJC-9269,Lighting > Chandeliers
AJC-9268,Lighting > Chandeliers
AJC-9267,Lighting > Wall Sconces
AJC-9260,Lighting > Wall Sconces
AJC-9254,Lighting > Pendants
AJC-9253,Lighting > Pendants
AJC-9252,Lighting > Pendants
AJC-9245,Lighting > Pendants
AJC-9242,Lighting > Wall Sconces
AJC-9199,Lighting > Pendants
AJC-9194,Lighting > Chandeliers
AJC-9189,Lighting > Wall Sconces
AJC-9188,Lighting > Wall Sconces
AJC-9183,Lighting > Chandeliers
AJC-9182,Lighting > Pendants
"AJC-9181
",Lighting > Chandeliers
AJC-9179,Lighting > Chandeliers
AJC-9174,Lighting > Chandeliers
AJC-9158,Lighting > Semi-Flush
AJC-9152,Lighting > Chandeliers
AJC-9151,Lighting > Semi-Flush
AJC-9141,Lighting > Wall Sconces
AJC-9137,Lighting > Chandeliers
AJC-9113,Lighting > Chandeliers
AJC-9107,Lighting > Chandeliers
AJC-9094,Lighting > Chandeliers
AJC-9093,Lighting > Chandeliers
EUR-04-0703,Furniture > Dining > Credenzas Sideboards & Buffets
EUR-04-0687,Furniture > Dining > Credenzas Sideboards & Buffets
EUR-04-0684,Furniture > Dining > Credenzas Sideboards & Buffets
EUR-04-0683,Furniture > Living > Cabinets
EUR-04-0674,Furniture > Living > Cabinets
EUR-04-0673,Furniture > Dining > Credenzas Sideboards & Buffets
EUR-04-0671,Furniture > Dining > Credenzas Sideboards & Buffets
EUR-04-0668,Furniture > Dining > Credenzas Sideboards & Buffets
EUR-04-0667,Furniture > Dining > Credenzas Sideboards & Buffets
EUR-04-0665,Furniture > Dining > Credenzas Sideboards & Buffets
EUR-04-0661,Furniture > Dining > Credenzas Sideboards & Buffets
EUR-04-0659,Furniture > Living > Cabinets
EUR-04-0658,Furniture > Living > Cabinets
EUR-04-0654,Furniture > Dining > Credenzas Sideboards & Buffets
EUR-04-0642,Furniture > Living > Cabinets
EUR-04-0619,Furniture > Living > Cabinets
EUR-04-0617,Furniture > Dining > Credenzas Sideboards & Buffets
EUR-04-0587,Furniture > Dining > Credenzas Sideboards & Buffets
EUR-04-0500,Furniture > Dining > Credenzas Sideboards & Buffets
EUR-04-0499,Furniture > Dining > Credenzas Sideboards & Buffets
EUR-04-0378,Furniture > Dining > Credenzas Sideboards & Buffets
EUR-04-0297,Furniture > Living > Cabinets
EUR-04-0190,Furniture > Dining > Credenzas Sideboards & Buffets
EUR-01-0407,Furniture > Dining > Credenzas Sideboards & Buffets
EUR-04-0699,Furniture > Bedroom > Chests
EUR-04-0679,Furniture > Bedroom > Chests
EUR-01-0453,Furniture > Bedroom > Chests
EUR-01-0435,Furniture > Bedroom > Nightstands
EUR-01-0432,Furniture > Bedroom > Chests
EUR-01-0427,Furniture > Bedroom > Chests
EUR-01-0425,Furniture > Bedroom > Nightstands
EUR-01-0418,Furniture > Bedroom > Chests
EUR-01-0415,Furniture > Bedroom > Nightstands
EUR-01-0414,Furniture > Bedroom > Nightstands
EUR-01-0413,Furniture > Bedroom > Chests
EUR-01-0411,Furniture > Bedroom > Chests
EUR-01-0406,Furniture > Bedroom > Chests
EUR-01-0403,Furniture > Bedroom > Chests
EUR-01-0400,Furniture > Bedroom > Nightstands
EUR-01-0370,Furniture > Bedroom > Nightstands
EUR-01-0307,Furniture > Bedroom > Chests
EUR-10-0107,Furniture > Dining > Dining Tables
EUR-10-0062,Furniture > Dining > Dining Tables
EUR-10-0038,Furniture > Dining > Dining Tables
EUR-10-0029,Furniture > Dining > Dining Tables
EUR-10-0025,Furniture > Dining > Dining Tables
EUR-03-0800,Furniture > Living > Tables > Occasional Tables
EUR-03-0798,Furniture > Living > Tables > Cocktail Tables
EUR-03-0789,Furniture > Living > Tables > Cocktail Tables
EUR-03-0785,Furniture > Living > Tables > Cocktail Tables
EUR-03-0776,Furniture > Living > Tables > End Tables
EUR-03-0775,Furniture > Living > Tables > End Tables
EUR-03-0772,Furniture > Living > Tables > Occasional Tables
EUR-03-0770,Furniture > Living > Tables > Cocktail Tables
EUR-03-0754,Furniture > Living > Tables > Occasional Tables
EUR-03-0743,Furniture > Living > Tables > End Tables
EUR-03-0741,Furniture > Living > Tables > Occasional Tables
EUR-03-0740,Furniture > Living > Tables > Occasional Tables
EUR-03-0734,Furniture > Living > Tables > Cocktail Tables
EUR-03-0733,Furniture > Living > Tables > Occasional Tables
EUR-03-0730,Furniture > Living > Tables > Cocktail Tables
EUR-03-0717,Furniture > Living > Tables > Occasional Tables
EUR-03-0716,Furniture > Living > Tables > Cocktail Tables
EUR-03-0700,Furniture > Living > Tables > Cocktail Tables
EUR-02-0333,Furniture > Living > Tables > Console Tables
EUR-02-0328,Furniture > Living > Tables > Console Tables
EUR-02-0315,Furniture > Living > Tables > Console Tables
EUR-02-0292,Furniture > Living > Tables > Console Tables
EUR-02-0283,Furniture > Living > Tables > Occasional Tables
EUR-02-0260,Furniture > Living > Tables > Console Tables
JFD-0280,Furniture > Living > Tables > Cocktail Tables
JFD-0274,Furniture > Living > Tables > Cocktail Tables
JFD-0248,Furniture > Living > Tables > Cocktail Tables
JFD-0247,Furniture > Living > Tables > Cocktail Tables
JFD-0246,Furniture > Living > Tables > End Tables
JFD-0245,Furniture > Living > Tables > End Tables
JFD-0244,Furniture > Living > Tables > Cocktail Tables
JFD-0243,Furniture > Living > Tables > End Tables
JFD-0240,Furniture > Living > Tables > Cocktail Tables
JFD-0236,Furniture > Living > Tables > Occasional Tables
JFD-0235,Furniture > Living > Tables > Occasional Tables
JFD-0234,Furniture > Living > Tables > Occasional Tables
JFD-0230,Furniture > Living > Tables > Occasional Tables
JFD-0229,Furniture > Living > Tables > Occasional Tables
JFD-0228,Furniture > Living > Tables > Occasional Tables
JFD-0226,Furniture > Living > Tables > Occasional Tables
JFD-0221,Furniture > Living > Tables > Occasional Tables
JFD-0220,Furniture > Living > Tables > Occasional Tables
JFD-0214,Furniture > Living > Tables > Occasional Tables
JFD-0213S2,Furniture > Living > Tables > Occasional Tables
JFD-0212,Furniture > Living > Tables > End Tables
JFD-0211S2,Furniture > Living > Tables > Occasional Tables
JFD-0209,Furniture > Living > Tables > Console Tables
JFD-0208,Furniture > Living > Tables > Console Tables
JFD-0205S2,Furniture > Living > Tables > Occasional Tables
JFD-0204,Furniture > Living > Tables > Occasional Tables
JFD-0203,Furniture > Living > Tables > End Tables
JFD-0202,Furniture > Living > Tables > End Tables
JFD-0198,Furniture > Living > Tables > Console Tables
JFD-0197,Furniture > Living > Tables > Occasional Tables
JFD-0194,Furniture > Living > Tables > Occasional Tables
JFD-0192,Furniture > Living > Tables > Occasional Tables
JFD-0191,Furniture > Living > Tables > Occasional Tables
JFD-0189,Furniture > Living > Tables > Occasional Tables
JFD-0182,Furniture > Living > Tables > Console Tables
JFD-0179,Furniture > Living > Tables > Cocktail Tables
JFD-0177,Furniture > Living > Tables > Occasional Tables
JFD-0172,Furniture > Living > Tables > Occasional Tables
JFD-0168,Furniture > Living > Tables > Occasional Tables
JFD-0164,Furniture > Living > Tables > Occasional Tables
JFD-0163,Furniture > Living > Tables > Occasional Tables
JFD-0162,Furniture > Living > Tables > Console Tables
JFD-0160,Furniture > Living > Tables > End Tables
JFD-0142,Furniture > Living > Tables > Console Tables
JFD-0140,Furniture > Living > Tables > Cocktail Tables
JFD-0138,Furniture > Living > Tables > End Tables
JFD-0131,Furniture > Living > Tables > End Tables
JFD-0129,Furniture > Living > Tables > End Tables
JFD-0128,Furniture > Living > Tables > Occasional Tables
JFD-0127,Furniture > Living > Tables > Cocktail Tables
JFD-0125,Furniture > Living > Tables > Cocktail Tables
JFD-0122,Furniture > Living > Tables > End Tables
JFD-0121,Furniture > Living > Tables > Occasional Tables
JFD-0119,Furniture > Living > Tables > Console Tables
JFD-0116,Furniture > Living > Tables > Occasional Tables
JFD-0113,Furniture > Living > Tables > Occasional Tables
JFD-0107,Furniture > Living > Tables > Occasional Tables
JFD-0096,Furniture > Living > Tables > Occasional Tables
JFD-0093,Furniture > Living > Tables > Occasional Tables
JFD-0087,Furniture > Living > Tables > Occasional Tables
JFD-0086,Furniture > Living > Tables > Occasional Tables
JFD-0082,Furniture > Living > Tables > End Tables
JFD-0079,Furniture > Living > Tables > End Tables
JFD-0078,Furniture > Living > Tables > End Tables
JFD-0049,Furniture > Living > Tables > Cocktail Tables
AJC-9300,Lighting > Chandeliers
AJC-9299,Lighting > Chandeliers
AJC-9298,Lighting > Pendants
AJC-9297,Lighting > Pendants
AJC-9296,Lighting > Pendants
AJC-9295,Lighting > Pendants
AJC-9294,Lighting > Wall Sconces
AJC-9293,Lighting > Chandeliers
AJC-9292,Lighting > Chandeliers
AJC-9291,Lighting > Chandeliers
AJC-9287,Lighting > Chandeliers
AJC-9286,Lighting > Chandeliers
AJC-9284,Lighting > Wall Sconces
AJC-9283,Lighting > Flush Mounts
AJC-9282,Lighting > Chandeliers
AJC-9281,Lighting > Chandeliers
AJC-9279,Lighting > Pendants
AJC-9278,Lighting > Pendants
AJC-9266,Lighting > Pendants
AJC-9265,Lighting > Wall Sconces
AJC-9263,Lighting > Wall Sconces
AJC-9262,Lighting > Wall Sconces
AJC-9218,Lighting > Wall Sconces
AJC-9171,Lighting > Chandeliers
AJC-9143,Lighting > Wall Sconces
AJC-9131,Lighting > Pendants
AJC-9130,Lighting > Wall Sconces
AJC-9129,Lighting > Wall Sconces
AJC-9127,Lighting > Wall Sconces
AJC-9126,Lighting > Wall Sconces
AJC-9124,Lighting > Wall Sconces
AJC-9123,Lighting > Wall Sconces
AJC-9116,Lighting > Wall Sconces
AJC-9106,Lighting > Wall Sconces
AJC-9105,Lighting > Chandeliers
AJC-8965,Lighting > Wall Sconces
AJC-8909,Lighting > Wall Sconces
AJC-8851,Lighting > Wall Sconces
AJC-8850,Lighting > Chandeliers
AJC-8849,Lighting > Chandeliers
AJC-9115,Lighting > Chandeliers
JRA-13320,Decoration > Home Accents > Trays
JRA-13126,Decoration > Home Accents > Trays
JRA-13100,Decoration > Artistic Ornaments > Sculptures
JRA-13099,Decoration > Home Accents > Candelabras
JRA-13081,Decoration > Artistic Ornaments > Sculptures
JRA-13034,Decoration > Home Accents > Trays
JRA-13021,Decoration > Artistic Ornaments > Sculptures
JRA-13008,Decoration > Home Accents > Trays
JRA-13007,Decoration > Home Accents > Trays
JRA-13002,Decoration > Home Accents > Trays
JRA-13001,Decoration > Home Accents > Trays
JRA-12054,Decoration > Artistic Ornaments > Sculptures
JRA-12051,Decoration > Home Accents > Trays
JRA-12049,Decoration > Artistic Ornaments > Sculptures
JRA-12012,Decoration > Artistic Ornaments > Vases
JRA-12004S2,Decoration > Artistic Ornaments > Vases
JRA-11998,Decoration > Artistic Ornaments > Sculptures
JRA-11977,Decoration > Artistic Ornaments > Vases
JRA-11968S4,Decoration > Artistic Ornaments > Miscellaneous
JRA-11963,Decoration > Artistic Ornaments > Sculptures
JRA-11958,Decoration > Artistic Ornaments > Vases
JRA-11957,Decoration > Artistic Ornaments > Vases
JRA-11955,Decoration > Artistic Ornaments > Sculptures
JRA-11933,Decoration > Artistic Ornaments > Sculptures
JRA-11935,Decoration > Artistic Ornaments > Sculptures
JRA-11926S2,Decoration > Artistic Ornaments > Vases
JRA-11907,Decoration > Artistic Ornaments > Sculptures
JRA-11903,Decoration > Artistic Ornaments > Sculptures
JRA-11854S2,Decoration > Artistic Ornaments > Vases
JRA-11844,Decoration > Artistic Ornaments > Sculptures
JRA-11828,Decoration > Artistic Ornaments > Sculptures
JRA-11827,Decoration > Artistic Ornaments > Sculptures
JRA-11825,Decoration > Artistic Ornaments > Sculptures
JRA-11824,Decoration > Artistic Ornaments > Sculptures
JRA-11817,Decoration > Artistic Ornaments > Vases
JRA-11810,Decoration > Artistic Ornaments > Sculptures
JRA-11805S2,Decoration > Home Accents > Trays
JRA-11799,Decoration > Artistic Ornaments > Sculptures
JRA-11791,Decoration > Artistic Ornaments > Sculptures
JRA-11757,Decoration > Artistic Ornaments > Sculptures
JRA-11738S4,Decoration > Artistic Ornaments > Miscellaneous
JRA-11729,Decoration > Artistic Ornaments > Sculptures
JRA-11657,Decoration > Artistic Ornaments > Sculptures
JRA-11625,Decoration > Artistic Ornaments > Sculptures
JRA-11610S2,Decoration > Artistic Ornaments > Vases
JRA-11589S4,Decoration > Artistic Ornaments > Miscellaneous
JRA-11537,Decoration > Home Accents > Trays
JRA-11533,Decoration > Artistic Ornaments > Sculptures
JRA-11524S3,Decoration > Artistic Ornaments > Vases
JRA-11521,Decoration > Artistic Ornaments > Miscellaneous
JRA-11495,Decoration > Artistic Ornaments > Sculptures
JRA-11494,Decoration > Artistic Ornaments > Sculptures
JRA-11346,Decoration > Home Accents > Trays
JRA-11332,Decoration > Artistic Ornaments > Sculptures
JRA-11176,Decoration > Artistic Ornaments > Sculptures
JRA-10783,Decoration > Artistic Ornaments > Vases
JRA-10782,Decoration > Artistic Ornaments > Vases
JRA-10761,Decoration > Artistic Ornaments > Sculptures
JRA-10730,Decoration > Artistic Ornaments > Sculptures
JRA-10729,Decoration > Artistic Ornaments > Sculptures
JRA-10582S2,Furniture > Living > Tables > End Tables
JRA-10283,Decoration > Artistic Ornaments > Sculptures
JRA-10279,Decoration > Artistic Ornaments > Sculptures
JRA-9236,Decoration > Artistic Ornaments > Miscellaneous
JRA-9198,Decoration > Artistic Ornaments > Sculptures
JRA-9197,Decoration > Artistic Ornaments > Sculptures
JRA-9114,Decoration > Home Accents > Trays
JRA-11710,Decoration > Artistic Ornaments > Sculptures
EUR-04-0677,Furniture > Bedroom > Chests
EUR-01-0097,Furniture > Bedroom > Chests
EUR-02-0310,Furniture > Living > Tables > Console Tables
JFD-0157,Furniture > Living > Tables > Occasional Tables
JRA-13164,Decoration > Artistic Ornaments > Sculptures
JRA-12046,Decoration > Home Accents > Trays
JRA-11816,Decoration > Artistic Ornaments > Vases
JRA-11716,Decoration > Artistic Ornaments > Sculptures
JRA-11543,Decoration > Artistic Ornaments > Vases
JRA-11534,Decoration > Artistic Ornaments > Sculptures
JRA-11523,Decoration > Artistic Ornaments > Vases
JRA-11522,Decoration > Artistic Ornaments > Miscellaneous
JRA-11520,Decoration > Artistic Ornaments > Miscellaneous
JRA-11376,Decoration > Artistic Ornaments > Vases
JRA-11333,Decoration > Artistic Ornaments > Sculptures
JRA-11329,Decoration > Artistic Ornaments > Sculptures
JRA-11158,Decoration > Artistic Ornaments > Vases
JRA-10762,Decoration > Artistic Ornaments > Sculptures
JRA-10706,Decoration > Artistic Ornaments > Sculptures
JRA-10679,Decoration > Home Accents > Trays
JRA-10669,Decoration > Artistic Ornaments > Sculptures
JRA-10668,Decoration > Artistic Ornaments > Sculptures
JRA-10663,Decoration > Home Accents > Trays
JRA-10959,Decoration > Artistic Ornaments > Sculptures
JRL-9137,Lighting > Table Lamps
AMF-1664-4065-AS,Furniture > Living > Benches & Ottomans
AMF-1632V229-2192-AS,Furniture > Living > Benches & Ottomans
JRA-10962,Decoration > Home Accents > Trays
JRA-8287,Decoration > Home Accents > Candelabras
"AJC-9181
",Lighting > Chandeliers
JFD-0147S3,Decoration > Artistic Ornaments > Wall Art
JRA-13305,Decoration > Artistic Ornaments > Vases
JRA-13247,Decoration > Artistic Ornaments > Vases
JRA-13229,Decoration > Artistic Ornaments > Vases
JRA-13227,Decoration > Artistic Ornaments > Vases
JRA-13226,Decoration > Home Accents > Trays
JRA-13194,Decoration > Artistic Ornaments > Vases
JRA-13162,Decoration > Artistic Ornaments > Sculptures
JRA-13153,Decoration > Artistic Ornaments > Sculptures
JRA-13152,Decoration > Artistic Ornaments > Sculptures
JRA-13151,Decoration > Artistic Ornaments > Sculptures
JRA-13150,Decoration > Artistic Ornaments > Sculptures
JRA-13145,Decoration > Artistic Ornaments > Sculptures
JRA-13144,Decoration > Home Accents > Trays
JRA-13139,Decoration > Home Accents > Trays
JRA-13128,Decoration > Artistic Ornaments > Sculptures
JRA-13127,Decoration > Artistic Ornaments > Sculptures
AJC-9040,Lighting > Chandeliers
AJC-8834,Lighting > Chandeliers
AJC-8832,Lighting > Chandeliers
AJC-8999,Lighting > Pendants
AJC-8792,Lighting > Semi-Flush
AJC-8816,Lighting > Chandeliers
AJC-8815,Lighting > Chandeliers
AJC-8884,Lighting > Chandeliers
AJC-8885,Lighting > Chandeliers
AJC-8880,Lighting > Wall Sconces
AJC-9057,Lighting > Chandeliers
AJC-8980,Lighting > Chandeliers
AJC-8981,Lighting > Chandeliers
AJC-9021,Lighting > Pendants
AJC-8875,Lighting > Pendants
AJC-8984,Lighting > Semi-Flush
AJC-8680,Lighting > Chandeliers
AJC-8925,Lighting > Chandeliers
AJC-8743,Lighting > Chandeliers
AJC-8772,Lighting > Chandeliers
AJC-8824,Lighting > Semi-Flush
AJC-9023,Lighting > Pendants
AJC-9248,Lighting > Wall Sconces
AJC-9244,Lighting > Chandeliers
AJC-9243,Lighting > Chandeliers
AJC-9240,Lighting > Semi-Flush
AJC-9239,Lighting > Pendants
AJC-9236,Lighting > Chandeliers
AJC-9230,Lighting > Chandeliers
AJC-9228,Lighting > Chandeliers
AJC-9226,Lighting > Semi-Flush
AJC-9222,Lighting > Chandeliers
AJC-9221,Lighting > Pendants
AJC-9220,Lighting > Chandeliers
AJC-9219,Lighting > Chandeliers
AJC-9207,Lighting > Chandeliers
JRA-12061S2,Decoration > Artistic Ornaments > Vases
AJC-9085,Lighting > Chandeliers
AJC-9101,Lighting > Chandeliers
AJC-9251,Lighting > Pendants
AJC-9247,Lighting > Pendants
AJC-9246,Lighting > Pendants
AJC-9241,Lighting > Pendants
AJC-9235,Lighting > Chandeliers
AJC-9205,Lighting > Pendants
AJC-9203,Lighting > Chandeliers
AJC-9201,Lighting > Pendants
AJC-9083,Lighting > Pendants
AJC-9238,Lighting > Wall Sconces
AJC-9237,Lighting > Pendants
AJC-9180,Lighting > Chandeliers
AJC-9160,Lighting > Chandeliers
AJC-9159,Lighting > Chandeliers
AJC-9157,Lighting > Chandeliers
AJC-9156,Lighting > Chandeliers
AJC-9150,Lighting > Pendants
AJC-9114,Lighting > Chandeliers
AJC-9082,Lighting > Chandeliers
AJC-9081,Lighting > Chandeliers
AJC-9080,Lighting > Chandeliers
AJC-9039,Lighting > Chandeliers
AMF-1713V147-C002-AS,Furniture > Living > Sofas
