495947-BAH,bookends
495947-STW,bookends
494115-FBR-SGC,boxes
495763-DBR,sculptures
495764-AWB,sculptures
495766-DKB,sculptures
495768-DBR,sculptures
495833-BLT,sculptures
495837-BRO,sculptures
495839-BBA,sculptures
495840-DBR,sculptures
495845-DBR,sculptures
495919-DBR,sculptures
495920-BAH,sculptures
495937-BAH,sculptures
495937-STA,sculptures
495941-STW,sculptures
495942-STW,sculptures
495948-DBR,sculptures
495948-STW,sculptures
540029-BBK,sculptures
540080-HNW,paintings
493287-TDO,trays
493801-USK-MAH,beds
495505-USK-BMA,beds
496026-USK-WBL,beds
496079-USK-WBA,beds
496099-USK-CHK-F053,beds
500251-USK-EBO-DCOM,beds
500256-USK-DGA-F300,beds
500277-USK-DFO,beds
500295-USK-GYO,beds
500353-USK-WTL,beds
500353-USK-WTL-F300,beds
530090-USK-GYO,beds
491067-ADG,bookcases
491067-DTW,bookcases
491027-CFW,display cabinets
491027-DTM,display cabinets
493072-BLA,display cabinets
495063-BMA,display cabinets
495144-BLA,display cabinets
500450-BLO,display cabinets
496074-WBA,bars
500166-LFT-SWB,bars
492260-MAH,cabinets
492260-PBG,cabinets
492833-WLL,cabinets
494058-EBF,cabinets
530034-WAA,cabinets
491062-DTM,cabinets
494692-MAH,cabinets
496032-TTG,cabinets
496070-PSG,cabinets
500172-LFT-SWB,cabinets
500221-ENO-M025,cabinets
500235-SAD,cabinets
500274-WGE-STS,cabinets
500288-DFO,cabinets
500416-BLO-BSM,cabinets
530215-WAA,cabinets
540003-RGT-IPM,cabinets
495176-AMA,entertainment
500266-WGE,entertainment
500334-DFO,entertainment
500363-WTL,entertainment
530226-80L-CLO,entertainment
493733-MAH,wardrobes
495041-WLM,wardrobes
495810-BMA,wardrobes
500287-DFO,wardrobes
491004-CFW,chests
491004-DTM,chests
491004-DTW,chests
492213-BRW,chests
492262-MAH,chests
492721-MAH,chests
493089-MAH,chests
494023-LAM,chests
494198-HNL-FRE,chests
494386-MAH,chests
494782-AJS-AJC10,chests
494844-MAH,chests
494902-SAM,chests
495322-RWL,chests
495417-BEC,chests
495563-MAH,chests
495822-EB002,chests
495832-MBL,chests
496007-BGA,chests
496007-BGA-M025,chests
496009-PGA,chests
496061-42L-TBK,chests
496061-50L-TBK,chests
496065-WBA,chests
496090-42L-BLC,chests
496090-42L-TIC,chests
496090-52L-BLC,chests
496090-52L-TIC,chests
496092-38L-ATW,chests
496092-38L-GAW,chests
496092-38L-PEW,chests
496092-48L-ATW,chests
496092-48L-GAW,chests
496092-48L-PEW,chests
496097-PSW,chests
496098-PDB,chests
496108-CHK,chests
500017-BLG,chests
500064-GYO,chests
500064-SGO,chests
500257-WGE,chests
500278-DFO,chests
500324-ENO,chests
500352-WTL,chests
500354-WTL,chests
500390-BLO-DPC,chests
500392-BLO-DPC,chests
500396-NDK-L037,chests
530068-WAA,chests
530228-WGR,chests
491058-CFW,desks
491058-DTD,desks
491058-DTM,desks
491058-DTW,desks
492173-WAL,desks
493062-MAH,desks
493925-56L-BGA,desks
494089-SAS,desks
494780-MWA,desks
495008-SAM,desks
495805-BLG,desks
495975-WBR,desks
495991-PGA,desks
496076-WBA,desks
500184-SAD,desks
500246-SAD,desks
500376-WTL,desks
500382-SIL-LCD,desks
500384-SIL-LCD,desks
495456,floor lamps
500244-SAD,floor lamps
540028-WAL,floor lamps
494966-G,tables lamps
495358-CAW,tables lamps
495453,tables lamps
495933-DBR,tables lamps
491006-CFW,mirrors
491006-DTW,mirrors
491006-PDA,mirrors
491191-LBC,mirrors
494160-G,mirrors
494372-GIL,mirrors
494468-GIL,mirrors
494468-SIL,mirrors
494469-SIL,mirrors
494531-SAH,mirrors
494532-AMH,mirrors
494627-DLF,mirrors
495000-GIL,mirrors
495004-GIL,mirrors
495147-WTG,mirrors
495185-DLF,mirrors
495350-SIL,mirrors
495405-BMA-GIL,mirrors
495896-EBO,mirrors
495984-48D-BGD,mirrors
495992-38D-BMG,mirrors
495992-46D-BMG,mirrors
496012-38D-PGA,mirrors
496012-48D-PGA,mirrors
496014-BMG,mirrors
496087-CPG,mirrors
496100-CHK,mirrors
496103-CHK,mirrors
499089-MAH,mirrors
500189-GLB,mirrors
500190-GLB,mirrors
500199-ENO-M025,mirrors
500200-ENO-M025,mirrors
500217-36D-WGE-STS,mirrors
500217-48D-WGE-STS,mirrors
500280-DFO,mirrors
500281-DFO,mirrors
500301-BZI,mirrors
500360-42D-EA002,mirrors
500360-42D-WTL,mirrors
500360-52D-EA002,mirrors
500360-52D-WTL,mirrors
500369-WGE,mirrors
500373-60D-SIL,mirrors
530153-GYO,mirrors
530192-WAA,mirrors
530193-40D-WAA,mirrors
530193-60D-WAA,mirrors
530221-SBO,mirrors
530221-STS,mirrors
530222-SBO,mirrors
530222-STS,mirrors
491071-CFW,barstools
491071-DTD,barstools
491071-DTM,barstools
491071-PDA,barstools
492244,barstools
492567-BS-WAL,barstools
493095-BS-WAL-L002,barstools
493095-CS-WAL-L002,barstools
493448-AC-TDO,barstools
493448-SC-TDO,barstools
494315-AC-CS-DBO,barstools
494315-AC-TDO,barstools
494315-SC-LNO,barstools
494315-SC-TDO,barstools
494385-WAL-L007,barstools
495098-CS-MAO,barstools
495802-BS-MAH-F001,barstools
495887-BS-ADG,barstools
495887-BS-CFW,barstools
495887-BS-GYO,barstools
495887-BS-PDA,barstools
495887-CS-ADG,barstools
495903-BS-WAL-DCOM,barstools
495903-BS-WAL-L002,barstools
495903-BS-WAL-L028,barstools
495903-CS-WAL-L002,barstools
500085-CS-SWB,barstools
500086-CS-SWB,barstools
500158-BS-ADB-DCOM,barstools
500158-BS-ADB-F001,barstools
500158-CS-ADB-DCOM,barstools
500253-BS-LBE-F001,barstools
491088-DTM,benches
491088-DTW,benches
492247-WAL-F400,benches
492803-DTM,benches
492803-DTM-F400,benches
492803-DTW-F400,benches
492803-WAL,benches
493538-TDO,benches
494150-G-L014,benches
494150-S-L014,benches
494441-TDO,benches
495298-DLF-L012,benches
496078-STC-F200,benches
500285-DFO-DCOM,benches
500285-DFO-F300,benches
530007-CGR,benches
530008-CGR,benches
530091-GYO,benches
530103-GYO,benches
491018-SC-CFW-F001,dining chairs
491018-SC-DTM-F400,dining chairs
491047-AC-DTD-F400,dining chairs
491047-AC-DTM-F400,dining chairs
491047-AC-DTW-F400,dining chairs
491047-SC-DTM-F400,dining chairs
491047-SC-DTW-F400,dining chairs
491047-SC-PDA-F400,dining chairs
491076-AC-ADG-F001,dining chairs
491076-AC-DTD-F400,dining chairs
491076-AC-DTM-F400,dining chairs
491076-AC-DTW-F400,dining chairs
491076-AC-PDA-F001,dining chairs
491076-SC-CFW-F400,dining chairs
491076-SC-DTD-F400,dining chairs
491076-SC-DTL-F400,dining chairs
491076-SC-DTM-F400,dining chairs
491076-SC-DTW-F400,dining chairs
491102-SC-CFW-F400,dining chairs
491198-AC-DTM-F400,dining chairs
492276-AC-WAL,dining chairs
492276-SC-WAL,dining chairs
492288-AC-WAL-F001,dining chairs
492296-AC-PCS,dining chairs
492296-SC-DTM,dining chairs
492296-SC-PCS,dining chairs
492296-SC-PCS-F001,dining chairs
492300-AC-DTM-F400,dining chairs
492300-AC-WAL,dining chairs
492300-SC-DTM-F400,dining chairs
492300-SC-WAL,dining chairs
492304-SC-WAL,dining chairs
492468-SC-MAH-F001,dining chairs
492468-SC-MAH-F200,dining chairs
492472-AC-MAH-F001,dining chairs
492472-SC-MAH-F001,dining chairs
492472-SC-MAH-F200,dining chairs
492476-AC-MAH-F001,dining chairs
492476-SC-GIL-F001,dining chairs
492476-SC-MAH-DCOM,dining chairs
492476-SC-MAH-F200,dining chairs
492491-WAL-DCOM,dining chairs
492601-SC-WAL,dining chairs
492646-AC-MAH-F001,dining chairs
492646-SC-SAM-DCOM,dining chairs
492646-SC-SAM-F001,dining chairs
492783-ADG-DCOM,dining chairs
492783-ADG-F001,dining chairs
492783-CFW-F001,dining chairs
492783-CFW-F400,dining chairs
492783-CWO-F054,dining chairs
492783-DTM-F400,dining chairs
492783-DTW-F400,dining chairs
492783-GYO-DCOM,dining chairs
492783-GYO-F001,dining chairs
492783-GYO-F400,dining chairs
492783-TDO-F001,dining chairs
492783-TDO-F400,dining chairs
492783-WAL-L002,dining chairs
492836-AC-MAH-DCOM,dining chairs
492836-SC-MAH-F200,dining chairs
492852-SC-WAL-F001,dining chairs
493245-SC-TDO-F001,dining chairs
493323-SC-LBC-F001,dining chairs
493330-SC-BLA-F053,dining chairs
493330-SC-MAH-F001,dining chairs
493330-SC-MAH-F200,dining chairs
493330-SC-WDL-F053,dining chairs
493381-AC-DTM-F400,dining chairs
493381-AC-LBC-F001,dining chairs
493381-SC-DTM-F400,dining chairs
493381-SC-LBC-F001,dining chairs
493395,dining chairs
493402-AC-TDO,dining chairs
493402-SC-TDO,dining chairs
493409,dining chairs
493760-AC-PCS-F001,dining chairs
493760-AC-POW-F001,dining chairs
493760-SC-PHB-F001,dining chairs
493898-AC-WAL-F001,dining chairs
493898-SC-WAL-F001,dining chairs
494055-SC-CWM-F001,dining chairs
494210-SC-FBG-F001,dining chairs
494218-AC-LNO,dining chairs
494218-AC-TDO,dining chairs
494218-SC-TDO,dining chairs
494305-SC-WAL-F001,dining chairs
494347-AC-EBF-F001,dining chairs
494347-AC-MAH-F200,dining chairs
494347-SC-CWM-F001,dining chairs
494347-SC-CWM-F200,dining chairs
494347-SC-EBF-F200,dining chairs
494347-SC-MAH-F200,dining chairs
494590-AC-WAL-L009,dining chairs
494590-SC-WAL-L009,dining chairs
494604-SC-GYO-F001,dining chairs
494604-SC-WAL-F001,dining chairs
494774-SC-WAL-F400,dining chairs
494888-AC-WAL-F200,dining chairs
494888-SC-WAL-F001,dining chairs
494888-SC-WAL-F200,dining chairs
494907-SC-DLF-F001,dining chairs
494941-AC-WAL-L002,dining chairs
494941-SC-WAL-L002,dining chairs
494996-SC-WAL-F200,dining chairs
495046-AC-BLA-F001,dining chairs
495047-AC-WAL-DCOM,dining chairs
495051-SC-WAL-F001,dining chairs
495097-AC-MAO,dining chairs
495097-SC-MAO,dining chairs
495293-AC-RWL-F001,dining chairs
495293-SC-RWL-F001,dining chairs
495301-SC-BMA-F001,dining chairs
495345-AC-ZEB-F005,dining chairs
495380-SC-WAL-F001,dining chairs
495551-AC-CAW-F001,dining chairs
495647-AC-BEC-F001,dining chairs
495647-SC-BEC-F300,dining chairs
495819-AC-EBF-DCOM,dining chairs
495819-AC-PBG-DCOM,dining chairs
495819-AC-PBG-F200,dining chairs
495819-SC-LBM-DCOM,dining chairs
495819-SC-PBG-F200,dining chairs
495877-SC-EBO-DCOM,dining chairs
495877-SC-EBO-F001,dining chairs
495987-AC-WGR-F200,dining chairs
495987-SC-WGR-F200,dining chairs
496001-AC-PGA-F200,dining chairs
496001-SC-PGA-F200,dining chairs
496063-AC-WBA-F200,dining chairs
496063-SC-WBA-F200,dining chairs
496102-SC-CHK-F053,dining chairs
496117-SC-PSW-F053,dining chairs
496124-ENO-F061,dining chairs
496124-PEW-F061,dining chairs
496125-PEW-F062,dining chairs
496127-BLW-F062,dining chairs
496127-ENO-F062,dining chairs
496127-PEW-F062,dining chairs
496133-CHK-F061,dining chairs
496133-PEW-F061,dining chairs
496133-TBK-F061,dining chairs
496135-AC-TBK-F062,dining chairs
496135-SC-TBK-F062,dining chairs
496135-SC-TIC-F062,dining chairs
498088-AC-BRW-DCOM,dining chairs
499179-SC-BRW-L011,dining chairs
500050-AC-BLA-F001,dining chairs
500050-SC-TWC-F001,dining chairs
500157-PES-F001,dining chairs
500192-HB-LBE-DCOM,dining chairs
500192-HB-LBE-F300,dining chairs
500250-AC2-LBG-F011,dining chairs
500250-SC-LBG-DCOM,dining chairs
500262-AC-WGY-DCOM,dining chairs
500262-AC-WGY-F300,dining chairs
500262-SC-WGY-DCOM,dining chairs
500262-SC-WGY-F300,dining chairs
500289-AC-MAO-DCOM,dining chairs
500289-AC-MAO-F300,dining chairs
500289-SC-MAO-DCOM,dining chairs
500289-SC-MAO-F300,dining chairs
500312-AC-DKO-F300,dining chairs
500312-SC-DKO-F300,dining chairs
500320-SC-ENO-BSG-F300,dining chairs
500320-SC-ENO-F300,dining chairs
500328-AC-WGE-F300,dining chairs
500328-SC-WGE-F300,dining chairs
500341-AC-DMO-F300,dining chairs
500341-SC-DMO-F300,dining chairs
500349-AC-WTL-F300,dining chairs
500349-SC-WTL-F300,dining chairs
500455-AC-BLO-F058,dining chairs
500455-SC-BLO-F058,dining chairs
530000-AC-GYO,dining chairs
530000-SC-GYO,dining chairs
530002-AC-GFA,dining chairs
530010-SC-GFA-DCOM,dining chairs
530083-SC-VTO,dining chairs
530113-AC-CLO,dining chairs
530113-SC-CLO,dining chairs
530121-SC-CHW,dining chairs
530136-AC-GYO,dining chairs
530136-SC-GYO,dining chairs
530143-SC-GFA,dining chairs
530143-SC-GYO,dining chairs
530183-SC-DWA,dining chairs
530185-SC-WSC-DCOM,dining chairs
530194-PCD,dining chairs
530204-AC-WAA,dining chairs
530204-SC-WAA,dining chairs
540052-WMC-DCOM,dining chairs
540054-WMC-F001,dining chairs
494983-BLA-F005,occasional chairs
494997-MAH-L007,occasional chairs
495196-BMA-L012,occasional chairs
530005-GFA,occasional chairs
530084-GFA-DCOM,occasional chairs
540005-SAH-F001,occasional chairs
540006-PJB-F001,occasional chairs
530223-SBO-DCOM,benches
491025-CFW,sideboards
491025-DTM,sideboards
491042-CFW,sideboards
491073-CFW,sideboards
491124-CFW,sideboards
491124-DTD,sideboards
491124-DTM,sideboards
492637-MAH,sideboards
492637-MBL,sideboards
492973-DTM,sideboards
492973-WAL,sideboards
492988-TDO,sideboards
493076-FWA-GFA,sideboards
493076-MAH,sideboards
493144-WAL,sideboards
493560-GYO,sideboards
494655-SAL,sideboards
494662-MAH,sideboards
494842-MAH,sideboards
495894-WRC-PCC,sideboards
496006-PGA,sideboards
496006-PGA-M025,sideboards
496075-WBA,sideboards
496088-WBR,sideboards
496109-CHK,sideboards
496110-PNT,sideboards
500264-WGE,sideboards
500293-DFO,sideboards
500294-GYO,sideboards
500326-WGE,sideboards
500351-WTL,sideboards
500361-WTL,sideboards
500362-WTL,sideboards
500370-MEF,sideboards
530127-WAA,sideboards
530225-CLO,sideboards
491055-DTW,etageres
491100-CFW,etageres
491100-DTM,etageres
491100-RGA,etageres
492442-BLA,etageres
493557,etageres
494016-LAM,etageres
494329-G,etageres
494879-ARG,etageres
495012-LAB,etageres
495979-SDE-BGI,etageres
495995-PGA,etageres
496068-WBA,etageres
500223-ENO-M025,etageres
500224-BSG-ENO,etageres
500365-WTL,etageres
530234-WAA,etageres
491054-36D-BT-CFW,occasional tables
491054-36D-BT-DTL-DTD,occasional tables
491054-36D-BT-DTM,occasional tables
491116-48L-CT-AMW,occasional tables
495443-36D-BT-LWO,occasional tables
494470-TDO,nightstands
495197-DLF,nightstands
495504-BMA-GIL,nightstands
495590-LMS,nightstands
495650-LGC,nightstands
495988-WGR,nightstands
495998-BGA,nightstands
496066-WBA,nightstands
496077-WBA,nightstands
496106-PSW,nightstands
496116-CHK,nightstands
500210-PIV,nightstands
500238-SAD,nightstands
500239-SAD,nightstands
500273-WGE,nightstands
500276-WGE,nightstands
500279-DFO,nightstands
500282-DFO,nightstands
500329-WGE-STS,nightstands
500335-DFO,nightstands
500345-ENO,nightstands
500355-WTL,nightstands
500358-WTL,nightstands
500394-FWA,nightstands
500397-NDK-L037,nightstands
500424-36L-BLO-DPC,nightstands
540019-SAH,nightstands
491045-CFW,center tables
491045-DTM,center tables
492611-MBL-L030,center tables
494104-G,center tables
494953-DLF,center tables
496101-CHM,center tables
500202-AMH,center tables
530046-WAO,center tables
491014-CFW,cocktail tables
491014-DTM,cocktail tables
491021-CFW,cocktail tables
491021-DTD,cocktail tables
491021-DTM,cocktail tables
491041-CFW,cocktail tables
491041-DTM,cocktail tables
491085-CFW,cocktail tables
491126-ADG,cocktail tables
491126-CFW,cocktail tables
491126-DTM,cocktail tables
491126-DTW,cocktail tables
491132-CFW,cocktail tables
491132-DTM,cocktail tables
491140-LGC,cocktail tables
492022-DWA,cocktail tables
492649-MAH,cocktail tables
493413-COS,cocktail tables
494027-WAL,cocktail tables
494060-G-GES,cocktail tables
494063-G,cocktail tables
494127-GIL,cocktail tables
494138-SAS,cocktail tables
494144-G-GES,cocktail tables
494637-WAL,cocktail tables
494796-LRO,cocktail tables
494977-NKB,cocktail tables
495347-BLA,cocktail tables
495384-AMA-SIL,cocktail tables
495422-LMA,cocktail tables
495435-MAO,cocktail tables
495648-NWO,cocktail tables
495649-MBL,cocktail tables
495649-TWC,cocktail tables
495895-EBO,cocktail tables
496072-WBA,cocktail tables
496080-WBA,cocktail tables
500021-DBR,cocktail tables
500044-BRH-M004,cocktail tables
500156-LPY-BAH,cocktail tables
500176-BAE-ENO,cocktail tables
500176-BES-ENO,cocktail tables
500179-WAT,cocktail tables
500198-ENO-M025,cocktail tables
500292-DMO,cocktail tables
500359-WTL,cocktail tables
500368-WTL,cocktail tables
500383-SIL-LCD,cocktail tables
500408-BLO,cocktail tables
500413-NTS,cocktail tables
500451-BLO,cocktail tables
530057-B,cocktail tables
530197-PWB,cocktail tables
491017-DTM,console tables
491017-DTW,console tables
491024-CFW,console tables
491050-CFW,console tables
491053-ADG,console tables
491053-CFW,console tables
491057-CFW,console tables
491077-CFW,console tables
491077-DTM,console tables
491077-DTW,console tables
491083-CFW,console tables
491083-DTD,console tables
491107-G-GCL,console tables
491107-S-GCL,console tables
491142-LMC,console tables
491162-CFW,console tables
491184-LBC,console tables
491194-63L-ADG,console tables
491194-63L-CFW,console tables
492095-86L-NSO,console tables
492095-86L-WAL,console tables
492704-WCD,console tables
492758-SAM,console tables
492788-WAL,console tables
493143-WCD,console tables
493232-ACS,console tables
493232-PBG,console tables
494002-LAM,console tables
494026-WAL,console tables
494149-G,console tables
494156-G,console tables
494180-G,console tables
494325-G-SGA,console tables
494585-C,console tables
494600-MAH,console tables
494600-MBL,console tables
494601-WAL,console tables
494846-MAH,console tables
494892-BMA,console tables
494956-ZEB,console tables
495064-72L-RWL,console tables
495087-BRO,console tables
495303-RWL,console tables
495386-RWL,console tables
495430-LWO,console tables
495430-MAO,console tables
495534-EC002,console tables
495856-DBW,console tables
495938-63L-DBW,console tables
495974-WBR,console tables
496005-PGA,console tables
496081-WBA,console tables
500000-BEC,console tables
500212-B-M025,console tables
530011-EDO,console tables
530013-GYO,console tables
530029-WAO,console tables
530098-VWO,console tables
530181-GYO,console tables
530206-WAA,console tables
491030-42D-MAH,dining tables
491059-90L-CFW,dining tables
491059-90L-DTL,dining tables
491059-90L-DTM,dining tables
491059-90L-PDA,dining tables
491060-72L-CFW,dining tables
491060-72L-DTM,dining tables
491060-72L-PDA,dining tables
491061-54L-CFW,dining tables
491061-54L-DTM,dining tables
491061-54L-DTW,dining tables
491086-48D-CFW,dining tables
491086-48D-DTM,dining tables
491086-48D-RGA,dining tables
491099-60L-CFW,dining tables
491101-60D-CFW,dining tables
491101-72D-CFW,dining tables
491101-72D-DTM,dining tables
491130-59D-CFW,dining tables
491130-59D-DTM,dining tables
491130-59D-DTW,dining tables
491169-86L-CFW,dining tables
491169-86L-DTM,dining tables
492266-75L-MAH,dining tables
492865-88L-MAH,dining tables
493378-91L-MFW,dining tables
494079-59D-WAL,dining tables
494437-71L-TDO,dining tables
494440-52L-TDO,dining tables
494574-54D-GSH,dining tables
494776-48D-WDL,dining tables
494776-60D-WDL,dining tables
494777-72D-DLF,dining tables
495306-110L-DTM,dining tables
495986-72L-WGR,dining tables
496000-72L-PGA,dining tables
496034-72D-CWO,dining tables
496034-72D-WBL,dining tables
496082-65L-WBA,dining tables
496093-112L-BLW,dining tables
496094-125L-TBK,dining tables
496095-140L-PEW,dining tables
496096-100L-TBK,dining tables
496104-120L-CHK,dining tables
496123-100L-CHK,dining tables
500261-108L-EGN,dining tables
500261-84L-EGN,dining tables
500261-96L-EGN,dining tables
500263-54D-EGN,dining tables
500263-60D-EGN,dining tables
500290-108L-DFO,dining tables
500290-84L-DFO,dining tables
500290-96L-DFO,dining tables
500319-108L-MEF-BSG,dining tables
500347-BASE-BAE,dining tables
500348-120L-WTL,dining tables
500398-116L-NDK,dining tables
500405-62D-NTS-BASE,dining tables
500418-BLO,dining tables
530021-54D-GYO,dining tables
530024-54D-GYO,dining tables
530054-70D-VWO,dining tables
540058-105L-WMC,dining tables
540075-80L-PEF,dining tables
500286-DFO,desks
491020-ADG,end tables
491020-CFW,end tables
491020-DTD,end tables
491020-DTM,end tables
491020-DTW,end tables
491020-PDA,end tables
491022-CFW,end tables
491022-DTM,end tables
491023-CFW,end tables
491023-DTM,end tables
491023-PAL,end tables
491023-RPL,end tables
491037-CFW,end tables
491037-DTM,end tables
491037-DTW,end tables
491043-CFW,end tables
491043-DTM,end tables
491043-DTW,end tables
491043-RGA,end tables
491072-CFW,end tables
491072-DTM,end tables
491075-CFW,end tables
491160-LBC,end tables
491161-LBC,end tables
491189-LBC,end tables
492021-WAL,end tables
492099-WAL,end tables
492399-MAH,end tables
492597-MAH,end tables
493125-LNO,end tables
493369-GYO,end tables
493497-DCW,end tables
493577-SAM,end tables
493599-DCW,end tables
493934-WAL,end tables
494000-EC001,end tables
494000-SAS,end tables
494003-LAM,end tables
494003-MBL,end tables
494078-WAL,end tables
494140-B-SG01,end tables
494140-G-GES,end tables
494288-LAM,end tables
494397-MAS,end tables
494402-LAW,end tables
494517-MAS,end tables
494522-DLF,end tables
494602-WAL,end tables
494636-WAL,end tables
494886-ACS,end tables
494976-NKB,end tables
494979-DMF,end tables
495007-SAM,end tables
495011-LAB,end tables
495011-NKB,end tables
495025-BRO,end tables
495078-MAO,end tables
495083-BRO,end tables
495100-GIL,end tables
495168-AMA,end tables
495193-AMA,end tables
495205-SGT-BRO,end tables
495229-LWO,end tables
495229-MAO,end tables
495241-BLA,end tables
495241-SIL,end tables
495389-SIL,end tables
495397-BEC,end tables
495408-RWL,end tables
495448-ZEB,end tables
495511-GLF,end tables
495522-BLG,end tables
495522-PEP,end tables
495523-DRG-EA002,end tables
495546-BEC,end tables
495994-BGA,end tables
495996-DFO,end tables
495996-PGA,end tables
495997-PGA,end tables
496004-PGA-M025,end tables
496067-WBA,end tables
496071-WBA,end tables
496089-HNL,end tables
496089-WDL,end tables
496115-CHM,end tables
496115-PDB,end tables
499501-MAM-MOP,end tables
500042-BRH-ED002,end tables
500042-BRH-M001,end tables
500042-BRH-M003,end tables
500043-BRH-M003,end tables
500060-LBO,end tables
500091-ABR,end tables
500105-EBA,end tables
500105-PTL,end tables
500162-SWB,end tables
500163-PCC,end tables
500167-BLG,end tables
500194-MED-M025,end tables
500194-SML-M025,end tables
500195-M025,end tables
500207-M025,end tables
500259-WGE,end tables
500330-WGE-STS,end tables
500336-DFO,end tables
500356-EA002,end tables
500356-WTL,end tables
500366-WTL,end tables
500379-SIL-LCD,end tables
500380-SIL-LCD,end tables
500381-SIL-LCD,end tables
500409-BLO-GCL,end tables
530015-GFA,end tables
530019-GYO,end tables
530020-GYO,end tables
530064-BUS,end tables
530101-GYO,end tables
530124-WAA,end tables
530142-GYO,end tables
540012-PJB,end tables
540073-HNW,end tables
493199-MAH,game tables
493305-WAL,game tables
494039-CDW,game tables
494475-CWM,game tables
491040-ADG,occasional tables
491040-CFW,occasional tables
491040-PDA,occasional tables
494141-G,occasional tables
494787,occasional tables
495029-BRO,occasional tables
495525-EC002,occasional tables
495525-EC005,occasional tables
496008-PGA,occasional tables
496073-STC-L033,occasional tables
500201-SAD,occasional tables
500218-BAE-ENO,occasional tables
500364-WTL,occasional tables
493008-MAH,occasional tables
495031-BRO,occasional tables
495062-WLM,occasional tables
495870-EBO,occasional tables
495989-WGR-GAM,occasional tables
496011-PGA,occasional tables
496025-ABB,occasional tables
496069-WBA,occasional tables
500367-WTL,occasional tables
