RA1426-LEN-PEA,Seating > Occasional Chairs
RA1189-KOK-SLA,Seating > Occasional Chairs
8335-32,Tables > Occasional Tables
8337-32,Tables > Occasional Tables
8347-36,Tables > Occasional Tables
8368-32,Tables > End Tables
88-0330,Tables > End Tables
89-0405,Tables > Occasional Tables
89-0410,Tables > End Tables
89-1003,Tables > End Tables
89-1007,Tables > End Tables
89-1009,Tables > End Tables
89-1010,Tables > End Tables
89-1011,Tables > End Tables
89-1013,Tables > End Tables
89-1014,Tables > End Tables
89-1012,Tables > End Tables
89-1015,Tables > End Tables
89-1016,Tables > End Tables
89-1017,Tables > End Tables
8340-36,Tables > Occasional Tables
HM1006,Tables > End Tables
8299-36,Tables > Occasional Tables
8333-30,Tables > Occasional Tables
8350-30,Tables > Occasional Tables
88-0530,Tables > Cocktail Tables
HM1014 ,Tables > End Tables
88-0404,Tables > End Tables
8332-32,Tables > Occasional Tables
HM1217E,Tables > End Tables
HM1239,Tables > End Tables
8106-30,Tables > End Tables
8333-32,Tables > Occasional Tables
88-0304,Tables > End Tables
HM1276,Tables > End Tables
HM1065,Tables > End Tables
8115-30,Tables > Occasional Tables
8114-32,Tables > Occasional Tables
89-1303,Beds
89-1305,Beds
88-0411,Beds
RAB1500-K-LIN-MOL,Beds
8100-42,Seating > Benches & Ottomans
8117-42 ,Seating > Benches & Ottomans
89-0501,Chests
89-0502,Seating > Benches & Ottomans
89-0804,Chests
89-0805,Chests
89-0806,Chests
8146-34 ,Tables > Console Tables
89-0101,Tables > Console Tables
89-0104,Tables > Console Tables
89-0107 ,Tables > Console Tables
89-1101,Tables > Console Tables
8152-34,Tables > Console Tables
8301-34,Tables > Console Tables
8300-33 ,Tables > Cocktail Tables
8302-33,Tables > Cocktail Tables
8304-33,Tables > Cocktail Tables
8364-33,Tables > Cocktail Tables
89-0601,Tables > Cocktail Tables
89-0603,Tables > Cocktail Tables
89-0604,Tables > Cocktail Tables
89-0607,Tables > Cocktail Tables
89-0608,Tables > Cocktail Tables
89-0609,Tables > Cocktail Tables
89-0610,Tables > Cocktail Tables
89-0611,Tables > Cocktail Tables
89-0612,Tables > Cocktail Tables
89-0613,Tables > Cocktail Tables
89-0614,Tables > Cocktail Tables
89-0615,Tables > Cocktail Tables
HM1252,Tables > Cocktail Tables
88-0401,Tables > Cocktail Tables
HM1328B,Tables > Cocktail Tables
HM1005C,Tables > Cocktail Tables
HM1022,Tables > Cocktail Tables
88-0501,Tables > Cocktail Tables
HM1105,Tables > Cocktail Tables
HM1334C,Tables > Cocktail Tables
HM1240,Tables > Cocktail Tables
HM1318C ,Tables > Cocktail Tables
HM1086C,Tables > Cocktail Tables
HM1262,Tables > Cocktail Tables
8101-33,Tables > Cocktail Tables
8128-33 ,Tables > Cocktail Tables
88-0101,Tables > Cocktail Tables
89-1403,Seating > Game Chairs
89-1404,Seating > Game Chairs
89-1405,Seating > Game Chairs
8115-43,Seating > Game Chairs
89-0001,Desks
89-0002,Desks
89-0004,Desks
89-0005,Desks
89-0006,Desks
89-0007,Desks
8109-55 ,Desks
89-0201,Seating > Dining Chairs
89-0202,Seating > Dining Chairs
89-0206,Seating > Dining Chairs
89-0301,Seating > Dining Chairs
89-0302,Seating > Dining Chairs
89-0306,Seating > Dining Chairs
88-0165 ,Seating > Dining Chairs
8122-40,Seating > Dining Chairs
88-0346 ,Seating > Dining Chairs
88-0446,Seating > Dining Chairs
8121-41 ,Seating > Dining Chairs
8103-41,Seating > Dining Chairs
88-0265,Seating > Dining Chairs
8102-41,Seating > Dining Chairs
8109-41,Seating > Dining Chairs
8100-40,Seating > Dining Chairs
8100-41,Seating > Dining Chairs
8121-40 ,Seating > Dining Chairs
88-0145,Seating > Dining Chairs
8114-40,Seating > Dining Chairs
8123-40,Seating > Dining Chairs
8111-35 ,Tables > Dining Tables
89-0705,Tables > Dining Tables
89-0706,Tables > Dining Tables
8298-35 ,Tables > Dining Tables
8103-35 ,Tables > Dining Tables
8105-35 ,Tables > Dining Tables
89-0807,Dressers
89-0408,Tables > End Tables
89-0901 ,Tables > Game Tables
89-0902 ,Tables > Game Tables
89-0903,Tables > Game Tables
89-0904,Tables > Game Tables
89-0905 ,Tables > Game Tables
89-0906 ,Tables > Game Tables
8107-13,Tables > Game Tables
8100-31,Tables > Game Tables
8105-28,Accessories > Mirrors
8205-28 ,Accessories > Mirrors
8161-28 ,Accessories > Mirrors
8203-28,Accessories > Mirrors
88-0137,Accessories > Mirrors
8312-28,Accessories > Mirrors
8156-28,Accessories > Mirrors
8189-28,Accessories > Mirrors
8231-28,Accessories > Mirrors
8108-28 ,Accessories > Mirrors
8210-28,Accessories > Mirrors
8315-28 ,Accessories > Mirrors
8172-28,Accessories > Mirrors
8166-28 ,Accessories > Mirrors
8167-28,Accessories > Mirrors
8100-21,Accessories > Mirrors
8319-28,Accessories > Mirrors
8102-28 ,Accessories > Mirrors
8155-28,Accessories > Mirrors
8160-28 ,Accessories > Mirrors
8129-28 ,Accessories > Mirrors
8156-15 ,Accessories > Mirrors
8163-28,Accessories > Mirrors
8158-28,Accessories > Mirrors
8362-17 ,Accessories > Mirrors
8299-17,Accessories > Mirrors
8124-19 ,Accessories > Mirrors
8127-19 ,Accessories > Mirrors
8158-17 ,Accessories > Mirrors
8102-17,Lighting > Tables Lamps
8195-17,Lighting > Tables Lamps
8107-17 ,Lighting > Tables Lamps
8143-17,Lighting > Tables Lamps
8122-17,Lighting > Tables Lamps
88-0412 ,Nightstands
89-1021,Nightstands
RA7068PR-DEL-SAD,Seating > Occasional Chairs
RA7000PR-SHE-TRU,Seating > Occasional Chairs
RA7186PR-COV-GRA,Seating > Occasional Chairs
RA745-CAL-HAR,Seating > Occasional Chairs
RA7001PR-ARI-STO,Seating > Occasional Chairs
RA2273-3-QUA-TAU,Seating > Occasional Chairs
RA6001-CRE-STR,Seating > Sofas
89-1201,Display Cabinets
89-1205,Display Cabinets
88-0109,Display Cabinets
HM1291,Etagere
HM1329T ,Etagere
8101-57 ,Display Cabinets
88-0409,Display Cabinets
8133-51 ,Display Cabinets
HM1072,Etagere
HM1333T,Etagere
88-0209 ,Display Cabinets
8109-53 ,Etagere
