Carol Benson-Cobb's Haze Four-Door Credenza,EUR-04-0476,John Richard,Furniture > Dining > Credenzas Sideboards & Buffets
Carol Benson-Cobb's Slated Four-Door Credenza,EUR-04-0475,John Richard,Furniture > Dining > Credenzas Sideboards & Buffets
Lanark Four-Door Buffet,EUR-04-0462,John Richard,Furniture > Dining > Credenzas Sideboards & Buffets
Zuzu Sideboard,EUR-04-0446,John Richard,Furniture > Dining > Credenzas Sideboards & Buffets
Anzu Cabinet,EUR-04-0373,John Richard,Furniture > Living > Cabinets
Mercia Bar Cabinet,EUR-04-0483,John Richard,Furniture > Living > Cabinets
Mercia Credenza,EUR-04-0453,John Richard,Furniture > Dining > Credenzas Sideboards & Buffets
Hallwood Cabinet,EUR-04-0412,John Richard,Furniture > Living > Cabinets
Gosforth Credenza,EUR-04-0443,John Richard,Furniture > Dining > Credenzas Sideboards & Buffets
Dante Four-Door Credenza,EUR-04-0361,John Richard,Furniture > Dining > Credenzas Sideboards & Buffets
Harmony Sideboard,EUR-04-0526,John Richard,Furniture > Dining > Credenzas Sideboards & Buffets
Woodcroft Three-Door Sideboard,EUR-04-0400,John Richard,Furniture > Dining > Credenzas Sideboards & Buffets
Pearl Credenza,EUR-04-0358,John Richard,Furniture > Dining > Credenzas Sideboards & Buffets
Carol Benson-Cobb's Dune Credenza,EUR-04-0495,John Richard,Furniture > Dining > Credenzas Sideboards & Buffets
Ghost White Credenza,EUR-04-0312,John Richard,Furniture > Dining > Credenzas Sideboards & Buffets
Elizabeth Cabinet,EUR-04-0279,John Richard,Furniture > Living > Cabinets
Triesse Four-Door Credenza,EUR-04-0459,John Richard,Furniture > Dining > Credenzas Sideboards & Buffets
Martino Sideboard,EUR-04-0482,John Richard,Furniture > Dining > Credenzas Sideboards & Buffets
Chelsea Sideboard,EUR-04-0452,John Richard,Furniture > Dining > Credenzas Sideboards & Buffets
Black Satin Cabinet,EUR-04-0478,John Richard,Furniture > Living > Cabinets
Moonlight Credenza,EUR-04-0448,John Richard,Furniture > Dining > Credenzas Sideboards & Buffets
I Dream of Agate Four-Door Cabinet,EUR-04-0401,John Richard,Furniture > Living > Cabinets
Ripples Sideboard,EUR-04-0388,John Richard,Furniture > Dining > Credenzas Sideboards & Buffets
Jardin Two-Door Cabinet,EUR-04-0384,John Richard,Furniture > Living > Cabinets
Sutton Place Sideboard,EUR-04-0489,John Richard,Furniture > Dining > Credenzas Sideboards & Buffets
Rio Two-Door Cabinet,EUR-04-0147,John Richard,Furniture > Living > Cabinets
Rio Four-Door Dresser,EUR-04-0164,John Richard,Furniture > Living > Cabinets
Falling Branch Credenza,EUR-04-0395,John Richard,Furniture > Dining > Credenzas Sideboards & Buffets
Framura Three-Drawer Chest,EUR-01-0280,John Richard,Furniture > Bedroom > Chests
Chepstow Two-Drawer Nightstand,EUR-01-0306,John Richard,Furniture > Bedroom > Nightstands
Tyrol Two-Door Side Cabinet in Alabaster,EUR-01-0283,John Richard,Furniture > Living > Cabinets
Palma Two-Drawer Chest,EUR-01-0251,John Richard,Furniture > Bedroom > Chests
Isola Single-Drawer Side Table,EUR-01-0278,John Richard,Furniture > Living > Tables > Occasional Tables
Lombardy Three-Drawer Chest,EUR-01-0286,John Richard,Furniture > Bedroom > Chests
Piedmont Three-Drawer Chest,EUR-01-0285,John Richard,Furniture > Bedroom > Chests
Carlyle Three-Drawer Chest,EUR-01-0302,John Richard,Furniture > Bedroom > Chests
Avest Console Table,EUR-02-0244,John Richard,Furniture > Living > Tables > Console Tables
Parisienne Console Table,EUR-02-0286,John Richard,Furniture > Living > Tables > Console Tables
Borsani Console Table,EUR-02-0175,John Richard,Furniture > Living > Tables > Console Tables
Curved Walnut Desk,EUR-02-0185,John Richard,Furniture > Living > Desks
Le Cirque Console Table,EUR-02-0156,John Richard,Furniture > Living > Tables > Console Tables
Midnight Console Table,EUR-02-0265,John Richard,Furniture > Living > Tables > Console Tables
Calabria Cocktail Table,EUR-03-0647,John Richard,Furniture > Living > Tables > Cocktail Tables
Larino Cocktail Table,EUR-03-0663,John Richard,Furniture > Living > Tables > Cocktail Tables
Rectangular Calcite Coffee Table,EUR-03-0583,John Richard,Furniture > Living > Tables > Cocktail Tables
Keswick Oval Cocktail Table,EUR-03-0424,John Richard,Furniture > Living > Tables > Cocktail Tables
Loft Cocktail Table,EUR-03-0668,John Richard,Furniture > Living > Tables > Cocktail Tables
Manhattan Cocktail Table,EUR-03-0657,John Richard,Furniture > Living > Tables > Cocktail Tables
Carol Benson-Cobb's Slated Cocktail Table,EUR-03-0652,John Richard,Furniture > Living > Tables > Cocktail Tables
Austin A. James' Lustrous Sky Stacking Tables (Set of Two),EUR-03-0676,John Richard,Furniture > Living > Tables > Occasional Tables
Esk Cocktail Table,EUR-03-0575,John Richard,Furniture > Living > Tables > Cocktail Tables
Chelsea Rectangular Cocktail Table,EUR-03-0505,John Richard,Furniture > Living > Tables > Cocktail Tables
Pedestal,EUR-08-0070,John Richard,Decoration > Artistic Ornaments > Pedestals
Transverse Leather And Steel Bench,AMF-1420-WHTE-AS,John Richard,Furniture > Living > Benches & Ottomans
Ocean Table Lamp,JRL-9207,John Richard,Lighting > Table Lamps
Enigma Table Lamp,JRL-9636,John Richard,Lighting > Table Lamps
Slated Table Lamp,JRL-9635,John Richard,Lighting > Table Lamps
Dune Table Lamp,JRL-9634,John Richard,Lighting > Table Lamps
Grey Marble and Polished Nickel Table Lamp,JRL-9563,John Richard,Lighting > Table Lamps
Alabaster Column Table Lamp,JRL-9084,John Richard,Lighting > Table Lamps
Alabaster Horizontal Block Table Lamp,JRL-9198,John Richard,Lighting > Table Lamps
Alabaster Block Table Lamp,JRL-9196,John Richard,Lighting > Table Lamps
Selenite Table Lamp I,JRL-9327,John Richard,Lighting > Table Lamps
Selenite Table Lamp II,JRL-9326,John Richard,Lighting > Table Lamps
Celene Lamp,JRL-9521,John Richard,Lighting > Table Lamps
Rustic Spiral Table Lamp,JRL-9231,John Richard,Lighting > Table Lamps
Upholstered Cocktail Ottoman,AMF-1400-B191-AS,John Richard,Furniture > Living > Benches & Ottomans
Marble And Brass Cocktail Table,JFD-0098,John Richard,Furniture > Living > Tables > Cocktail Tables
John Richard Celesite Hoop I,"JRA-10959",John Richard,Decoration > Artistic Ornaments > Sculptures
Celesite Hoop II,JRA-10960,John Richard,Decoration > Artistic Ornaments > Sculptures
Celesite Hoop III,JRA-10961,John Richard,Decoration > Artistic Ornaments > Sculptures
Windowpane Selenite Bloom Table Lamp,JRL-9799,John Richard,Lighting > Table Lamps
Tiered Selenite Table Lamp,JRL-9419,John Richard,Lighting > Table Lamps
Illuminated Calcite Table Lamp,JRL-9421,John Richard,Lighting > Table Lamps
Mother-of-Pearl Table Lamp,JRL-9332,John Richard,Lighting > Table Lamps
Rainwater on Glass Table Lamp,JRL-8726,John Richard,Lighting > Table Lamps
Luminous Ginger Jar Table Lamp,JRL-9608,John Richard,Lighting > Table Lamps
Handblown Golden Table Lamp,JRL-9571,John Richard,Lighting > Table Lamps
Sea And Surf Table Lamp,JRL-9797,John Richard,Lighting > Table Lamps
Bronze Reflections Table Lamp,JRL-9559,John Richard,Lighting > Table Lamps
Sculpted Table Lamp,JRL-9734,John Richard,Lighting > Table Lamps
Handblown Mottled Table Lamp,JRL-9593,John Richard,Lighting > Table Lamps
John Richard Elsa Table Lamp,"JRL-9137",John Richard,Lighting > Table Lamps
Multifaceted Turquoise Table Lamp,JRL-9698,John Richard,Lighting > Table Lamps
Blue Asian Gardens Table Lamp,JRL-8854,John Richard,Lighting > Table Lamps
Glass Rod Table Lamp,JRL-8990,John Richard,Lighting > Table Lamps
Metal And Glass Table Lamp,JRL-9626,John Richard,Lighting > Table Lamps
Brass And Glass Table Lamp,JRL-9627,John Richard,Lighting > Table Lamps
Brass And Acrylic Table Lamp,JRL-9761,John Richard,Lighting > Table Lamps
Brass And Acrylic Table Lamp,JRL-9696,John Richard,Lighting > Table Lamps
Brass And Acrylic Console Lamp,JRL-9697,John Richard,Lighting > Table Lamps
Industrial Floor Lamp,JRL-10092,John Richard,Lighting > Floor Lamps
Shiro-Noda Illuminated Table Light,JRL-10047,John Richard,Lighting > Table Lamps
Shiro-Noda Illuminated Floor Light,JRL-10048,John Richard,Lighting > Floor Lamps
The Alexander Table Lamp,JRL-9089,John Richard,Lighting > Table Lamps
Sophisticated Crystal Table Lamp,JRL-8344,John Richard,Lighting > Table Lamps
Crystal and Antique Brass Table Lamp,AJL-0251,John Richard,Lighting > Table Lamps
Faceted Crystal in Stand Buffet Lamp,JRL-8373,John Richard,Lighting > Table Lamps
The Marquise Table Lamp,JRL-9094,John Richard,Lighting > Table Lamps
Brass and Crystal Rod Table Lamp,JRL-9610,John Richard,Lighting > Table Lamps
Crystal Cube Table Lamp,JRL-9540,John Richard,Lighting > Table Lamps
Body Illuminating Interstellar Table Lamp,JRL-9513,John Richard,Lighting > Table Lamps
Cascading Crystal Waterfall Table Lamp,JRL-9395,John Richard,Lighting > Table Lamps
Cascading Crystal Waterfall Table Lamp,JRL-9394,John Richard,Lighting > Table Lamps
Circle of Light Table Lamp,JRL-8718,John Richard,Lighting > Table Lamps
Swirling Agates In Brown And Brass Table Lamp,JRL-9680,John Richard,Lighting > Table Lamps
Swirling Agates In Silver Table Lamp,JRL-9679,John Richard,Lighting > Table Lamps
Budding Crystal Table Lamp,JRL-8979,John Richard,Lighting > Table Lamps
Branched Crystal Table Lamp,JRL-9789,John Richard,Lighting > Table Lamps
Crystal Drip Floor Lamp,JRL-9880,John Richard,Lighting > Floor Lamps
Branched Crystal Table Lamp,JRL-9788,John Richard,Lighting > Table Lamps
Metropolis Buffet Lamp,JRL-8865,John Richard,Lighting > Table Lamps
"Stone, Alabaster Crystal Buffet Lamp",JRL-9711,John Richard,Lighting > Table Lamps
Crystal and Brass Buffet Lamp,JRL-9248,John Richard,Lighting > Table Lamps
Blooming Pierced Orchid Table Lamp,JRL-9366,John Richard,Lighting > Table Lamps
RIVer Rock Accent Lamp,JRL-9732,John Richard,Lighting > Table Lamps
Acrylic Block Illuminating Table Lamp,JRL-9641,John Richard,Lighting > Table Lamps
Moon Mist Table Lamp,JRL-9582,John Richard,Lighting > Table Lamps
Budding Crystal Floor Lamp,JRL-8981,John Richard,Lighting > Floor Lamps
Cascading Crystal Waterfall Floor Lamp,JRL-9393,John Richard,Lighting > Floor Lamps
Acrylic And Brass Six-Light Chandelier,AJC-9041,John Richard,Lighting > Chandeliers
Acrylic And Brass Single-Light Wall Sconce,AJC-9042,John Richard,Lighting > Wall Sconces
Acrylic And Brass Two-Light Wall Sconce,AJC-9038,John Richard,Lighting > Wall Sconces
Marquise Crystal Six-Light Chandelier,AJC-8888,John Richard,Lighting > Chandeliers
Marquise Crystal Floor Lamp,JRL-9391,John Richard,Lighting > Floor Lamps
Marquise Crystal One-Light Wall Sconce,AJC-8886,John Richard,Lighting > Wall Sconces
Black Tie Two-Light Sconce,AJC-8796,John Richard,Lighting > Wall Sconces
Cascading Crystal Waterfall One-Light Sconce,AJC-8879,John Richard,Lighting > Wall Sconces
Brass And Glass Teardrop Nine-Light Chandelier,AJC-8982,John Richard,Lighting > Chandeliers
Brass And Glass Teardrop Two-Light Wall Sconce,AJC-8983,John Richard,Lighting > Wall Sconces
Crystal Cone Sconce,AJC-8918,John Richard,Lighting > Wall Sconces
Natural Selenite Single-Light Wall Sconce,AJC-8871,John Richard,Lighting > Wall Sconces
Calcite Panel Two-Light Wall Sconce,AJC-8987,John Richard,Lighting > Wall Sconces
Calcite Panel Twenty-Light Pendant,AJC-8985,John Richard,Lighting > Pendants
Gold-Leaf And Crystal Chandelier,AJC-8877,John Richard,Lighting > Chandeliers
Ribbons Of Silver Eight-Light Pendant With Fan,AJC-9022,John Richard,Lighting > Pendants
Three-Light Wall Sconce,AJC-8740,John Richard,Lighting > Wall Sconces
Antique Venetian Silver Two-Light Wall Sconce,AJC-8742,John Richard,Lighting > Wall Sconces
Small Calcite Pedestal,JRA-10580,John Richard,Decoration > Artistic Ornaments > Pedestals
Tall Calcite Pedestal,JRA-10579,John Richard,Decoration > Artistic Ornaments > Pedestals
Crystal Martini Table,JRA-10627,John Richard,Furniture > Living > Tables > Occasional Tables
Crystal Martini Side Table,JRA-10450,John Richard,Furniture > Living > Tables > Occasional Tables
Geometric Martini Table,JRA-10713,John Richard,Furniture > Living > Tables > Occasional Tables
Brass And Marble Martini Table,JRA-10756,John Richard,Furniture > Living > Tables > Occasional Tables
Black Oxidized And Gold Accent Table,JRA-10139,John Richard,Furniture > Living > Tables > Occasional Tables
Floating Orchids,JRB-3946W,John Richard,Decoration > Home Accents > Botanicals
Perfection,JRB-3555W,John Richard,Decoration > Home Accents > Botanicals
Towering Dendrobiums,JRB-3517W,John Richard,Decoration > Home Accents > Botanicals
Foxtail Forest,JRB-3850,John Richard,Decoration > Home Accents > Botanicals
Mid-Century Palms,JRB-3849,John Richard,Decoration > Home Accents > Botanicals
Mirrored Elegance,JRB-2774,John Richard,Decoration > Home Accents > Botanicals
Fiesta,JRB-2843W,John Richard,Decoration > Home Accents > Botanicals
Lazy Vandas,JRB-3378W,John Richard,Decoration > Home Accents > Botanicals
Fiddle Elaf Fig 1,JRB-3363,John Richard,Decoration > Home Accents > Botanicals
New Banana Tree,JRB-3407,John Richard,Decoration > Home Accents > Botanicals
Natural Banana Tree,JRB-2139,John Richard,Decoration > Home Accents > Botanicals
Arcadia Mirror,JRM-0939,John Richard,Decoration > Home Accents > Mirrors
Gold Bursts On White Marble Bookends,JRA-10349S2,John Richard,Decoration > Home Accents > Bookends
Omega Mirror,JRM-0384,John Richard,Decoration > Home Accents > Mirrors
Richland Mirror,JRM-0383,John Richard,Decoration > Home Accents > Mirrors
Calypso Mirror,JRM-0422,John Richard,Decoration > Home Accents > Mirrors
Qigley Mirror,JRM-0762,John Richard,Decoration > Home Accents > Mirrors
Etruscan Mirror,JRM-0931,John Richard,Decoration > Home Accents > Mirrors
Gregory Mirror,JRM-0703,John Richard,Decoration > Home Accents > Mirrors
Pier Mirror,JRM-0687,John Richard,Decoration > Home Accents > Mirrors
Mary Hong's Galactic Mirror,JRM-0880,John Richard,Decoration > Home Accents > Mirrors
Dyann Gunter's As The Water Flows Mirror,JRM-0904,John Richard,Decoration > Home Accents > Mirrors
Zeta Mirror In Mayan Bronze,JRM-0833,John Richard,Decoration > Home Accents > Mirrors
Zeta Mirror In Pewter,JRM-0874,John Richard,Decoration > Home Accents > Mirrors
Janeiro Mirror,JRM-0671,John Richard,Decoration > Home Accents > Mirrors
Pesaro Mirror Panels (Set Of Three),JRM-0929S3,John Richard,Decoration > Home Accents > Mirrors
Isabella Mirror,JRM-0702,John Richard,Decoration > Home Accents > Mirrors
Emily Ryan Smith's Blue Twins I,GBG-1456A,John Richard,Decoration > Artistic Ornaments > Wall Art
Emily Ryan Smith's Blue Twins II,GBG-1456B,John Richard,Decoration > Artistic Ornaments > Wall Art
Kent Walsh's Golden Glow Triptych,GBG-1479,John Richard,Decoration > Artistic Ornaments > Wall Art
Robert Williams' Aqua Globe,GBG-1558,John Richard,Decoration > Artistic Ornaments > Wall Art
Kent Walsh's Verdant,GBG-1940,John Richard,Decoration > Artistic Ornaments > Wall Art
Kent Walsh's Archipeligo,GBG-1678,John Richard,Decoration > Artistic Ornaments > Wall Art
Kent Walsh's The Dance,GBG-1146,John Richard,Decoration > Artistic Ornaments > Wall Art
Kent Walsh's Nude at Sunrise,GBG-0567,John Richard,Decoration > Artistic Ornaments > Wall Art
Evening White,JRB-3734W,John Richard,Decoration > Home Accents > Botanicals
Glass Medallion Twelve-Light Chandelier,AJC-9234,John Richard,Lighting > Chandeliers
Glass Medallion Eighteen-Light Chandelier,AJC-9233,John Richard,Lighting > Chandeliers
Echo: Glass Globe Two-Light Wall Sconce,AJC-9232,John Richard,Lighting > Wall Sconces
Echo: Glass Globe Single Droplight,AJC-9231,John Richard,Lighting > Pendants
Echo: Glass Globe Single-Light Wall Sconce,AJC-9227,John Richard,Lighting > Wall Sconces
Genesis: Acrylic Eight-Light Pendant In Antique Brass,AJC-9225,John Richard,Lighting > Chandeliers
Genesis: Acrylic Eight-Light Chandelier With Polished Nickel,AJC-9224,John Richard,Lighting > Chandeliers
Genesis: Acrylic Eight-Light Chandelier With Antique Brass,AJC-9223,John Richard,Lighting > Chandeliers
Rectangles Of Mirror And Antique Gold-Leaf Wall Sconce,AJC-9215,John Richard,Lighting > Wall Sconces
"Stone, Alabaster Wall Sconce With A Nod To Mondrian",AJC-9212,John Richard,Lighting > Wall Sconces
Shiro-Noda Illuminated Eight-Light Wall Sculpture,AJC-9211,John Richard,Lighting > Wall Sconces
Illuminated Eight-Light Wall Sculpture,AJC-9210,John Richard,Lighting > Wall Sconces
Feng Ming's Lady Of The Manor,GBG-1735,John Richard,Decoration > Artistic Ornaments > Wall Art
Carol Benson-Cobb's The Race I,CBC-1171HJ-61X46-F15-AS,John Richard,Decoration > Artistic Ornaments > Wall Art
Carol Benson-Cobb's The Race II,CBC-1172HJ-61X46-F15-AS,John Richard,Decoration > Artistic Ornaments > Wall Art
Piazze Bench,AMF-1671-BLCK-AS,John Richard,Furniture > Living > Benches & Ottomans
Carres Bench,AMF-1670-WHTE-AS,John Richard,Furniture > Living > Benches & Ottomans
TrIVi Bench,AMF-1669V225-2164-AS,John Richard,Furniture > Living > Benches & Ottomans
TrIVi Stool,AMF-1675V225-2164-AS,John Richard,Furniture > Living > Benches & Ottomans
Scatole Bench,AMF-1672-WHTE-AS,John Richard,Furniture > Living > Benches & Ottomans
Diamond Ottoman,AMF-1663-3041-AS,John Richard,Furniture > Living > Benches & Ottomans
Gold Metal Basket Bench,AMF-1656-2185-AS,John Richard,Furniture > Living > Benches & Ottomans
Shaftsbury Stool,AMF-1632V64-ACPW-AS,John Richard,Furniture > Living > Benches & Ottomans
Vallejo Bench,AMF-1627V100-2164-AS,John Richard,Furniture > Living > Benches & Ottomans
New Park Bench,AMF-1613-WHTE-AS,John Richard,Furniture > Living > Benches & Ottomans
Enameled Earth Tone Table Lamp,JRL-10188,John Richard,Lighting > Table Lamps
Ashton Gate Side Table,EUR-03-0755,John Richard,Furniture > Living > Tables > End Tables
Ticinese Swivel Chair- 2193,AMF-1633V226-2193-AS,John Richard,Furniture > Living > Occasional Chairs
Shaye Rawson's Blue Falls,GBG-1800,John Richard,Decoration > Artistic Ornaments > Wall Art
Cosmos King Bed,EUR-06-0019,John Richard,Furniture > Bedroom > Beds
Cosmos Two-Drawer Nightstand,EUR-03-0656,John Richard,Furniture > Bedroom > Nightstands
Capiz And Mirror Tray,JRA-9468,John Richard,Decoration > Home Accents > Trays
Silver Branches I-IV (Set Of Four),GBG-1519S4,John Richard,Decoration > Artistic Ornaments > Wall Art
Kano Sideboard,EUR-04-0553,John Richard,Furniture > Dining > Credenzas Sideboards & Buffets
Greystoke Sideboard,EUR-04-0612,John Richard,Furniture > Dining > Credenzas Sideboards & Buffets
Ide Hill Sideboard,EUR-04-0555,John Richard,Furniture > Dining > Credenzas Sideboards & Buffets
Hampton Foor-Door Credenza,EUR-04-0567,John Richard,Furniture > Dining > Credenzas Sideboards & Buffets
Cosmos Two-Door Cabinet,EUR-04-0413,John Richard,Furniture > Living > Cabinets
Greystoke Cabinet,EUR-04-0621,John Richard,Furniture > Living > Cabinets
Three Flowing Wave Spheres Nickel Table Lamp,JRL-10304,John Richard,Lighting > Table Lamps
Triesse Six-Door Credenza,EUR-04-0568,John Richard,Furniture > Dining > Credenzas Sideboards & Buffets
Mark Mcdowell's Veil,GBG-1755,John Richard,Decoration > Artistic Ornaments > Wall Art
John Richard Alabaster Tray with Alabaster Handles,"JRA-10962",John Richard,Decoration > Home Accents > Trays
Troina Two-Door Cabinet,EUR-04-0630,John Richard,Furniture > Living > Cabinets
Ravine Credenza,EUR-04-0634,John Richard,Furniture > Dining > Credenzas Sideboards & Buffets
Belluno Sideboard,EUR-04-0641,John Richard,Furniture > Dining > Credenzas Sideboards & Buffets
Loftus Sideboard,EUR-04-0643,John Richard,Furniture > Dining > Credenzas Sideboards & Buffets
Troina Four-Door Sideboard,EUR-04-0646,John Richard,Furniture > Dining > Credenzas Sideboards & Buffets
Malvasia Four-Door Cabinet,EUR-04-0647,John Richard,Furniture > Living > Cabinets
Naro Sideboard,EUR-04-0648,John Richard,Furniture > Dining > Credenzas Sideboards & Buffets
Modica Two-Drawer Chest,EUR-01-0401,John Richard,Furniture > Bedroom > Chests
Lenosa Dresser,EUR-01-0409,John Richard,Furniture > Dining > Credenzas Sideboards & Buffets
Kano Nine-Drawer Sideboard,EUR-01-0397,John Richard,Furniture > Dining > Credenzas Sideboards & Buffets
Traviso Three-Drawer Nightstand,EUR-01-0404,John Richard,Furniture > Bedroom > Chests
Traviso Nine-Drawer Chest of Drawers,EUR-01-0408,John Richard,Furniture > Bedroom > Chests
Pelo Cabinet,EUR-04-0602,John Richard,Furniture > Living > Cabinets
Azure Sideboard,EUR-04-0607,John Richard,Furniture > Dining > Credenzas Sideboards & Buffets
Parkstone Sideboard,EUR-04-0608,John Richard,Furniture > Dining > Credenzas Sideboards & Buffets
Vologne Sideboard,EUR-04-0614,John Richard,Furniture > Dining > Credenzas Sideboards & Buffets
Moder Sideboard,EUR-04-0615,John Richard,Furniture > Dining > Credenzas Sideboards & Buffets
Moder Cabinet,EUR-04-0620,John Richard,Furniture > Living > Cabinets
Tesino Sideboard,EUR-04-0622,John Richard,Furniture > Dining > Credenzas Sideboards & Buffets
Meuse Sideboard,EUR-04-0632,John Richard,Furniture > Dining > Credenzas Sideboards & Buffets
Montego Sideboard,EUR-04-0502,John Richard,Furniture > Dining > Credenzas Sideboards & Buffets
Aveley Cabinet,EUR-04-0522,John Richard,Furniture > Living > Cabinets
Shaye Rawson's Pavo Cabinet,EUR-04-0523,John Richard,Furniture > Living > Cabinets
Pristine Cabinet,EUR-04-0524,John Richard,Furniture > Living > Cabinets
Inaka Sideboard,EUR-04-0531,John Richard,Furniture > Dining > Credenzas Sideboards & Buffets
Solstice Sideboard,EUR-04-0539,John Richard,Furniture > Dining > Credenzas Sideboards & Buffets
Castellane Sideboard,EUR-04-0544,John Richard,Furniture > Dining > Credenzas Sideboards & Buffets
Kiro Sideboard,EUR-04-0549,John Richard,Furniture > Dining > Credenzas Sideboards & Buffets
Radiance Cabinet,EUR-04-0557,John Richard,Furniture > Living > Cabinets
Skyscape Sideboard,EUR-04-0558,John Richard,Furniture > Dining > Credenzas Sideboards & Buffets
Belgrave Sideboard,EUR-04-0562,John Richard,Furniture > Dining > Credenzas Sideboards & Buffets
Greys Credenza,EUR-04-0564,John Richard,Furniture > Dining > Credenzas Sideboards & Buffets
Déjà Vu Credenza,EUR-04-0569,John Richard,Furniture > Dining > Credenzas Sideboards & Buffets
Duet Cabinet,EUR-04-0573,John Richard,Furniture > Living > Cabinets
Ignea Sideboard,EUR-04-0581,John Richard,Furniture > Dining > Credenzas Sideboards & Buffets
Audley Sideboard,EUR-04-0582,John Richard,Furniture > Dining > Credenzas Sideboards & Buffets
Shaye Rawson's Spring Rain Commode,EUR-04-0598,John Richard,Furniture > Living > Cabinets
Shaye Rawson's Spring Rain Sideboard,EUR-04-0599,John Richard,Furniture > Dining > Credenzas Sideboards & Buffets
Honeycomb Credenza,EUR-04-0449,John Richard,Furniture > Dining > Credenzas Sideboards & Buffets
Austin A. James' River Three-Door Cabinet,EUR-04-0487,John Richard,Furniture > Living > Cabinets
Cefalu Three-Drawer Chest,EUR-01-0402,John Richard,Furniture > Bedroom > Chests
Chepstow Sideboard,EUR-04-0416,John Richard,Furniture > Dining > Credenzas Sideboards & Buffets
Cosmos Four-Door Cabinet,EUR-04-0423,John Richard,Furniture > Living > Cabinets
Falling Vine Sideboard,EUR-04-0377,John Richard,Furniture > Dining > Credenzas Sideboards & Buffets
Gironde Sideboard,EUR-04-0577,John Richard,Furniture > Dining > Credenzas Sideboards & Buffets
Rimini Sideboard,EUR-04-0586,John Richard,Furniture > Dining > Credenzas Sideboards & Buffets
Zulu Stepped Cabinet,EUR-04-0437,John Richard,Furniture > Living > Cabinets
Perth Sideboard,EUR-04-0485,John Richard,Furniture > Dining > Credenzas Sideboards & Buffets
Chepstow Two-Door Chest,EUR-04-0417,John Richard,Furniture > Bedroom > Chests
Dante Bedroom Chest,EUR-01-0310,John Richard,Furniture > Bedroom > Chests
Ornamento Nightstand,EUR-01-0313,John Richard,Furniture > Bedroom > Nightstands
Marais Commode,EUR-01-0327,John Richard,Furniture > Bedroom > Chests
Harmony Three-Drawer Chest,EUR-01-0335,John Richard,Furniture > Bedroom > Chests
Modica Three-Drawer Chest,EUR-01-0337,John Richard,Furniture > Bedroom > Chests
Grand Boulevard Chest,EUR-01-0344,John Richard,Furniture > Bedroom > Chests
Carlyle Nightstand,EUR-01-0348,John Richard,Furniture > Bedroom > Nightstands
Emperador Chest,EUR-01-0350,John Richard,Furniture > Bedroom > Chests
Andria Nightstand,EUR-01-0362,John Richard,Furniture > Bedroom > Nightstands
Palma Nightstand,EUR-01-0366,John Richard,Furniture > Bedroom > Nightstands
Tribeca Nightstand,EUR-01-0374,John Richard,Furniture > Bedroom > Nightstands
Corsini Nightstand,EUR-01-0380,John Richard,Furniture > Bedroom > Nightstands
Latour Chest,EUR-01-0381,John Richard,Furniture > Bedroom > Chests
Cordes Chest,EUR-01-0384,John Richard,Furniture > Bedroom > Chests
Cifra Nightstand,EUR-01-0385,John Richard,Furniture > Bedroom > Nightstands
Cordes Nightstand,EUR-01-0386,John Richard,Furniture > Bedroom > Nightstands
Kano Nightstand,EUR-01-0388,John Richard,Furniture > Bedroom > Nightstands
Corsini Chest,EUR-01-0390,John Richard,Furniture > Bedroom > Chests
Perth Two-Drawer Chest,EUR-01-0262,John Richard,Furniture > Bedroom > Chests
Chepstow Three-Drawer Chest,EUR-01-0268,John Richard,Furniture > Bedroom > Chests
Illuminated Console Table in Stainless Steel,EUR-02-0323,John Richard,Furniture > Living > Tables > Console Tables
Silver and Gold Enameled Vase II,JRA-11532,John Richard,Decoration > Artistic Ornaments > Vases
Silver And Gold Enameled Vase I,JRA-11531,John Richard,Decoration > Artistic Ornaments > Vases
Mud Ring II,GBG-1975B,John Richard,Decoration > Artistic Ornaments > Wall Art
Mud Ring I,GBG-1975A,John Richard,Decoration > Artistic Ornaments > Wall Art
Studded In Twigs Plateau,JRA-11303,John Richard,Decoration > Home Accents > Trays
Glass Block Side Table,JFD-0123,John Richard,Furniture > Living > Tables > End Tables
Austin A. James' New Orleans White Sofa Table With Shelf,JFD-0120,John Richard,Furniture > Living > Tables > Console Tables
Mark Mcdowell's Solstice,GBG-1753,John Richard,Decoration > Artistic Ornaments > Wall Art
Scoop-Arm Sofa,AMQ-1301Q01-2137-AS,John Richard,Furniture > Living > Sofas
Stacked Crystal Candleholder,JRA-8286,John Richard,Decoration > Home Accents > Candelabras
Asian Delight,JRB-4356,John Richard,Decoration > Home Accents > Botanicals
Faceted Cut Crystal Nine-Light Chandelier,AJC-9139,John Richard,Lighting > Chandeliers
Austin A. James' Brentwood Two-Door Cabinet,EUR-04-0490,John Richard,Furniture > Living > Cabinets
Austin A. James' River Two-Door Cabinet,EUR-04-0488,John Richard,Furniture > Living > Cabinets
John Richard Stacked Crystal Candleholder,"JRA-8287",John Richard,Decoration > Home Accents > Candelabras
Shiro-Noda Fifteen-Light Glass Cluster Horizontal Chandelier,AJC-9108,John Richard,Lighting > Chandeliers
Castleleigh Sideboard,EUR-04-0505,John Richard,Furniture > Dining > Credenzas Sideboards & Buffets
Sculpted Table Lamp,JRL-10312,John Richard,Lighting > Table Lamps
Quartz and Pyrite on Crystal Table Lamp,JRL-10275,John Richard,Lighting > Table Lamps
White Sculptural Table Lamp,JRL-10257,John Richard,Lighting > Table Lamps
Luna: Crystal Wand Table Lamp,JRL-10266,John Richard,Lighting > Table Lamps
Sculpted Aperature Table Lamp,JRL-9993,John Richard,Lighting > Table Lamps
Furls Of White Lamp,JRL-9936,John Richard,Lighting > Table Lamps
Falling Agate Buffet Lamp,JRL-9478,John Richard,Lighting > Table Lamps
"Stone, Quartz Flower Table Lamp",JRL-9860,John Richard,Lighting > Table Lamps
Hayworth Cocktail Ottoman,AMF-1726-2207-AS,John Richard,Furniture > Living > Benches & Ottomans
Josephine Bench,AMF-1707V227-2211-AS,John Richard,Furniture > Living > Benches & Ottomans
Josephine Bench,AMF-1707V226-1128-AS,John Richard,Furniture > Living > Benches & Ottomans
Deauville Chair,AMF-1703V242-3041-AS,John Richard,Furniture > Living > Occasional Chairs
Rue Cambon Sofa,AMF-1702BBS-C011-AS,John Richard,Furniture > Living > Sofas
Naples Sofa--C010,AMF-1699PSS-C010-AS,John Richard,Furniture > Living > Sofas
Milano Sofa- C005,AMF-1639V147-C005-AS,John Richard,Furniture > Living > Sofas
Naples Chair- C010,AMF-1708PSS-C010-AS,John Richard,Furniture > Living > Occasional Chairs
Crystal Nesting Table,JFD-0216,John Richard,Furniture > Living > Tables > Occasional Tables
Crystal Nesting Table,JFD-0215,John Richard,Furniture > Living > Tables > Occasional Tables
Sculpted Table Lamp,JRL-10327,John Richard,Lighting > Table Lamps
Marble And Brushed Nickel Branch Martini Table,JFD-0184,John Richard,Furniture > Living > Tables > Occasional Tables
Kano Nesting Tables (Set of Two),EUR-03-0691,John Richard,Furniture > Living > Tables > Occasional Tables
Cocktail Table In Bronze,JFD-0224,John Richard,Furniture > Living > Tables > Cocktail Tables
Cocktail Table in Nickel,JFD-0223,John Richard,Furniture > Living > Tables > Cocktail Tables
"Stone, Quartz Crystal Martini Table",JFD-0201,John Richard,Furniture > Living > Tables > Occasional Tables
Polished Steel Martini Table,JFD-0200,John Richard,Furniture > Living > Tables > Occasional Tables
Hourglass Martini Table,JFD-0199,John Richard,Furniture > Living > Tables > Occasional Tables
Cut Crystal Martini Table,JFD-0196,John Richard,Furniture > Living > Tables > Occasional Tables
Sculpted Console Table in Antique Brass,JFD-0148,John Richard,Furniture > Living > Tables > Console Tables
Benevento Dining Table,EUR-10-0123,John Richard,Furniture > Dining > Dining Tables
Benevento Console Table,EUR-02-0318,John Richard,Furniture > Living > Tables > Console Tables
Benevento End Table,EUR-03-0780,John Richard,Furniture > Living > Tables > End Tables
Benevento Cocktail Table,EUR-03-0803,John Richard,Furniture > Living > Tables > Cocktail Tables
Lucena Brushed Stainless Steel Pedestal III,EUR-08-0108,John Richard,Decoration > Artistic Ornaments > Pedestals
Lucena Brushed Stainless Steel Pedestal II,EUR-08-0107,John Richard,Decoration > Artistic Ornaments > Pedestals
Lucena Brushed Stainless Steel Pedestal I,EUR-08-0106,John Richard,Decoration > Artistic Ornaments > Pedestals
Piazza Pedestal Forte,EUR-08-0105,John Richard,Decoration > Artistic Ornaments > Pedestals
Carol Benson-Cobb's Simpatico Four-Door Cabinet,EUR-04-0682,John Richard,Furniture > Living > Cabinets
Riverside Two-Door Cabinet,EUR-04-0681,John Richard,Furniture > Living > Cabinets
Clayton Four-Door Cabinet,EUR-04-0313,John Richard,Furniture > Living > Cabinets
Robin's-Egg Blue Speckled Glass Table Lamp,JRL-10329,John Richard,Lighting > Table Lamps
Lotus Leaf Pillar II,JRA-11859,John Richard,Decoration > Artistic Ornaments > Pedestals
Lotus Leaf Pillar I,JRA-11858,John Richard,Decoration > Artistic Ornaments > Pedestals
Eredi Highboy,EUR-01-0375,John Richard,Furniture > Bedroom > Chests
Aylesham Mirror,JRM-1000,John Richard,Decoration > Home Accents > Mirrors
Carved Alabaster Shaded Table Lamp,JRL-10235,John Richard,Lighting > Table Lamps
Glass and Brushed Nickel Frame Table Lamp,JRL-10247,John Richard,Lighting > Table Lamps
Jackie Ellens' Beach Scene,GBG-2432,John Richard,Decoration > Artistic Ornaments > Wall Art
Ashley SullIVan’S Pick Up Every Stitch,GBG-2372,John Richard,Decoration > Artistic Ornaments > Wall Art
Jason Lott's Neptune,GBG-1974,John Richard,Decoration > Artistic Ornaments > Wall Art
Set Of Two Sea-Foam Vases,JRA-10838S2,John Richard,Decoration > Artistic Ornaments > Vases
Jason Lincoln Jeffers' Karnak,GBG-0754,John Richard,Decoration > Artistic Ornaments > Wall Art
Acrylic And Nickel Six-Light Chandelier,AJC-9117,John Richard,Lighting > Chandeliers
Acrylic And Nickel Ten-Light Chandelier,AJC-9121,John Richard,Lighting > Chandeliers
Acrylic And Nickel Single-Light Wall Sconce,AJC-9119,John Richard,Lighting > Wall Sconces
The Look Of Quartz Handblown Glass Vase,JRA-11399,John Richard,Decoration > Artistic Ornaments > Vases
The Look Of Agate Handblown Glass Vase I,JRA-11397,John Richard,Decoration > Artistic Ornaments > Vases
The Look Of Agate Handblown Glass Vase II,JRA-11398,John Richard,Decoration > Artistic Ornaments > Vases
Carved Glass Teardrop Table Lamp in Grey,JRL-10155,John Richard,Lighting > Table Lamps
Emerald Green Marbled Buffet Lamp,JRL-10325,John Richard,Lighting > Table Lamps
Furling Cream and Caramel Buffet Lamp,JRL-10181,John Richard,Lighting > Table Lamps
Antique Brass Vase II,JRA-13076,John Richard,Decoration > Artistic Ornaments > Vases
Antique Brass Vase I,JRA-13075,John Richard,Decoration > Artistic Ornaments > Vases
Sculptural Body DIVided,JRA-13012,John Richard,Decoration > Artistic Ornaments > Sculptures
Man Cast In Time,JRA-11831,John Richard,Decoration > Artistic Ornaments > Sculptures
Hudson Chaise- 2207,AMF-1722V226-2207-AS,John Richard,Furniture > Living > Chaises & Settees
AVENA OTTOMAN,AMF-1741V72-2181-AS,John Richard,Furniture > Living > Benches & Ottomans
Paris Chaise Sectional L-Sofa- C013,AMF-1711V229-C013-AS,John Richard,Furniture > Living > Sofas
Keen Bench,AMF-1742V71-1109-AS,John Richard,Furniture > Living > Benches & Ottomans
Soho Three-Seat Sofa With Ottoman (Right-Facing Split)-C014,AMF-1745V242-C014-AS,John Richard,Furniture > Living > Sofas
Soho Two-Seat Sofa-C012,AMF-1744V226-C012-AS,John Richard,Furniture > Living > Sofas
Tonatiuh Sideboard,EUR-04-0690,John Richard,Furniture > Dining > Credenzas Sideboards & Buffets
Calabash Sideboard,EUR-04-0697,John Richard,Furniture > Dining > Credenzas Sideboards & Buffets
Ophelia Sideboard,EUR-04-0698,John Richard,Furniture > Dining > Credenzas Sideboards & Buffets
Pacific Sideboard,EUR-04-0693,John Richard,Furniture > Dining > Credenzas Sideboards & Buffets
Dumerili Sideboard,EUR-04-0689,John Richard,Furniture > Dining > Credenzas Sideboards & Buffets
Quercus Sideboard,EUR-04-0688,John Richard,Furniture > Dining > Credenzas Sideboards & Buffets
Clarion Sideboard,EUR-04-0685,John Richard,Furniture > Dining > Credenzas Sideboards & Buffets
Vertex Sideboard,EUR-04-0666,John Richard,Furniture > Dining > Credenzas Sideboards & Buffets
Cosmos Two-Door Cabinet,EUR-04-0664,John Richard,Furniture > Living > Cabinets
Cosmos Four-Door Cabinet,EUR-04-0663,John Richard,Furniture > Living > Cabinets
Rosedale Four-Door Cabinet,EUR-04-0662,John Richard,Furniture > Living > Cabinets
Paveley Sideboard,EUR-04-0583,John Richard,Furniture > Living > Cabinets
Impres Sideboard,EUR-04-0551,John Richard,Furniture > Dining > Credenzas Sideboards & Buffets
Arezzo Credenza,EUR-04-0188,John Richard,Furniture > Dining > Credenzas Sideboards & Buffets
Aspis Dresser,EUR-01-0424,John Richard,Furniture > Bedroom > Dressers
Antimony Dresser,EUR-01-0422,John Richard,Furniture > Bedroom > Dressers
Citalli: Quartz Fourteen-Light Two-Tier Chandelier,AJC-9269,John Richard,Lighting > Chandeliers
Citalli: Quartz Six-Light Single-Tier Chandelier,AJC-9268,John Richard,Lighting > Chandeliers
Citalli: Quartz Two-Light Wall Sconce,AJC-9267,John Richard,Lighting > Wall Sconces
Jade Stone Panel Single-Light Wall Sconce,AJC-9260,John Richard,Lighting > Wall Sconces
Bansho: Layered Glass Thirty-Light Horizontal Pendant Chandelier,AJC-9254,John Richard,Lighting > Pendants
Bansho: Layered Glass Thirty-Nine-Light Drop Pendant Chandelier,AJC-9253,John Richard,Lighting > Pendants
Bansho: Layered Glass Twenty-One-Light Drop Pendant Chandelier,AJC-9252,John Richard,Lighting > Pendants
Luna: Crystal Wand Branched Twelve-Light Pendant Chandelier,AJC-9245,John Richard,Lighting > Pendants
Reveille: Crystal Constellation Single-Light Wall Sconce,AJC-9242,John Richard,Lighting > Wall Sconces
Ribbons Of Brass Swirls Five-Light Pendant,AJC-9199,John Richard,Lighting > Pendants
Luna: Crystal Drop Thirty-Light Chandelier,AJC-9194,John Richard,Lighting > Chandeliers
Moonlight Sonata: Selenite Pane Single-Light Wall Sconce In Polished Stainless Steel Finish,AJC-9189,John Richard,Lighting > Wall Sconces
Moonlight Sonata: Selenite Pane Single-Light Wall Sconce In Antique Brass Finish,AJC-9188,John Richard,Lighting > Wall Sconces
Moonlight Sonata: Selenite Pane Six-Light Droplight Chandelier,AJC-9183,John Richard,Lighting > Chandeliers
Moonlight Sonata: Selenite Pane Forty-One-Light Pendant Chandelier,AJC-9182,John Richard,Lighting > Pendants
Moonlight Sonata: Selenite Pane Twenty-Nine-Light Horizontal Chandelier,"AJC-9181
",John Richard,Lighting > Chandeliers
Sugar Leaf: Glass Leaf Twenty-Six-Light Chandelier,AJC-9179,John Richard,Lighting > Chandeliers
Cascading Crystal Twelve-Light Chandelier,AJC-9174,John Richard,Lighting > Chandeliers
Shiro-Noda FIVe-Light Semi-Flush Chandelier,AJC-9158,John Richard,Lighting > Semi-Flush
Cascading Crystal Six-Light Chandelier,AJC-9152,John Richard,Lighting > Chandeliers
Cascading Crystal Six-Light Semi-Flush,AJC-9151,John Richard,Lighting > Semi-Flush
Quartz Branched Three-Light Wall Sconce,AJC-9141,John Richard,Lighting > Wall Sconces
Faceted Chunk Crystal Three-Light Chandelier,AJC-9137,John Richard,Lighting > Chandeliers
Hans Horizontal Thirty-Five-Light Brass Chandelier,AJC-9113,John Richard,Lighting > Chandeliers
Shiro-Noda Twenty-One-Light Dramatic Glass Cluster Chandelier,AJC-9107,John Richard,Lighting > Chandeliers
Frosted Glass Nine-Light Chandelier,AJC-9094,John Richard,Lighting > Chandeliers
Agate And Brass Eight-Light Chandelier,AJC-9093,John Richard,Lighting > Chandeliers
Hessian Sideboard,EUR-04-0703,John Richard,Furniture > Dining > Credenzas Sideboards & Buffets
Vehna Sideboard,EUR-04-0687,John Richard,Furniture > Dining > Credenzas Sideboards & Buffets
River'S Edge Sideboard,EUR-04-0684,John Richard,Furniture > Dining > Credenzas Sideboards & Buffets
River'S Edge Display Cabinet,EUR-04-0683,John Richard,Furniture > Living > Cabinets
Variegated Five-Door Cabinet,EUR-04-0674,John Richard,Furniture > Living > Cabinets
Radiate Sideboard,EUR-04-0673,John Richard,Furniture > Dining > Credenzas Sideboards & Buffets
Emerson Sideboard,EUR-04-0671,John Richard,Furniture > Dining > Credenzas Sideboards & Buffets
Gatsby Sideboard,EUR-04-0668,John Richard,Furniture > Dining > Credenzas Sideboards & Buffets
Pemberton Sideboard,EUR-04-0667,John Richard,Furniture > Dining > Credenzas Sideboards & Buffets
Sakana Sideboard,EUR-04-0665,John Richard,Furniture > Dining > Credenzas Sideboards & Buffets
Claiborne Sideboard,EUR-04-0661,John Richard,Furniture > Dining > Credenzas Sideboards & Buffets
Walthall Two-Door Cabinet,EUR-04-0659,John Richard,Furniture > Living > Cabinets
Gloster Display Cabinet,EUR-04-0658,John Richard,Furniture > Living > Cabinets
Sendai Credenza II,EUR-04-0654,John Richard,Furniture > Dining > Credenzas Sideboards & Buffets
Aeolian Four-Door Cabinet,EUR-04-0642,John Richard,Furniture > Living > Cabinets
Blanchet Cabinet,EUR-04-0619,John Richard,Furniture > Living > Cabinets
Miroir Sideboard,EUR-04-0617,John Richard,Furniture > Dining > Credenzas Sideboards & Buffets
Hexham Sideboard,EUR-04-0587,John Richard,Furniture > Dining > Credenzas Sideboards & Buffets
Almeria Sideboard,EUR-04-0500,John Richard,Furniture > Dining > Credenzas Sideboards & Buffets
Pared Sideboard,EUR-04-0499,John Richard,Furniture > Dining > Credenzas Sideboards & Buffets
Astral Four-Door Buffet,EUR-04-0378,John Richard,Furniture > Dining > Credenzas Sideboards & Buffets
Carrara Cabinet,EUR-04-0297,John Richard,Furniture > Living > Cabinets
Migration Four-Door Credenza,EUR-04-0190,John Richard,Furniture > Dining > Credenzas Sideboards & Buffets
Églomisé Nine-Drawer Sideboard,EUR-01-0407,John Richard,Furniture > Dining > Credenzas Sideboards & Buffets
Tonatiuh Chest With Doors,EUR-04-0699,John Richard,Furniture > Bedroom > Chests
Kano Two-Door Chest,EUR-04-0679,John Richard,Furniture > Bedroom > Chests
Starlight Chest Of Drawers,EUR-01-0453,John Richard,Furniture > Bedroom > Chests
Carraway Silver Nightstand,EUR-01-0435,John Richard,Furniture > Bedroom > Nightstands
Mithril Chest of Drawers,EUR-01-0432,John Richard,Furniture > Bedroom > Chests
Prata Nightstand,EUR-01-0427,John Richard,Furniture > Bedroom > Chests
Aspis Nightstand,EUR-01-0425,John Richard,Furniture > Bedroom > Nightstands
Suteki Chest of Drawers,EUR-01-0418,John Richard,Furniture > Bedroom > Chests
Wadjet Nightstand,EUR-01-0415,John Richard,Furniture > Bedroom > Nightstands
Suteki Nightstand,EUR-01-0414,John Richard,Furniture > Bedroom > Nightstands
Cosmos Six-Drawer Chest of Drawers II,EUR-01-0413,John Richard,Furniture > Bedroom > Chests
Cosmos Six-Drawer Chest of Drawers I,EUR-01-0411,John Richard,Furniture > Bedroom > Chests
Nave Three-Drawer Chest,EUR-01-0406,John Richard,Furniture > Bedroom > Chests
Gatsby Three-Drawer Chest of Drawers,EUR-01-0403,John Richard,Furniture > Bedroom > Chests
Lenosa Two-Drawer Nightstand,EUR-01-0400,John Richard,Furniture > Bedroom > Nightstands
Vallejo Nightstand,EUR-01-0370,John Richard,Furniture > Bedroom > Nightstands
Portoro Chest,EUR-01-0307,John Richard,Furniture > Bedroom > Chests
Lavertezzo Dining Table,EUR-10-0107,John Richard,Furniture > Dining > Dining Tables
Verona Dining Table,EUR-10-0062,John Richard,Furniture > Dining > Dining Tables
Bourbon Round Dining Table,EUR-10-0038,John Richard,Furniture > Dining > Dining Tables
Branches Dining Table,EUR-10-0029,John Richard,Furniture > Dining > Dining Tables
Bourbon Dining Table,EUR-10-0025,John Richard,Furniture > Dining > Dining Tables
Bottaro Nesting Side Tables (Set of Two),EUR-03-0800,John Richard,Furniture > Living > Tables > Occasional Tables
Loftus Cocktail Table,EUR-03-0798,John Richard,Furniture > Living > Tables > Cocktail Tables
Loxbridge Cocktail Table,EUR-03-0789,John Richard,Furniture > Living > Tables > Cocktail Tables
Besson Cocktail Table,EUR-03-0785,John Richard,Furniture > Living > Tables > Cocktail Tables
Morin End Table,EUR-03-0776,John Richard,Furniture > Living > Tables > End Tables
Semois End Table,EUR-03-0775,John Richard,Furniture > Living > Tables > End Tables
Chambolle Side Table,EUR-03-0772,John Richard,Furniture > Living > Tables > Occasional Tables
Tezzo Cocktail Table,EUR-03-0770,John Richard,Furniture > Living > Tables > Cocktail Tables
Loftus Side Table,EUR-03-0754,John Richard,Furniture > Living > Tables > Occasional Tables
Loftus End Table,EUR-03-0743,John Richard,Furniture > Living > Tables > End Tables
Takeley Nesting Tables (Set of Two),EUR-03-0741,John Richard,Furniture > Living > Tables > Occasional Tables
Piazza Bistro Table,EUR-03-0740,John Richard,Furniture > Living > Tables > Occasional Tables
Vicenza Cocktail Table,EUR-03-0734,John Richard,Furniture > Living > Tables > Cocktail Tables
Kano Side Table,EUR-03-0733,John Richard,Furniture > Living > Tables > Occasional Tables
Kano Cocktail Table,EUR-03-0730,John Richard,Furniture > Living > Tables > Cocktail Tables
Piazza Nesting Tables (Set of Two),EUR-03-0717,John Richard,Furniture > Living > Tables > Occasional Tables
Marimo Cocktail Table,EUR-03-0716,John Richard,Furniture > Living > Tables > Cocktail Tables
Loftus Cocktail Table,EUR-03-0700,John Richard,Furniture > Living > Tables > Cocktail Tables
Capiz Shell Console Table,EUR-02-0333,John Richard,Furniture > Living > Tables > Console Tables
Palma Console Table,EUR-02-0328,John Richard,Furniture > Living > Tables > Console Tables
Piazza Console Table,EUR-02-0315,John Richard,Furniture > Living > Tables > Console Tables
Loftus Console Table,EUR-02-0292,John Richard,Furniture > Living > Tables > Console Tables
Austin A. James' Lustrous Sky Sofa Table,EUR-02-0283,John Richard,Furniture > Living > Tables > Occasional Tables
Luna Console Table,EUR-02-0260,John Richard,Furniture > Living > Tables > Console Tables
Winged Cocktail Table,JFD-0280,John Richard,Furniture > Living > Tables > Cocktail Tables
Brutalist Brass Martini Table,JFD-0274,John Richard,Furniture > Living > Tables > Cocktail Tables
Cocktail Table In Brass With Black Marble Top,JFD-0248,John Richard,Furniture > Living > Tables > Cocktail Tables
Cocktail Table In Nickel With Marble Top,JFD-0247,John Richard,Furniture > Living > Tables > Cocktail Tables
End Table In Brass With Granite Top,JFD-0246,John Richard,Furniture > Living > Tables > End Tables
End Table In Nickel With Marble Top,JFD-0245,John Richard,Furniture > Living > Tables > End Tables
Arc Nickel Cocktail Table,JFD-0244,John Richard,Furniture > Living > Tables > Cocktail Tables
Arc End Table,JFD-0243,John Richard,Furniture > Living > Tables > End Tables
Windswept Martini Table,JFD-0240,John Richard,Furniture > Living > Tables > Cocktail Tables
Martini Table In Brass And Marble,JFD-0236,John Richard,Furniture > Living > Tables > Occasional Tables
Foliage Martini Table,JFD-0235,John Richard,Furniture > Living > Tables > Occasional Tables
Foliage Martini Table,JFD-0234,John Richard,Furniture > Living > Tables > Occasional Tables
Travertine Martini Table,JFD-0230,John Richard,Furniture > Living > Tables > Occasional Tables
Crystal Martini Table,JFD-0229,John Richard,Furniture > Living > Tables > Occasional Tables
Etched Crystal Accent Table,JFD-0228,John Richard,Furniture > Living > Tables > Occasional Tables
Crystal Side Table,JFD-0226,John Richard,Furniture > Living > Tables > Occasional Tables
End Table In Bronze,JFD-0221,John Richard,Furniture > Living > Tables > Occasional Tables
Organic Form Brass and Glass Martini Table,JFD-0220,John Richard,Furniture > Living > Tables > Occasional Tables
Baluster Martini Table,JFD-0214,John Richard,Furniture > Living > Tables > Occasional Tables
Marble Nesting Side Tables (Set Of Two),JFD-0213S2,John Richard,Furniture > Living > Tables > Occasional Tables
Cross Arc End Table,JFD-0212,John Richard,Furniture > Living > Tables > End Tables
Marble Nesting Side Tables (Set Of Two),JFD-0211S2,John Richard,Furniture > Living > Tables > Occasional Tables
Austin A. James' Monarch Sofa Table,JFD-0209,John Richard,Furniture > Living > Tables > Console Tables
Austin A. James' Concord Three-Tier Sofa Table,JFD-0208,John Richard,Furniture > Living > Tables > Console Tables
Textured Nesting Tables In Nickel (Set Of Two),JFD-0205S2,John Richard,Furniture > Living > Tables > Occasional Tables
Textured Accent Table In Nickel,JFD-0204,John Richard,Furniture > Living > Tables > Occasional Tables
Darcy End Table,JFD-0203,John Richard,Furniture > Living > Tables > End Tables
Poirot End Table,JFD-0202,John Richard,Furniture > Living > Tables > End Tables
Shaye Rawson's Mont-De-Marsan Sofa Table With Shelf,JFD-0198,John Richard,Furniture > Living > Tables > Console Tables
Acrylic Discs Martini Table,JFD-0197,John Richard,Furniture > Living > Tables > Occasional Tables
Shaye Rawson's Mont-De-Marsan Occasional Table,JFD-0194,John Richard,Furniture > Living > Tables > Occasional Tables
Marbre Martini Table,JFD-0192,John Richard,Furniture > Living > Tables > Occasional Tables
Lynbrook Martini Table,JFD-0191,John Richard,Furniture > Living > Tables > Occasional Tables
Poirot Martini Table,JFD-0189,John Richard,Furniture > Living > Tables > Occasional Tables
Shaye Rawson's Spring Rain Sofa Table With Shelf,JFD-0182,John Richard,Furniture > Living > Tables > Console Tables
Shaye Rawson's Spring Rain Cocktail Table With Shelf,JFD-0179,John Richard,Furniture > Living > Tables > Cocktail Tables
Clichy Martini Table,JFD-0177,John Richard,Furniture > Living > Tables > Occasional Tables
Marble Cabaret Table,JFD-0172,John Richard,Furniture > Living > Tables > Occasional Tables
Polished Nickel And Crystal Martini Table,JFD-0168,John Richard,Furniture > Living > Tables > Occasional Tables
Brass And Crystal Martini Table,JFD-0164,John Richard,Furniture > Living > Tables > Occasional Tables
Susan Godwin's Miles Apart Occasional Table,JFD-0163,John Richard,Furniture > Living > Tables > Occasional Tables
Susan Godwin's Miles Apart Sofa Table With Shelf,JFD-0162,John Richard,Furniture > Living > Tables > Console Tables
Crystal Side Table,JFD-0160,John Richard,Furniture > Living > Tables > End Tables
Austin A. James' Fleur de Sel Sofa Table,JFD-0142,John Richard,Furniture > Living > Tables > Console Tables
Austin A. James' New Orleans White Gold Coffee Table With Shelf,JFD-0140,John Richard,Furniture > Living > Tables > Cocktail Tables
Marble Block Table,JFD-0138,John Richard,Furniture > Living > Tables > End Tables
Essen Side Table,JFD-0131,John Richard,Furniture > Living > Tables > End Tables
Austin A. James' New Orleans White Gold End Table With Shelf,JFD-0129,John Richard,Furniture > Living > Tables > End Tables
Shaye Rawson's Pavo Occasional Table,JFD-0128,John Richard,Furniture > Living > Tables > Occasional Tables
Shaye Rawson's Andromeda Coffee Table,JFD-0127,John Richard,Furniture > Living > Tables > Cocktail Tables
Austin A. James' Bird On A Wire Bunching Cocktail Table,JFD-0125,John Richard,Furniture > Living > Tables > Cocktail Tables
Glass Block Side Table,JFD-0122,John Richard,Furniture > Living > Tables > End Tables
Glass Block Martini Table,JFD-0121,John Richard,Furniture > Living > Tables > Occasional Tables
Shaye Rawson's Pavo Sofa Table,JFD-0119,John Richard,Furniture > Living > Tables > Console Tables
Agate Martini Table,JFD-0116,John Richard,Furniture > Living > Tables > Occasional Tables
Calcite And Antique Brass Accent Table,JFD-0113,John Richard,Furniture > Living > Tables > Occasional Tables
Gold-Dusted Martini Table,JFD-0107,John Richard,Furniture > Living > Tables > Occasional Tables
Twisted Martini Table,JFD-0096,John Richard,Furniture > Living > Tables > Occasional Tables
Clarity Martini Table,JFD-0093,John Richard,Furniture > Living > Tables > Occasional Tables
Round Crystal Martini Table,JFD-0087,John Richard,Furniture > Living > Tables > Occasional Tables
Rectangular Crystal Martini Table,JFD-0086,John Richard,Furniture > Living > Tables > Occasional Tables
Martini Side Table,JFD-0082,John Richard,Furniture > Living > Tables > End Tables
Martini Side Table,JFD-0079,John Richard,Furniture > Living > Tables > End Tables
Martini Side Table,JFD-0078,John Richard,Furniture > Living > Tables > End Tables
ConstructIVist Bronze Coffee Table,JFD-0049,John Richard,Furniture > Living > Tables > Cocktail Tables
Aureo Fourteen-Light Glass Pendant Chandelier,AJC-9300,John Richard,Lighting > Chandeliers
Aureo Ten-Light Horizontal Glass Pendant Chandelier,AJC-9299,John Richard,Lighting > Chandeliers
Aureo Single-Light Glass Pendant,AJC-9298,John Richard,Lighting > Pendants
Aureo Single-Light Glass Wall Sconce,AJC-9297,John Richard,Lighting > Pendants
International Style Eight-Light Cage Pendant in Polished Nickel,AJC-9296,John Richard,Lighting > Pendants
International Style Eight-Light Cage Pendant in Satin Gold,AJC-9295,John Richard,Lighting > Pendants
Rhapsody Fluted and Seeded Glass Wall Sconce,AJC-9294,John Richard,Lighting > Wall Sconces
Sherwood Eight-Light Chandelier in Polished Nickel,AJC-9293,John Richard,Lighting > Chandeliers
Sherwood Eight-Light Chandelier in Satin Gold,AJC-9292,John Richard,Lighting > Chandeliers
Hanasaku Crystal Bud Branch Fourteen-Light Oblong Chandelier,AJC-9291,John Richard,Lighting > Chandeliers
Rhapsody Fluted and Seeded Glass Tubes Horizontal Chandelier,AJC-9287,John Richard,Lighting > Chandeliers
Rhapsody Fluted and Seeded Glass Tubes Chandelier,AJC-9286,John Richard,Lighting > Chandeliers
Kotta Single-Light Cut-Crystal Wall Sconce,AJC-9284,John Richard,Lighting > Wall Sconces
Kotta Four-Light Cut-Crystal Flush Mount,AJC-9283,John Richard,Lighting > Flush Mounts
Kotta Fourteen-Light Cut-Crystal Oblong Chandelier,AJC-9282,John Richard,Lighting > Chandeliers
Kotta Twelve-Light Cut-Crystal Pendant Chandelier,AJC-9281,John Richard,Lighting > Chandeliers
Bauhaus Era Eight-Light Nickel Cage Pendant With Shade,AJC-9279,John Richard,Lighting > Pendants
Bauhaus Era Eight-Light Brass Cage Pendant With Shade,AJC-9278,John Richard,Lighting > Pendants
"Stone, Alabaster Pendant Light",AJC-9266,John Richard,Lighting > Pendants
"Stone, Alabaster Sconce",AJC-9265,John Richard,Lighting > Wall Sconces
Single-Light Wall Sconce In Antique Brass,AJC-9263,John Richard,Lighting > Wall Sconces
Single-Light Wall Sconce In Nickel,AJC-9262,John Richard,Lighting > Wall Sconces
Layered Acrylic Two-Light Wall Sconce,AJC-9218,John Richard,Lighting > Wall Sconces
Eight-Light Fandelier,AJC-9171,John Richard,Lighting > Chandeliers
Quartz Twelve-Light Wall Sconce,AJC-9143,John Richard,Lighting > Wall Sconces
Handblown Glass Sphere Droplight With Six Lights,AJC-9131,John Richard,Lighting > Pendants
Handblown Glass Single-Light Wall Sconce,AJC-9130,John Richard,Lighting > Wall Sconces
Glass Panel Single-Light Wall Sconce,AJC-9129,John Richard,Lighting > Wall Sconces
"Stone, Quartz Flower Single-Light Wall Sconce",AJC-9127,John Richard,Lighting > Wall Sconces
Curled Two-Light Wall Sconce,AJC-9126,John Richard,Lighting > Wall Sconces
"Stone, Alabaster Single-Light Wall Sconce",AJC-9124,John Richard,Lighting > Wall Sconces
Coffee Bronze Torch Sconce,AJC-9123,John Richard,Lighting > Wall Sconces
Frosted Glass Petal Wall Coupe,AJC-9116,John Richard,Lighting > Wall Sconces
Shiro-Noda Two-Light Dramatic Glass Cluster Wall Sconce,AJC-9106,John Richard,Lighting > Wall Sconces
Glass Teardrop Fourteen-Light Horizontal Chandelier,AJC-9105,John Richard,Lighting > Chandeliers
Glass Globe One-Light Wall Sconce,AJC-8965,John Richard,Lighting > Wall Sconces
Brass-Banded One-Light Wall Sconce,AJC-8909,John Richard,Lighting > Wall Sconces
Budding Crystal One-Light Sconce,AJC-8851,John Richard,Lighting > Wall Sconces
Budding Crystal Ten-Light Chandelier,AJC-8850,John Richard,Lighting > Chandeliers
Budding Crystal Sixteen-Light Chandelier,AJC-8849,John Richard,Lighting > Chandeliers
Frosted Glass Petal Horizontal Twenty-Four-Light Chandelier,AJC-9115,John Richard,Lighting > Chandeliers
Hand-Blown Blue And Clear Glass Bowl,JRA-13320,John Richard,Decoration > Home Accents > Trays
Handblown Dark Blue and Grey Glass Bowl,JRA-13126,John Richard,Decoration > Home Accents > Trays
Handcrafted Brass Leaves Sculpture,JRA-13100,John Richard,Decoration > Artistic Ornaments > Sculptures
Spring Flower Candleholder,JRA-13099,John Richard,Decoration > Home Accents > Candelabras
Orchids In Bloom I,JRA-13081,John Richard,Decoration > Artistic Ornaments > Sculptures
Hand-Finished Candleholder,JRA-13034,John Richard,Decoration > Home Accents > Trays
Balancing Nickel Sculpture,JRA-13021,John Richard,Decoration > Artistic Ornaments > Sculptures
Emerald Green and Charcoal Handblown Glass Bowl,JRA-13008,John Richard,Decoration > Home Accents > Trays
Confetti Swirl Handblown Glass Bowl,JRA-13007,John Richard,Decoration > Home Accents > Trays
Royal and Emerald Handblown Glass Bowl,JRA-13002,John Richard,Decoration > Home Accents > Trays
Emerald Green Handblown Glass Bowl,JRA-13001,John Richard,Decoration > Home Accents > Trays
Organic Looped Sculpture in Nickel,JRA-12054,John Richard,Decoration > Artistic Ornaments > Sculptures
Bejeweled Black Hair on Hide Box,JRA-12051,John Richard,Decoration > Home Accents > Trays
Azure Charger,JRA-12049,John Richard,Decoration > Artistic Ornaments > Sculptures
Abstract Black-and-White Iron Vase II,JRA-12012,John Richard,Decoration > Artistic Ornaments > Vases
Set of Two Enameled Vases,JRA-12004S2,John Richard,Decoration > Artistic Ornaments > Vases
Flight of Fantasy Ethereal Blue Sculpture,JRA-11998,John Richard,Decoration > Artistic Ornaments > Sculptures
Lagniappe Brown Enamel Vase,JRA-11977,John Richard,Decoration > Artistic Ornaments > Vases
Set of Four Luxe Napkin Rings,JRA-11968S4,John Richard,Decoration > Artistic Ornaments > Miscellaneous
Sculpture on Marble Base II,JRA-11963,John Richard,Decoration > Artistic Ornaments > Sculptures
Blooming Vase II,JRA-11958,John Richard,Decoration > Artistic Ornaments > Vases
Blooming Vase I,JRA-11957,John Richard,Decoration > Artistic Ornaments > Vases
Life-Size Sculpture,JRA-11955,John Richard,Decoration > Artistic Ornaments > Sculptures
Dancing Swirls Sculpture,JRA-11933,John Richard,Decoration > Artistic Ornaments > Sculptures
White Pearlized Sculpture,JRA-11935,John Richard,Decoration > Artistic Ornaments > Sculptures
Set of Two Powder Blue Jar and Vase with Silver Overlay,JRA-11926S2,John Richard,Decoration > Artistic Ornaments > Vases
Handblown Glass Sculpture I,JRA-11907,John Richard,Decoration > Artistic Ornaments > Sculptures
Swallows in Flight in Nickel,JRA-11903,John Richard,Decoration > Artistic Ornaments > Sculptures
Set of Two Marbled Reactive Glaze Porcelain Vases,JRA-11854S2,John Richard,Decoration > Artistic Ornaments > Vases
Flower and Hummingbird Sculpture,JRA-11844,John Richard,Decoration > Artistic Ornaments > Sculptures
Foliose Coral on Black Marble Base,JRA-11828,John Richard,Decoration > Artistic Ornaments > Sculptures
Foliose Coral,JRA-11827,John Richard,Decoration > Artistic Ornaments > Sculptures
Greek Bust in Verde-Black,JRA-11825,John Richard,Decoration > Artistic Ornaments > Sculptures
Greek Head Fragment,JRA-11824,John Richard,Decoration > Artistic Ornaments > Sculptures
White Porcelain Vase with Gold II,JRA-11817,John Richard,Decoration > Artistic Ornaments > Vases
Sitting on the Edge Sculpture II,JRA-11810,John Richard,Decoration > Artistic Ornaments > Sculptures
Set of Two Charcoal Confetti Leather Boxes,JRA-11805S2,John Richard,Decoration > Home Accents > Trays
Floating Vessel of Brass with Antique Nickel,JRA-11799,John Richard,Decoration > Artistic Ornaments > Sculptures
Swallows in Flight,JRA-11791,John Richard,Decoration > Artistic Ornaments > Sculptures
Curled Sculpture,JRA-11757,John Richard,Decoration > Artistic Ornaments > Sculptures
Set of Four Charcoal Druzy and Quartz Napkin Rings,JRA-11738S4,John Richard,Decoration > Artistic Ornaments > Miscellaneous
Bold Necklace Sculpture,JRA-11729,John Richard,Decoration > Artistic Ornaments > Sculptures
Bouquet of Roses Suspended in Crystal,JRA-11657,John Richard,Decoration > Artistic Ornaments > Sculptures
Bird on Celestite Rock II,JRA-11625,John Richard,Decoration > Artistic Ornaments > Sculptures
Set of Two Legacy Teal Vases,JRA-11610S2,John Richard,Decoration > Artistic Ornaments > Vases
Set of Four Abalone and Pearl Napkin Rings,JRA-11589S4,John Richard,Decoration > Artistic Ornaments > Miscellaneous
Reeds and Cream Bowl,JRA-11537,John Richard,Decoration > Home Accents > Trays
Ribbon Sculpture,JRA-11533,John Richard,Decoration > Artistic Ornaments > Sculptures
Set of Three Sky Grey Crackled Glass Vases,JRA-11524S3,John Richard,Decoration > Artistic Ornaments > Vases
White Translucent Agate Picture Frame,JRA-11521,John Richard,Decoration > Artistic Ornaments > Miscellaneous
Antique Brass Sculptural Ribbons I,JRA-11495,John Richard,Decoration > Artistic Ornaments > Sculptures
Antique Brass Sculptural Ribbons III,JRA-11494,John Richard,Decoration > Artistic Ornaments > Sculptures
Encased Agate Box II,JRA-11346,John Richard,Decoration > Home Accents > Trays
Floating Sculpture II,JRA-11332,John Richard,Decoration > Artistic Ornaments > Sculptures
Antique Brass Tabletop Orchid,JRA-11176,John Richard,Decoration > Artistic Ornaments > Sculptures
Hues of Blues Vase,JRA-10783,John Richard,Decoration > Artistic Ornaments > Vases
Hues of Earth and Blues Tall-Neck Vase,JRA-10782,John Richard,Decoration > Artistic Ornaments > Vases
Mystical Murex in Glass,JRA-10761,John Richard,Decoration > Artistic Ornaments > Sculptures
Bonsai in Gold,JRA-10730,John Richard,Decoration > Artistic Ornaments > Sculptures
Bonsai in Silver,JRA-10729,John Richard,Decoration > Artistic Ornaments > Sculptures
Set of Two Calcite and Stainless Steel Nesting Tables,JRA-10582S2,John Richard,Furniture > Living > Tables > End Tables
Double Celestite Blooms,JRA-10283,John Richard,Decoration > Artistic Ornaments > Sculptures
"Calcite, Mica, and Crystal Obelisk",JRA-10279,John Richard,Decoration > Artistic Ornaments > Sculptures
Branch-Encased Vase,JRA-9236,John Richard,Decoration > Artistic Ornaments > Miscellaneous
Floating Cloud Sculpture,JRA-9198,John Richard,Decoration > Artistic Ornaments > Sculptures
Liquid Silver in Motion Sculpture,JRA-9197,John Richard,Decoration > Artistic Ornaments > Sculptures
Branch-Encased Bowl,JRA-9114,John Richard,Decoration > Home Accents > Trays
Reeded Jar II,JRA-11710,John Richard,Decoration > Artistic Ornaments > Sculptures
Pãma Chest With Doors,EUR-04-0677,John Richard,Furniture > Bedroom > Chests
Églomisé Three-Drawer Chest With Silver-Leaf Molding,EUR-01-0097,John Richard,Furniture > Bedroom > Chests
Tissé Console Table,EUR-02-0310,John Richard,Furniture > Living > Tables > Console Tables
Nîmes Martini Table,JFD-0157,John Richard,Furniture > Living > Tables > Occasional Tables
Hummingbird and Selenite Sculpture II,JRA-13164,John Richard,Decoration > Artistic Ornaments > Sculptures
Furling Leaves Bowl,JRA-12046,John Richard,Decoration > Home Accents > Trays
White Porcelain Vase with Gold I,JRA-11816,John Richard,Decoration > Artistic Ornaments > Vases
Floating Island in Enameled Nickel,JRA-11716,John Richard,Decoration > Artistic Ornaments > Sculptures
Encrusted in Sparkle Vase,JRA-11543,John Richard,Decoration > Artistic Ornaments > Vases
Ribbon Sculpture,JRA-11534,John Richard,Decoration > Artistic Ornaments > Sculptures
Sky Grey Crackled Glass Tall Vase,JRA-11523,John Richard,Decoration > Artistic Ornaments > Vases
Rich Browns to Clear Agate Picture Frame,JRA-11522,John Richard,Decoration > Artistic Ornaments > Miscellaneous
Rich Browns to Clear Agate Picture Frame,JRA-11520,John Richard,Decoration > Artistic Ornaments > Miscellaneous
Cool Shades of Blue to Dark Blue Jar,JRA-11376,John Richard,Decoration > Artistic Ornaments > Vases
Bonsai in Brass,JRA-11333,John Richard,Decoration > Artistic Ornaments > Sculptures
Sculpted Birds in Flight,JRA-11329,John Richard,Decoration > Artistic Ornaments > Sculptures
Copper Luster Matte Raku Vase,JRA-11158,John Richard,Decoration > Artistic Ornaments > Vases
Ethereal Glass Conch,JRA-10762,John Richard,Decoration > Artistic Ornaments > Sculptures
Ginkgo Leaves on White Marble,JRA-10706,John Richard,Decoration > Artistic Ornaments > Sculptures
Texture and Shape Brass Wide Bowl,JRA-10679,John Richard,Decoration > Home Accents > Trays
Quartz Egret Running,JRA-10669,John Richard,Decoration > Artistic Ornaments > Sculptures
Quartz Egret Grooming,JRA-10668,John Richard,Decoration > Artistic Ornaments > Sculptures
Grey Box with Quartz,JRA-10663,John Richard,Decoration > Home Accents > Trays
Celesite Hoop I,JRA-10959,John Richard,Decoration > Artistic Ornaments > Sculptures
Elsa Table Lamp,JRL-9137,John Richard,Lighting > Table Lamps
Diamond Ottoman,AMF-1664-4065-AS,John Richard,Furniture > Living > Benches & Ottomans
Shaftsbury Stool,AMF-1632V229-2192-AS,John Richard,Furniture > Living > Benches & Ottomans
Alabaster Tray With Alabaster Handles,JRA-10962,John Richard,Decoration > Home Accents > Trays
Stacked Crystal Candleholder,JRA-8287,John Richard,Decoration > Home Accents > Candelabras
Moonlight Sonata: Selenite Pane Twenty-Nine-Light Horizontal Chandelier,"AJC-9181
",John Richard,Lighting > Chandeliers
Aperture Wall Panels (Set of Three),JFD-0147S3,John Richard,Decoration > Artistic Ornaments > Wall Art
Swirls of Royal Blue Glass Vase II,JRA-13305,John Richard,Decoration > Artistic Ornaments > Vases
Sea Glass Mirror Vase II,JRA-13247,John Richard,Decoration > Artistic Ornaments > Vases
Sea Glass Mirror Vase I,JRA-13229,John Richard,Decoration > Artistic Ornaments > Vases
Texture Nickel and Brass Vase,JRA-13227,John Richard,Decoration > Artistic Ornaments > Vases
Texture Nickel and Brass Bowl II,JRA-13226,John Richard,Decoration > Home Accents > Trays
Blue and Yellow Rippled Handblown Glass Vase I,JRA-13194,John Richard,Decoration > Artistic Ornaments > Vases
Brass Crane and Quartz Sculpture I,JRA-13162,John Richard,Decoration > Artistic Ornaments > Sculptures
Amethyst and Brass Pomegranate Sculpture,JRA-13153,John Richard,Decoration > Artistic Ornaments > Sculptures
Cyanite Floral Sculpture,JRA-13152,John Richard,Decoration > Artistic Ornaments > Sculptures
Quartz and Amethyst Floral Sculpture,JRA-13151,John Richard,Decoration > Artistic Ornaments > Sculptures
Amethyst and Brass Branch Sculpture,JRA-13150,John Richard,Decoration > Artistic Ornaments > Sculptures
Hummingbird and Selenite Sculpture I,JRA-13145,John Richard,Decoration > Artistic Ornaments > Sculptures
Handblown Dark Blue and Amber Glass Bowl,JRA-13144,John Richard,Decoration > Home Accents > Trays
Handblown Dark Blue and Amber Curved Bowl,JRA-13139,John Richard,Decoration > Home Accents > Trays
"Handblown Red, Violet, and Emerald Glass Sculpture II",JRA-13128,John Richard,Decoration > Artistic Ornaments > Sculptures
"Handblown Red, Violet, and Emerald Glass Sculpture I",JRA-13127,John Richard,Decoration > Artistic Ornaments > Sculptures
Acrylic And Brass Ten-Light Chandelier,AJC-9040,John Richard,Lighting > Chandeliers
Bent-Crystal FIVe-Light Chandelier,AJC-8834,John Richard,Lighting > Chandeliers
Bent-Crystal Eight-Light Chandelier,AJC-8832,John Richard,Lighting > Chandeliers
Marquise Crystal Eight-Light Pendant With Fan,AJC-8999,John Richard,Lighting > Pendants
Diamante Six-Light Semi-Flush,AJC-8792,John Richard,Lighting > Semi-Flush
Counterpoint Twelve-Light Chandelier,AJC-8816,John Richard,Lighting > Chandeliers
Counterpoint Eleven-Light Chandelier,AJC-8815,John Richard,Lighting > Chandeliers
Cascading Crystal Waterfall Twelve-Light Chandelier,AJC-8884,John Richard,Lighting > Chandeliers
Cascading Crystal Waterfall Six-Light Chandelier,AJC-8885,John Richard,Lighting > Chandeliers
Cascading Crystal Waterfall One-Light Wall Sconce,AJC-8880,John Richard,Lighting > Wall Sconces
Branched Crystal Twenty-Light Chandelier,AJC-9057,John Richard,Lighting > Chandeliers
Brass And Glass Teardrop Eight-Light Chandelier,AJC-8980,John Richard,Lighting > Chandeliers
Brass And Glass Teardrop Seven-Light Chandelier,AJC-8981,John Richard,Lighting > Chandeliers
Ribbons Of Gold Twelve-Light Pendant With Fan,AJC-9021,John Richard,Lighting > Pendants
Natural Selenite Pendant,AJC-8875,John Richard,Lighting > Pendants
Calcite Panel Six-Light Semi-Flush,AJC-8984,John Richard,Lighting > Semi-Flush
Paris Eight-Light Chandelier,AJC-8680,John Richard,Lighting > Chandeliers
Mid-Century Sixteen-Light Chandelier,AJC-8925,John Richard,Lighting > Chandeliers
Antique Parisian Silver Nine-Light Chandelier,AJC-8743,John Richard,Lighting > Chandeliers
Sixteen-Light Halogen Chandelier,AJC-8772,John Richard,Lighting > Chandeliers
Beaded Crystal Six-Light Semi-Flush,AJC-8824,John Richard,Lighting > Semi-Flush
Handblown Glass Hanging Pendant,AJC-9023,John Richard,Lighting > Pendants
Luna: Crystal Wand Branched Single-Light Wall Sconce,AJC-9248,John Richard,Lighting > Wall Sconces
Luna: Crystal Wand Branched Nine-Light Chandelier,AJC-9244,John Richard,Lighting > Chandeliers
Reveille: Crystal Constellation Seven-Light Pendant Chandelier,AJC-9243,John Richard,Lighting > Chandeliers
Reveille: Crystal Constellation Four-Light Semi-Flush,AJC-9240,John Richard,Lighting > Semi-Flush
Reveille: Crystal Constellation Ten-Light Pendant,AJC-9239,John Richard,Lighting > Pendants
Faceted Glass Twelve-Light Chandelier,AJC-9236,John Richard,Lighting > Chandeliers
Echo: Glass Globe Twenty-Four-Light Chandelier,AJC-9230,John Richard,Lighting > Chandeliers
Echo: Glass Globe Sixteen-Light Chandelier,AJC-9228,John Richard,Lighting > Chandeliers
Genesis,AJC-9226,John Richard,Lighting > Semi-Flush
Genesis: Acrylic And Antique Brass Eight-Light Chandelier,AJC-9222,John Richard,Lighting > Chandeliers
Genesis: Acrylic And Antique Brass Single Droplight,AJC-9221,John Richard,Lighting > Pendants
Genesis: Acrylic Sphere Ten-Light Pendant In Polished Nickel,AJC-9220,John Richard,Lighting > Chandeliers
Genesis: Acrylic Sphere Ten-Light Pendant In Antique Brass,AJC-9219,John Richard,Lighting > Chandeliers
"Stone, Alabaster Six-Light Chandelier",AJC-9207,John Richard,Lighting > Chandeliers
Set Of Two Ribbed Jars,JRA-12061S2,John Richard,Decoration > Artistic Ornaments > Vases
Hans Twenty-Three-Light Brass Chandelier,AJC-9085,John Richard,Lighting > Chandeliers
Twilight Sixteen-Light Slumped Glass Chandelier,AJC-9101,John Richard,Lighting > Chandeliers
Bansho: Layered Glass Single Droplight,AJC-9251,John Richard,Lighting > Pendants
Luna: Crystal Wand Branched Nine-Light Pendant Chandelier,AJC-9247,John Richard,Lighting > Pendants
Luna: Crystal Wand Branched Eight-Light Pendant Chandelier,AJC-9246,John Richard,Lighting > Pendants
Reveille: Crystal Constellation Single Droplight,AJC-9241,John Richard,Lighting > Pendants
Faceted Glass Eighteen-Light Chandelier,AJC-9235,John Richard,Lighting > Chandeliers
Ribbons Of Nickel Swirls Five-Light Pendant,AJC-9205,John Richard,Lighting > Pendants
Dulcet: Eight-Light Chandelier With Glass Formed Shades,AJC-9203,John Richard,Lighting > Chandeliers
Dulcet: Single Droplight With Glass Formed Shade,AJC-9201,John Richard,Lighting > Pendants
"Waving Twelve-Light Stone, Quartz Pendant",AJC-9083,John Richard,Lighting > Pendants
Faceted Glass Single-Light Wall Sconce,AJC-9238,John Richard,Lighting > Wall Sconces
Faceted Glass Single-Light Pendant,AJC-9237,John Richard,Lighting > Pendants
Moonlight Sonata: Selenite Pane FIVe-Light Semi-Flush Chandelier,AJC-9180,John Richard,Lighting > Chandeliers
Ten-Light Fandelier,AJC-9160,John Richard,Lighting > Chandeliers
Shiro-Noda Fifteen-Light Chandelier,AJC-9159,John Richard,Lighting > Chandeliers
Shiro-Noda Eleven-Light Chandelier,AJC-9157,John Richard,Lighting > Chandeliers
Shiro-Noda FIVe-Light Chandelier,AJC-9156,John Richard,Lighting > Chandeliers
Cascading Crystal Droplight,AJC-9150,John Richard,Lighting > Pendants
Hans Eleven-Droplight Brass Chandelier,AJC-9114,John Richard,Lighting > Chandeliers
"Spherical Twelve-Light Stone, Quartz Chandelier",AJC-9082,John Richard,Lighting > Chandeliers
"Spherical Thirty-Light Stone, Quartz Chandelier",AJC-9081,John Richard,Lighting > Chandeliers
"Stone, Quartz Nine-Light Chandelier",AJC-9080,John Richard,Lighting > Chandeliers
Acrylic And Brass Six-Light Chandelier,AJC-9039,John Richard,Lighting > Chandeliers
Florence Right-Arm Sofa-C002,AMF-1713V147-C002-AS,John Richard,Furniture > Living > Sofas
