sku,Name,Categories
9-1686-1-142,Lighting > Bathroom Lights
9-1686-1-143,Lighting > Bathroom Lights
9-1686-1-175,Lighting > Bathroom Lights
M80072NB,Lighting > Bathroom Lights
M80072ORB,Lighting > Bathroom Lights
M80072PN,Lighting > Bathroom Lights
M80073NB,Lighting > Bathroom Lights
M80073ORB,Lighting > Bathroom Lights
M80073PN,Lighting > Bathroom Lights
8-1627-2-11,Lighting > Bathroom Lights
8-1627-2-322,Lighting > Bathroom Lights
8-1627-2-BK,Lighting > Bathroom Lights
8-1627-3-11,Lighting > Bathroom Lights
8-1627-3-322,Lighting > Bathroom Lights
8-1627-3-BK,Lighting > Bathroom Lights
8-1627-4-11,Lighting > Bathroom Lights
8-1627-4-322,Lighting > Bathroom Lights
8-1627-4-BK,Lighting > Bathroom Lights
8-1638-3-143,Lighting > Bathroom Lights
8-1638-4-143,Lighting > Bathroom Lights
8-1638-5-143,Lighting > Bathroom Lights
8-1648-2-BK,Lighting > Bathroom Lights
8-1648-3-BK,Lighting > Bathroom Lights
8-1648-4-BK,Lighting > Bathroom Lights
8-1720-2-143,Lighting > Bathroom Lights
8-1720-3-143,Lighting > Bathroom Lights
8-1720-4-143,Lighting > Bathroom Lights
8-1724-2-143,Lighting > Bathroom Lights
8-1724-2-66,Lighting > Bathroom Lights
8-1724-3-143,Lighting > Bathroom Lights
8-1724-3-66,Lighting > Bathroom Lights
8-1724-4-143,Lighting > Bathroom Lights
8-1724-4-66,Lighting > Bathroom Lights
8-1745-2-109,Lighting > Bathroom Lights
8-1745-2-322,Lighting > Bathroom Lights
8-1745-2-BK,Lighting > Bathroom Lights
8-1745-3-109,Lighting > Bathroom Lights
8-1745-3-322,Lighting > Bathroom Lights
8-1745-3-BK,Lighting > Bathroom Lights
8-1745-4-109,Lighting > Bathroom Lights
8-1745-4-322,Lighting > Bathroom Lights
8-1745-4-BK,Lighting > Bathroom Lights
8-1830-2-322,Lighting > Bathroom Lights
8-1830-2-BK,Lighting > Bathroom Lights
8-1830-3-322,Lighting > Bathroom Lights
8-1830-3-BK,Lighting > Bathroom Lights
8-1830-4-322,Lighting > Bathroom Lights
8-1830-4-BK,Lighting > Bathroom Lights
8-1860-2-322,Lighting > Bathroom Lights
8-1860-2-BK,Lighting > Bathroom Lights
8-1860-3-322,Lighting > Bathroom Lights
8-1860-3-BK,Lighting > Bathroom Lights
8-1860-4-322,Lighting > Bathroom Lights
8-1860-4-BK,Lighting > Bathroom Lights
8-1909-3-66,Lighting > Bathroom Lights
8-1909-4-66,Lighting > Bathroom Lights
8-1977-2-143,Lighting > Bathroom Lights
8-1977-3-143,Lighting > Bathroom Lights
8-1977-4-143,Lighting > Bathroom Lights
M80048PN,Lighting > Bathroom Lights
M80049PN,Lighting > Bathroom Lights
M80051NB,Lighting > Bathroom Lights
M80053PN,Lighting > Bathroom Lights
M80056BN,Lighting > Bathroom Lights
M80056MBK,Lighting > Bathroom Lights
M80059BN,Lighting > Bathroom Lights
M80059MBK,Lighting > Bathroom Lights
M80060ORB,Lighting > Bathroom Lights
M80061ORB,Lighting > Bathroom Lights
M80062ORB,Lighting > Bathroom Lights
M80063BN,Lighting > Bathroom Lights
M80063MBK,Lighting > Bathroom Lights
M80063NB,Lighting > Bathroom Lights
M80064BN,Lighting > Bathroom Lights
M80064MBK,Lighting > Bathroom Lights
M80064NB,Lighting > Bathroom Lights
M80065BN,Lighting > Bathroom Lights
M80065MBK,Lighting > Bathroom Lights
M80065NB,Lighting > Bathroom Lights
8-1007-3-SN,Lighting > Bathroom Lights
8-1007-4-SN,Lighting > Bathroom Lights
8-1020-3-322,Lighting > Bathroom Lights
8-1020-3-BK,Lighting > Bathroom Lights
8-1020-3-SN,Lighting > Bathroom Lights
8-1020-4-322,Lighting > Bathroom Lights
8-1020-4-BK,Lighting > Bathroom Lights
8-1020-4-SN,Lighting > Bathroom Lights
8-1062-3-CH,Lighting > Bathroom Lights
8-1062-3-SN,Lighting > Bathroom Lights
8-1062-4-CH,Lighting > Bathroom Lights
8-1062-4-SN,Lighting > Bathroom Lights
8-1255-2-165,Lighting > Bathroom Lights
8-1255-2-41,Lighting > Bathroom Lights
8-1255-3-165,Lighting > Bathroom Lights
8-1255-3-41,Lighting > Bathroom Lights
8-1255-4-165,Lighting > Bathroom Lights
8-1255-4-41,Lighting > Bathroom Lights
8-1780-2-111,Lighting > Bathroom Lights
8-1780-2-79,Lighting > Bathroom Lights
8-1780-3-111,Lighting > Bathroom Lights
8-1780-3-79,Lighting > Bathroom Lights
8-1972-2-322,Lighting > Bathroom Lights
8-1972-3-322,Lighting > Bathroom Lights
8-1972-4-322,Lighting > Bathroom Lights
8-2069-2-51,Lighting > Bathroom Lights
8-2069-3-51,Lighting > Bathroom Lights
8-2069-4-51,Lighting > Bathroom Lights
8-2148-2-109,Lighting > Bathroom Lights
8-2148-3-109,Lighting > Bathroom Lights
8-2148-4-109,Lighting > Bathroom Lights
8-2149-2-11,Lighting > Bathroom Lights
8-2149-3-11,Lighting > Bathroom Lights
8-2149-4-11,Lighting > Bathroom Lights
8-2154-2-67,Lighting > Bathroom Lights
8-2154-3-67,Lighting > Bathroom Lights
8-2154-4-67,Lighting > Bathroom Lights
8-2542-3-109,Lighting > Bathroom Lights
8-2542-3-322,Lighting > Bathroom Lights
8-2542-3-89,Lighting > Bathroom Lights
8-338-2-13,Lighting > Bathroom Lights
8-338-2-SN,Lighting > Bathroom Lights
8-338-3-13,Lighting > Bathroom Lights
8-338-3-SN,Lighting > Bathroom Lights
8-338-4-13,Lighting > Bathroom Lights
8-338-4-SN,Lighting > Bathroom Lights
8-4030-3-11,Lighting > Bathroom Lights
8-4030-3-13,Lighting > Bathroom Lights
8-4030-3-322,Lighting > Bathroom Lights
8-4030-3-BK,Lighting > Bathroom Lights
8-4030-3-SN,Lighting > Bathroom Lights
8-4030-4-11,Lighting > Bathroom Lights
8-4030-4-13,Lighting > Bathroom Lights
8-4030-4-322,Lighting > Bathroom Lights
8-4030-4-BK,Lighting > Bathroom Lights
8-4030-4-SN,Lighting > Bathroom Lights
8-4050-2-322,Lighting > Bathroom Lights
8-4050-2-BK,Lighting > Bathroom Lights
8-4050-2-SN,Lighting > Bathroom Lights
8-4050-3-322,Lighting > Bathroom Lights
8-4050-3-BK,Lighting > Bathroom Lights
8-4050-3-SN,Lighting > Bathroom Lights
8-4050-4-322,Lighting > Bathroom Lights
8-4050-4-BK,Lighting > Bathroom Lights
8-4050-4-SN,Lighting > Bathroom Lights
8-4090-2-109,Lighting > Bathroom Lights
8-4090-2-322,Lighting > Bathroom Lights
8-4090-3-109,Lighting > Bathroom Lights
8-4090-3-322,Lighting > Bathroom Lights
8-4090-4-109,Lighting > Bathroom Lights
8-4090-4-322,Lighting > Bathroom Lights
8-4508-3-SN,Lighting > Bathroom Lights
8-4508-4-SN,Lighting > Bathroom Lights
8-530-4-322,Lighting > Bathroom Lights
8-530-4-BK,Lighting > Bathroom Lights
8-560-2-11,Lighting > Bathroom Lights
8-560-2-BK,Lighting > Bathroom Lights
8-560-3-11,Lighting > Bathroom Lights
8-560-3-BK,Lighting > Bathroom Lights
8-560-4-11,Lighting > Bathroom Lights
8-560-4-BK,Lighting > Bathroom Lights
8-6836-3-11,Lighting > Bathroom Lights
8-6836-3-13,Lighting > Bathroom Lights
8-6836-3-322,Lighting > Bathroom Lights
8-6836-3-SN,Lighting > Bathroom Lights
8-6836-4-11,Lighting > Bathroom Lights
8-6836-4-13,Lighting > Bathroom Lights
8-6836-4-322,Lighting > Bathroom Lights
8-6836-4-SN,Lighting > Bathroom Lights
8-6837-3-69,Lighting > Bathroom Lights
8-6837-4-69,Lighting > Bathroom Lights
8-7045-3-322,Lighting > Bathroom Lights
8-7045-3-BK,Lighting > Bathroom Lights
8-7045-3-SN,Lighting > Bathroom Lights
8-7045-4-322,Lighting > Bathroom Lights
8-7045-4-BK,Lighting > Bathroom Lights
8-7045-4-SN,Lighting > Bathroom Lights
8-7205-3-BK,Lighting > Bathroom Lights
8-7205-3-SN,Lighting > Bathroom Lights
8-7205-4-BK,Lighting > Bathroom Lights
8-7205-4-SN,Lighting > Bathroom Lights
8-8020-3-11,Lighting > Bathroom Lights
8-8020-3-BK,Lighting > Bathroom Lights
8-8020-4-11,Lighting > Bathroom Lights
8-8020-4-BK,Lighting > Bathroom Lights
8-880-2-109,Lighting > Bathroom Lights
8-880-3-109,Lighting > Bathroom Lights
8-880-4-109,Lighting > Bathroom Lights
8-890-2-SN,Lighting > Bathroom Lights
8-890-3-SN,Lighting > Bathroom Lights
8-890-4-SN,Lighting > Bathroom Lights
8-9127-3-SN,Lighting > Bathroom Lights
8-9130-2-109,Lighting > Bathroom Lights
8-9130-2-13,Lighting > Bathroom Lights
8-9130-2-322,Lighting > Bathroom Lights
8-9130-2-BK,Lighting > Bathroom Lights
8-9130-3-109,Lighting > Bathroom Lights
8-9130-3-13,Lighting > Bathroom Lights
8-9130-3-322,Lighting > Bathroom Lights
8-9130-3-BK,Lighting > Bathroom Lights
8-9130-4-109,Lighting > Bathroom Lights
8-9130-4-13,Lighting > Bathroom Lights
8-9130-4-322,Lighting > Bathroom Lights
8-9130-4-BK,Lighting > Bathroom Lights
8-993-3-41,Lighting > Bathroom Lights
8-993-4-41,Lighting > Bathroom Lights
8-993-6-41,Lighting > Bathroom Lights
M80003BN,Lighting > Bathroom Lights
M80003ORB,Lighting > Bathroom Lights
M80004BN,Lighting > Bathroom Lights
M80004ORB,Lighting > Bathroom Lights
M80013BN,Lighting > Bathroom Lights
M80013ORB,Lighting > Bathroom Lights
M80023BN,Lighting > Bathroom Lights
M80023CH,Lighting > Bathroom Lights
M80023MBK,Lighting > Bathroom Lights
M80023NB,Lighting > Bathroom Lights
M80024MBK,Lighting > Bathroom Lights
M80024NB,Lighting > Bathroom Lights
M80032BN,Lighting > Bathroom Lights
M80032CH,Lighting > Bathroom Lights
M80032NB,Lighting > Bathroom Lights
M80033BN,Lighting > Bathroom Lights
M80033CH,Lighting > Bathroom Lights
M80033MBK,Lighting > Bathroom Lights
M80033NB,Lighting > Bathroom Lights
M80035BN,Lighting > Bathroom Lights
M80035CH,Lighting > Bathroom Lights
M80035NB,Lighting > Bathroom Lights
M80036BN,Lighting > Bathroom Lights
M80036CH,Lighting > Bathroom Lights
M80036MBK,Lighting > Bathroom Lights
M80036NB,Lighting > Bathroom Lights
M80038NB,Lighting > Bathroom Lights
M80039BN,Lighting > Bathroom Lights
M80039CH,Lighting > Bathroom Lights
M80039MBK,Lighting > Bathroom Lights
M80039NB,Lighting > Bathroom Lights
M80041NB,Lighting > Bathroom Lights
M80042BN,Lighting > Bathroom Lights
M80042CH,Lighting > Bathroom Lights
M80042MBK,Lighting > Bathroom Lights
M80042NB,Lighting > Bathroom Lights
M80044NB,Lighting > Bathroom Lights
M80045BN,Lighting > Bathroom Lights
M80045MBK,Lighting > Bathroom Lights
M80045NB,Lighting > Bathroom Lights
M80045PN,Lighting > Bathroom Lights
M80046NB,Lighting > Bathroom Lights
M80047NB,Lighting > Bathroom Lights
M80070BN,Lighting > Bathroom Lights
1-2221-6-83,Lighting > Chandeliers
M100100BN,Lighting > Chandeliers
M10067BQW,Lighting > Chandeliers
M10085BQW,Lighting > Chandeliers
M10086BQW,Lighting > Chandeliers
M10087BQW,Lighting > Chandeliers
M10092BQW,Lighting > Chandeliers
M10093BQW,Lighting > Chandeliers
1-1613-4-322,Lighting > Chandeliers
1-1613-4-89,Lighting > Chandeliers
1-1623-6-322,Lighting > Chandeliers
1-1623-6-89,Lighting > Chandeliers
1-1630-5-143,Lighting > Chandeliers
1-1630-5-173,Lighting > Chandeliers
1-1635-5-143,Lighting > Chandeliers
1-1637-8-143,Lighting > Chandeliers
1-1641-4-143,Lighting > Chandeliers
1-1642-10-143,Lighting > Chandeliers
1-1668-9-143,Lighting > Chandeliers
1-1669-4-143,Lighting > Chandeliers
1-1672-12-322,Lighting > Chandeliers
1-1672-12-89,Lighting > Chandeliers
1-1675-8-171,Lighting > Chandeliers
1-1675-8-89,Lighting > Chandeliers
1-1715-8-154,Lighting > Chandeliers
1-1716-8-322,Lighting > Chandeliers
1-1727-5-322,Lighting > Chandeliers
1-1733-12-322,Lighting > Chandeliers
1-1734-24-322,Lighting > Chandeliers
1-1760-8-198,Lighting > Chandeliers
1-1760-8-80,Lighting > Chandeliers
1-1761-6-198,Lighting > Chandeliers
1-1761-6-80,Lighting > Chandeliers
1-1765-6-110,Lighting > Chandeliers
1-1766-8-110,Lighting > Chandeliers
1-1786-5-322,Lighting > Chandeliers
1-1786-5-89,Lighting > Chandeliers
1-1800-16-171,Lighting > Chandeliers
1-1800-16-89,Lighting > Chandeliers
1-1805-10-109,Lighting > Chandeliers
1-1805-10-322,Lighting > Chandeliers
1-1805-10-89,Lighting > Chandeliers
1-1823-6-320,Lighting > Chandeliers
1-1824-6-320,Lighting > Chandeliers
1-1832-5-322,Lighting > Chandeliers
1-1832-5-89,Lighting > Chandeliers
1-1838-6-154,Lighting > Chandeliers
1-1838-6-322,Lighting > Chandeliers
1-1857-6-62,Lighting > Chandeliers
1-1861-8-322,Lighting > Chandeliers
1-1861-8-89,Lighting > Chandeliers
1-1866-4-322,Lighting > Chandeliers
1-1867-10-322,Lighting > Chandeliers
1-1882-5-178,Lighting > Chandeliers
1-1887-6-143,Lighting > Chandeliers
1-1893-6-143,Lighting > Chandeliers
1-1906-6-143,Lighting > Chandeliers
1-1932-15-322,Lighting > Chandeliers
1-1934-12-143,Lighting > Chandeliers
1-1938-36-89,Lighting > Chandeliers
1-1939-12-89,Lighting > Chandeliers
1-1943-10-89,Lighting > Chandeliers
1-1946-10-260,Lighting > Chandeliers
1-1975-5-143,Lighting > Chandeliers
1-1976-6-143,Lighting > Chandeliers
1-2031-5-260,Lighting > Chandeliers
1-9772-10-89,Lighting > Chandeliers
1-9773-12-89,Lighting > Chandeliers
M100101GRORB,Lighting > Chandeliers
M100101NBLORB,Lighting > Chandeliers
M100103BN,Lighting > Chandeliers
M100103MBK,Lighting > Chandeliers
M100103NB,Lighting > Chandeliers
M100104NB,Lighting > Chandeliers
M100105MBK,Lighting > Chandeliers
M100106BNB,Lighting > Chandeliers
M100107NB,Lighting > Chandeliers
M100108MBK,Lighting > Chandeliers
M100108NB,Lighting > Chandeliers
M100109MBK,Lighting > Chandeliers
M100109NB,Lighting > Chandeliers
M100110MBKNB,Lighting > Chandeliers
M10011NB,Lighting > Chandeliers
M10098NB,Lighting > Chandeliers
M10098ORB,Lighting > Chandeliers
M50052BK,Lighting > Chandeliers
M50052ORB,Lighting > Chandeliers
1-1000-3-SN,Lighting > Chandeliers
1-1001-5-SN,Lighting > Chandeliers
1-1008-5-SN,Lighting > Chandeliers
1-1021-5-322,Lighting > Chandeliers
1-1021-5-89,Lighting > Chandeliers
1-1021-5-SN,Lighting > Chandeliers
1-1099-5-182,Lighting > Chandeliers
1-1099-5-183,Lighting > Chandeliers
1-1846-4-127,Lighting > Chandeliers
1-1852-10-89,Lighting > Chandeliers
1-191-6-143,Lighting > Chandeliers
1-2135-5-67,Lighting > Chandeliers
1-2139-8-67,Lighting > Chandeliers
1-2221-6-109,Lighting > Chandeliers
1-2221-6-322,Lighting > Chandeliers
1-2221-6-89,Lighting > Chandeliers
1-2450-6-322,Lighting > Chandeliers
1-2450-6-89,Lighting > Chandeliers
1-2451-8-322,Lighting > Chandeliers
1-2451-8-89,Lighting > Chandeliers
1-2540-5-109,Lighting > Chandeliers
1-2540-5-322,Lighting > Chandeliers
1-2540-5-89,Lighting > Chandeliers
1-2541-9-109,Lighting > Chandeliers
1-2541-9-322,Lighting > Chandeliers
1-2541-9-89,Lighting > Chandeliers
1-3060-6-60,Lighting > Chandeliers
1-307-6-322,Lighting > Chandeliers
1-307-6-89,Lighting > Chandeliers
1-308-8-322,Lighting > Chandeliers
1-308-8-44,Lighting > Chandeliers
1-308-8-89,Lighting > Chandeliers
1-308-8-SN,Lighting > Chandeliers
1-310-10-322,Lighting > Chandeliers
1-310-10-89,Lighting > Chandeliers
1-312-15-322,Lighting > Chandeliers
1-312-15-89,Lighting > Chandeliers
1-330-5-SN,Lighting > Chandeliers
1-4032-5-11,Lighting > Chandeliers
1-4032-5-13,Lighting > Chandeliers
1-4032-5-322,Lighting > Chandeliers
1-4032-5-BK,Lighting > Chandeliers
1-4032-5-SN,Lighting > Chandeliers
1-4033-9-BK,Lighting > Chandeliers
1-4033-9-SN,Lighting > Chandeliers
1-4404-8-322,Lighting > Chandeliers
1-4404-8-89,Lighting > Chandeliers
1-4405-10-322,Lighting > Chandeliers
1-4405-10-89,Lighting > Chandeliers
1-4406-15-322,Lighting > Chandeliers
1-4406-15-89,Lighting > Chandeliers
1-6400-8-190,Lighting > Chandeliers
1-6402-16-190,Lighting > Chandeliers
1-7000-6-109,Lighting > Chandeliers
1-7000-6-322,Lighting > Chandeliers
1-7000-6-77,Lighting > Chandeliers
1-7000-6-89,Lighting > Chandeliers
1-7001-12-109,Lighting > Chandeliers
1-7001-12-322,Lighting > Chandeliers
1-7001-12-77,Lighting > Chandeliers
1-7001-12-89,Lighting > Chandeliers
1-801-5-02,Lighting > Chandeliers
1-8070-8-51,Lighting > Chandeliers
1-9084-12-13,Lighting > Chandeliers
1-9772-10-322,Lighting > Chandeliers
1-9773-12-322,Lighting > Chandeliers
1-9995-5-99,Lighting > Chandeliers
7-6099-24-109,Lighting > Chandeliers
7-6099-24-322,Lighting > Chandeliers
7-6099-24-89,Lighting > Chandeliers
M10011-79,Lighting > Chandeliers
M10014-97,Lighting > Chandeliers
M10018BN,Lighting > Chandeliers
M10018MBK,Lighting > Chandeliers
M10018NB,Lighting > Chandeliers
M10018ORB,Lighting > Chandeliers
M10028BN,Lighting > Chandeliers
M10032ARG,Lighting > Chandeliers
M10040NB,Lighting > Chandeliers
M10042AI,Lighting > Chandeliers
M10055NB,Lighting > Chandeliers
M10057MBK,Lighting > Chandeliers
M10057NB,Lighting > Chandeliers
M10060MBK,Lighting > Chandeliers
M10060NB,Lighting > Chandeliers
M10067MBK,Lighting > Chandeliers
M10067NB,Lighting > Chandeliers
M10070DG,Lighting > Chandeliers
M10070GWCH,Lighting > Chandeliers
M10076NB,Lighting > Chandeliers
M10076ORB,Lighting > Chandeliers
M10077AI,Lighting > Chandeliers
M10077NB,Lighting > Chandeliers
M10078BN,Lighting > Chandeliers
M10078NB,Lighting > Chandeliers
M10078ORB,Lighting > Chandeliers
M10080ORB,Lighting > Chandeliers
M10083MBK,Lighting > Chandeliers
M10083PN,Lighting > Chandeliers
M10084MBK,Lighting > Chandeliers
M10084NB,Lighting > Chandeliers
M10084ORBNB,Lighting > Chandeliers
M10084PN,Lighting > Chandeliers
M10085MBK,Lighting > Chandeliers
M10085NB,Lighting > Chandeliers
M10086MBK,Lighting > Chandeliers
M10086NB,Lighting > Chandeliers
M10086PN,Lighting > Chandeliers
M10087BN,Lighting > Chandeliers
M10087MBK,Lighting > Chandeliers
M10087NB,Lighting > Chandeliers
M10087ORB,Lighting > Chandeliers
M10091MBK,Lighting > Chandeliers
M10092MBK,Lighting > Chandeliers
M10092NB,Lighting > Chandeliers
M10093BN,Lighting > Chandeliers
M10093MBK,Lighting > Chandeliers
M10093NB,Lighting > Chandeliers
M10093ORB,Lighting > Chandeliers
M10093PN,Lighting > Chandeliers
M10094MBK,Lighting > Chandeliers
M10095NB,Lighting > Chandeliers
M70041WB,Lighting > Chandeliers
6-133-16-109,Lighting > Flush Mounts
6-133-16-322,Lighting > Flush Mounts
6-133-16-44,Lighting > Flush Mounts
6-3350-14-109,Lighting > Flush Mounts
6-3350-14-13,Lighting > Flush Mounts
6-3350-14-322,Lighting > Flush Mounts
6-3350-14-SN,Lighting > Flush Mounts
6-3350-16-109,Lighting > Flush Mounts
6-3350-16-13,Lighting > Flush Mounts
6-3350-16-322,Lighting > Flush Mounts
6-3350-16-SN,Lighting > Flush Mounts
6-8074-15-13,Lighting > Flush Mounts
6-8074-15-SN,Lighting > Flush Mounts
M60033SG,Lighting > Flush Mounts
M60065BN,Lighting > Flush Mounts
M60065NB,Lighting > Flush Mounts
1-1270-6-50,Lighting > Linear Chandeliers
1-1591-14-38,Lighting > Linear Chandeliers
1-1591-14-50,Lighting > Linear Chandeliers
1-2330-5-60,Lighting > Linear Chandeliers
1-1614-3-322,Lighting > Linear Chandeliers
1-1614-3-89,Lighting > Linear Chandeliers
1-1624-8-322,Lighting > Linear Chandeliers
1-1624-8-89,Lighting > Linear Chandeliers
1-1631-6-143,Lighting > Linear Chandeliers
1-1631-6-173,Lighting > Linear Chandeliers
1-1636-8-143,Lighting > Linear Chandeliers
1-1709-8-13,Lighting > Linear Chandeliers
1-1738-5-320,Lighting > Linear Chandeliers
1-1756-6-109,Lighting > Linear Chandeliers
1-1756-6-322,Lighting > Linear Chandeliers
1-1756-6-89,Lighting > Linear Chandeliers
1-1770-5-200,Lighting > Linear Chandeliers
1-1785-6-322,Lighting > Linear Chandeliers
1-1785-6-89,Lighting > Linear Chandeliers
1-1790-36-89,Lighting > Linear Chandeliers
1-1811-4-143,Lighting > Linear Chandeliers
1-1813-5-143,Lighting > Linear Chandeliers
1-1833-6-322,Lighting > Linear Chandeliers
1-1833-6-89,Lighting > Linear Chandeliers
1-1858-6-62,Lighting > Linear Chandeliers
1-1862-8-322,Lighting > Linear Chandeliers
1-1862-8-89,Lighting > Linear Chandeliers
1-1883-8-178,Lighting > Linear Chandeliers
1-1889-8-143,Lighting > Linear Chandeliers
1-1907-8-143,Lighting > Linear Chandeliers
1-1982-4-143,Lighting > Linear Chandeliers
1-2032-6-260,Lighting > Linear Chandeliers
M7020MBK,Lighting > Linear Chandeliers
1-1023-5-322,Lighting > Linear Chandeliers
1-1023-5-89,Lighting > Linear Chandeliers
1-1023-5-SN,Lighting > Linear Chandeliers
1-1847-8-127,Lighting > Linear Chandeliers
1-187-3-143,Lighting > Linear Chandeliers
1-187-3-172,Lighting > Linear Chandeliers
1-190-5-109,Lighting > Linear Chandeliers
1-190-5-322,Lighting > Linear Chandeliers
1-190-5-89,Lighting > Linear Chandeliers
1-190-5-SN,Lighting > Linear Chandeliers
1-2520-6-322,Lighting > Linear Chandeliers
1-2520-6-89,Lighting > Linear Chandeliers
1-3043-5-13,Lighting > Linear Chandeliers
1-323-3-322,Lighting > Linear Chandeliers
1-323-3-89,Lighting > Linear Chandeliers
1-324-5-109,Lighting > Linear Chandeliers
1-324-5-322,Lighting > Linear Chandeliers
1-324-5-44,Lighting > Linear Chandeliers
1-324-5-89,Lighting > Linear Chandeliers
1-324-5-SN,Lighting > Linear Chandeliers
1-326-3-322,Lighting > Linear Chandeliers
1-326-3-44,Lighting > Linear Chandeliers
1-327-5-322,Lighting > Linear Chandeliers
1-327-5-44,Lighting > Linear Chandeliers
1-5404-8-79,Lighting > Linear Chandeliers
1-803-3-02,Lighting > Linear Chandeliers
1-8042-6-79,Lighting > Linear Chandeliers
1-8702-8-322,Lighting > Linear Chandeliers
1-8892-5-101,Lighting > Linear Chandeliers
1-990-8-41,Lighting > Linear Chandeliers
7-5402-4-79,Lighting > Linear Chandeliers
M10078MBK,Lighting > Linear Chandeliers
1-1865-3-322,Lighting > Chandeliers
5-1985-BK,Lighting > Outdoor Lights
5-1986-BK,Lighting > Outdoor Lights
5-1989-BK,Lighting > Outdoor Lights
5-1990-BK,Lighting > Outdoor Lights
5-2020-BK,Lighting > Outdoor Lights
5-2021-BK,Lighting > Outdoor Lights
5-2022-BK,Lighting > Outdoor Lights
5-2023-BK,Lighting > Outdoor Lights
5-2024-BK,Lighting > Outdoor Lights
5-2025-BK,Lighting > Outdoor Lights
M50055BK,Lighting > Outdoor Lights
M50062BK,Lighting > Outdoor Lights
1-1130-8-13,Lighting > Outdoor Lights
1-2100-6-70,Lighting > Outdoor Lights
5-0630-BK,Lighting > Outdoor Lights
5-0631-BK,Lighting > Outdoor Lights
5-0633-BK,Lighting > Outdoor Lights
5-0635-BK,Lighting > Outdoor Lights
5-100-BK,Lighting > Outdoor Lights
5-101-BK,Lighting > Outdoor Lights
5-102-BK,Lighting > Outdoor Lights
5-104-BK,Lighting > Outdoor Lights
5-105-BK,Lighting > Outdoor Lights
5-1220-40,Lighting > Outdoor Lights
5-1221-40,Lighting > Outdoor Lights
5-1222-40,Lighting > Outdoor Lights
5-1223-40,Lighting > Outdoor Lights
5-1224-40,Lighting > Outdoor Lights
5-140-13,Lighting > Outdoor Lights
5-140-BK,Lighting > Outdoor Lights
5-141-13,Lighting > Outdoor Lights
5-141-BK,Lighting > Outdoor Lights
5-142-13,Lighting > Outdoor Lights
5-142-BK,Lighting > Outdoor Lights
5-145-BK,Lighting > Outdoor Lights
5-146-13,Lighting > Outdoor Lights
5-146-BK,Lighting > Outdoor Lights
5-147-13,Lighting > Outdoor Lights
5-147-BK,Lighting > Outdoor Lights
5-148-13,Lighting > Outdoor Lights
5-148-BK,Lighting > Outdoor Lights
5-1601-BK,Lighting > Outdoor Lights
5-179-137,Lighting > Outdoor Lights
5-2066-51,Lighting > Outdoor Lights
5-2067-51,Lighting > Outdoor Lights
5-2068-51,Lighting > Outdoor Lights
5-240-213,Lighting > Outdoor Lights
5-241-213,Lighting > Outdoor Lights
5-242-213,Lighting > Outdoor Lights
5-243-213,Lighting > Outdoor Lights
5-244-213,Lighting > Outdoor Lights
5-254-13,Lighting > Outdoor Lights
5-254-25,Lighting > Outdoor Lights
5-255-13,Lighting > Outdoor Lights
5-255-25,Lighting > Outdoor Lights
5-256-13,Lighting > Outdoor Lights
5-256-25,Lighting > Outdoor Lights
5-257-13,Lighting > Outdoor Lights
5-257-25,Lighting > Outdoor Lights
5-258-13,Lighting > Outdoor Lights
5-258-25,Lighting > Outdoor Lights
5-259-13,Lighting > Outdoor Lights
5-259-25,Lighting > Outdoor Lights
5-2950-185,Lighting > Outdoor Lights
5-2951-185,Lighting > Outdoor Lights
5-2952-185,Lighting > Outdoor Lights
5-2953-185,Lighting > Outdoor Lights
5-2954-185,Lighting > Outdoor Lights
5-300-40,Lighting > Outdoor Lights
5-300-BK,Lighting > Outdoor Lights
5-304-40,Lighting > Outdoor Lights
5-304-BK,Lighting > Outdoor Lights
5-305-40,Lighting > Outdoor Lights
5-305-BK,Lighting > Outdoor Lights
5-340-213,Lighting > Outdoor Lights
5-341-213,Lighting > Outdoor Lights
5-342-213,Lighting > Outdoor Lights
5-344-213,Lighting > Outdoor Lights
5-3451-BK,Lighting > Outdoor Lights
5-3452-BK,Lighting > Outdoor Lights
5-3453-BK,Lighting > Outdoor Lights
5-3454-BK,Lighting > Outdoor Lights
5-3455-BK,Lighting > Outdoor Lights
5-369-13-13,Lighting > Outdoor Lights
5-369-13-BK,Lighting > Outdoor Lights
5-450-BK,Lighting > Outdoor Lights
5-451-BK,Lighting > Outdoor Lights
5-452-BK,Lighting > Outdoor Lights
5-453-BK,Lighting > Outdoor Lights
5-454-BK,Lighting > Outdoor Lights
5-500-13,Lighting > Outdoor Lights
5-501-13,Lighting > Outdoor Lights
5-502-13,Lighting > Outdoor Lights
5-5030-1-32,Lighting > Outdoor Lights
5-5031-1-32,Lighting > Outdoor Lights
5-504-13,Lighting > Outdoor Lights
5-505-13,Lighting > Outdoor Lights
5-546-13,Lighting > Outdoor Lights
5-547-13,Lighting > Outdoor Lights
5-548-13,Lighting > Outdoor Lights
5-549-13,Lighting > Outdoor Lights
5-5631-DS-13,Lighting > Outdoor Lights
5-5910-BK,Lighting > Outdoor Lights
5-5911-BK,Lighting > Outdoor Lights
5-720-153,Lighting > Outdoor Lights
5-721-153,Lighting > Outdoor Lights
5-722-153,Lighting > Outdoor Lights
5-723-153,Lighting > Outdoor Lights
5-724-153,Lighting > Outdoor Lights
5-9584-BK,Lighting > Outdoor Lights
7-9341-4-162,Lighting > Outdoor Lights
9-9342-1-162,Lighting > Outdoor Lights
9-9343-2-162,Lighting > Outdoor Lights
M2007ORB,Lighting > Outdoor Lights
M2008ORB,Lighting > Outdoor Lights
M50042BK,Lighting > Outdoor Lights
M50047BK,Lighting > Outdoor Lights
9-8812-2-92,Lighting > Wall Sconces
M90090NB,Lighting > Wall Sconces
M90090PN,Lighting > Wall Sconces
M90092NB,Lighting > Wall Sconces
M90092PN,Lighting > Wall Sconces
M90094NB,Lighting > Wall Sconces
9-101-1-322,Lighting > Wall Sconces
9-101-1-89,Lighting > Wall Sconces
9-103-2-322,Lighting > Wall Sconces
9-103-2-89,Lighting > Wall Sconces
9-1615-1-322,Lighting > Wall Sconces
9-1615-1-89,Lighting > Wall Sconces
9-1638-1-143,Lighting > Wall Sconces
9-1665CP-1-322,Lighting > Wall Sconces
9-1665CP-1-89,Lighting > Wall Sconces
9-1697-1-143,Lighting > Wall Sconces
9-1710-2-13,Lighting > Wall Sconces
9-1792-15-89,Lighting > Wall Sconces
9-1826-1-320,Lighting > Wall Sconces
9-1888-1-143,Lighting > Wall Sconces
9-1905-2-143,Lighting > Wall Sconces
9-1911-1-11,Lighting > Wall Sconces
9-1911-1-322,Lighting > Wall Sconces
9-1911-1-89,Lighting > Wall Sconces
9-1914-1-322,Lighting > Wall Sconces
9-1914-1-89,Lighting > Wall Sconces
9-1924-1-261,Lighting > Wall Sconces
9-1940-2-89,Lighting > Wall Sconces
9-2030-2-260,Lighting > Wall Sconces
9-9771-2-89,Lighting > Wall Sconces
M90022NB,Lighting > Wall Sconces
M90060MBK,Lighting > Wall Sconces
M90061MBK,Lighting > Wall Sconces
M90062NB,Lighting > Wall Sconces
M90063NB,Lighting > Wall Sconces
M90065NB,Lighting > Wall Sconces
M90066MBKNB,Lighting > Wall Sconces
M90066MBKPN,Lighting > Wall Sconces
M90066WHNB,Lighting > Wall Sconces
M90066WHPN,Lighting > Wall Sconces
M90068NB,Lighting > Wall Sconces
M90069BNB,Lighting > Wall Sconces
M90070BNB,Lighting > Wall Sconces
M90075MBKNB,Lighting > Wall Sconces
M90075WHNB,Lighting > Wall Sconces
M90076MBKNB,Lighting > Wall Sconces
M90076WHNB,Lighting > Wall Sconces
M90077TG,Lighting > Wall Sconces
M90080MBK,Lighting > Wall Sconces
M90082NB,Lighting > Wall Sconces
M90085MBK,Lighting > Wall Sconces
M90085NB,Lighting > Wall Sconces
M90086MBK,Lighting > Wall Sconces
M90086NB,Lighting > Wall Sconces
M90088MBKNB,Lighting > Wall Sconces
M90088WHNB,Lighting > Wall Sconces
M90089BN,Lighting > Wall Sconces
M90089ORB,Lighting > Wall Sconces
9-0159-2-76,Lighting > Wall Sconces
9-0900CP-1-109,Lighting > Wall Sconces
9-0900CP-1-13,Lighting > Wall Sconces
9-0900CP-1-322,Lighting > Wall Sconces
9-0900CP-1-89,Lighting > Wall Sconces
9-0900CP-1-SN,Lighting > Wall Sconces
9-0901-1-109,Lighting > Wall Sconces
9-0901-1-322,Lighting > Wall Sconces
9-0901-1-44,Lighting > Wall Sconces
9-0901-1-89,Lighting > Wall Sconces
9-0901-1-SN,Lighting > Wall Sconces
9-100-1-109,Lighting > Wall Sconces
9-100-1-44,Lighting > Wall Sconces
9-101-1-109,Lighting > Wall Sconces
9-101-1-SN,Lighting > Wall Sconces
9-103-2-109,Lighting > Wall Sconces
9-103-2-SN,Lighting > Wall Sconces
9-108-1-322,Lighting > Wall Sconces
9-108-1-89,Lighting > Wall Sconces
9-108-1-SN,Lighting > Wall Sconces
9-16000-1-109,Lighting > Wall Sconces
9-16000-1-322,Lighting > Wall Sconces
9-16000-1-44,Lighting > Wall Sconces
9-183-2-171,Lighting > Wall Sconces
9-1902-1-13,Lighting > Wall Sconces
9-1902-1-322,Lighting > Wall Sconces
9-195CP-1-322,Lighting > Wall Sconces
9-195CP-1-89,Lighting > Wall Sconces
9-2065-1-51,Lighting > Wall Sconces
9-2134-2-67,Lighting > Wall Sconces
9-256-1-307,Lighting > Wall Sconces
9-303-1-109,Lighting > Wall Sconces
9-303-1-322,Lighting > Wall Sconces
9-303-1-44,Lighting > Wall Sconces
9-303-1-89,Lighting > Wall Sconces
9-303-1-SN,Lighting > Wall Sconces
9-3045-1-13,Lighting > Wall Sconces
9-400-1-11,Lighting > Wall Sconces
9-400-1-121,Lighting > Wall Sconces
9-5005-1-79,Lighting > Wall Sconces
9-5950-2-25,Lighting > Wall Sconces
9-6074-1-90,Lighting > Wall Sconces
9-6520-1-109,Lighting > Wall Sconces
9-6520-1-322,Lighting > Wall Sconces
9-6520-1-89,Lighting > Wall Sconces
9-7140-1-322,Lighting > Wall Sconces
9-7140-1-SN,Lighting > Wall Sconces
9-7144-1-109,Lighting > Wall Sconces
9-7144-1-322,Lighting > Wall Sconces
9-7144-1-44,Lighting > Wall Sconces
9-7144-1-89,Lighting > Wall Sconces
9-7144-1-SN,Lighting > Wall Sconces
9-8073-2-51,Lighting > Wall Sconces
9-880-1-109,Lighting > Wall Sconces
9-8884-1-172,Lighting > Wall Sconces
9-8884-1-173,Lighting > Wall Sconces
9-8884-1-174,Lighting > Wall Sconces
9-8884-1-175,Lighting > Wall Sconces
9-900-1-109,Lighting > Wall Sconces
9-900-1-322,Lighting > Wall Sconces
9-900-1-44,Lighting > Wall Sconces
9-9004-1-88,Lighting > Wall Sconces
9-9004-2-88,Lighting > Wall Sconces
9-9065-1-95,Lighting > Wall Sconces
9-9131CP-1-109,Lighting > Wall Sconces
9-9131CP-1-13,Lighting > Wall Sconces
9-9131CP-1-322,Lighting > Wall Sconces
9-9131CP-1-89,Lighting > Wall Sconces
9-9131CP-1-SN,Lighting > Wall Sconces
9-9157-1-51,Lighting > Wall Sconces
9-960-1-109,Lighting > Wall Sconces
9-960-1-13,Lighting > Wall Sconces
9-960-1-322,Lighting > Wall Sconces
9-960-1-89,Lighting > Wall Sconces
9-960-1-SN,Lighting > Wall Sconces
9-961CP-1-109,Lighting > Wall Sconces
9-961CP-1-13,Lighting > Wall Sconces
9-961CP-1-322,Lighting > Wall Sconces
9-961CP-1-89,Lighting > Wall Sconces
9-961CP-1-SN,Lighting > Wall Sconces
9-9771-2-322,Lighting > Wall Sconces
9-996-1-109,Lighting > Wall Sconces
9-996-1-322,Lighting > Wall Sconces
9-996-1-89,Lighting > Wall Sconces
9-996-1-SN,Lighting > Wall Sconces
9-998-2-109,Lighting > Wall Sconces
9-998-2-322,Lighting > Wall Sconces
9-998-2-44,Lighting > Wall Sconces
9-998-2-89,Lighting > Wall Sconces
9-998-2-SN,Lighting > Wall Sconces
M90001-BK,Lighting > Wall Sconces
M90001NB,Lighting > Wall Sconces
M90006-79,Lighting > Wall Sconces
M90018NB,Lighting > Wall Sconces
M90019MBK,Lighting > Wall Sconces
M90019NB,Lighting > Wall Sconces
M90019ORB,Lighting > Wall Sconces
M90020NB,Lighting > Wall Sconces
M90045NB,Lighting > Wall Sconces
M90045ORB,Lighting > Wall Sconces
M90047NB,Lighting > Wall Sconces
M90052NB,Lighting > Wall Sconces
M90055NB,Lighting > Wall Sconces
M90055ORB,Lighting > Wall Sconces
M90056NB,Lighting > Wall Sconces
M90056ORB,Lighting > Wall Sconces
6-1272-4-50,Lighting > Semi-Flush
6-9353-3-46,Lighting > Semi-Flush
M60070NB,Lighting > Semi-Flush
M60070ORB,Lighting > Semi-Flush
M60070PN,Lighting > Semi-Flush
6-1679-5-322,Lighting > Semi-Flush
6-1679-5-89,Lighting > Semi-Flush
6-1679-5-SN,Lighting > Semi-Flush
6-1682-5-320,Lighting > Semi-Flush
6-1685-1-142,Lighting > Semi-Flush
6-1685-1-143,Lighting > Semi-Flush
6-1685-1-175,Lighting > Semi-Flush
6-1695-4-143,Lighting > Semi-Flush
6-1950-6-322,Lighting > Semi-Flush
6-1950-6-89,Lighting > Semi-Flush
6-1951-6-322,Lighting > Semi-Flush
6-1953-4-109,Lighting > Semi-Flush
6-1953-4-322,Lighting > Semi-Flush
6-1953-4-89,Lighting > Semi-Flush
6-1981-1-143,Lighting > Semi-Flush
M60066BB,Lighting > Semi-Flush
6-1005-3-SN,Lighting > Semi-Flush
6-1024-3-322,Lighting > Semi-Flush
6-1024-3-89,Lighting > Semi-Flush
6-1024-3-SN,Lighting > Semi-Flush
6-1043-3-109,Lighting > Semi-Flush
6-1043-3-13,Lighting > Semi-Flush
6-1043-3-BK,Lighting > Semi-Flush
6-1043-3-SN,Lighting > Semi-Flush
6-134-3-109,Lighting > Semi-Flush
6-134-3-322,Lighting > Semi-Flush
6-134-3-44,Lighting > Semi-Flush
6-1662-4-322,Lighting > Semi-Flush
6-3042-4-13,Lighting > Semi-Flush
6-328-4-109,Lighting > Semi-Flush
6-328-4-322,Lighting > Semi-Flush
6-328-4-44,Lighting > Semi-Flush
6-328-4-89,Lighting > Semi-Flush
6-328-4-SN,Lighting > Semi-Flush
6-3750-1-322,Lighting > Semi-Flush
6-3750-1-89,Lighting > Semi-Flush
6-4035-3-11,Lighting > Semi-Flush
6-4035-3-13,Lighting > Semi-Flush
6-4035-3-322,Lighting > Semi-Flush
6-4035-3-BK,Lighting > Semi-Flush
6-4035-3-SN,Lighting > Semi-Flush
6-4900-4-322,Lighting > Semi-Flush
6-4900-4-89,Lighting > Semi-Flush
6-4900-4-SN,Lighting > Semi-Flush
6-6835-2-13,Lighting > Semi-Flush
6-6835-2-SN,Lighting > Semi-Flush
6-7003-8-109,Lighting > Semi-Flush
6-7003-8-322,Lighting > Semi-Flush
6-7003-8-77,Lighting > Semi-Flush
6-7003-8-89,Lighting > Semi-Flush
6-7702-3-322,Lighting > Semi-Flush
6-7702-3-89,Lighting > Semi-Flush
6-7702-3-SN,Lighting > Semi-Flush
6-7790-3-322,Lighting > Semi-Flush
6-7790-3-89,Lighting > Semi-Flush
6-7790-3-SN,Lighting > Semi-Flush
6-9985-3-94,Lighting > Semi-Flush
M60002-97,Lighting > Semi-Flush
M60004NB,Lighting > Semi-Flush
M60011BN,Lighting > Semi-Flush
M60011MBK,Lighting > Semi-Flush
M60011NB,Lighting > Semi-Flush
M60011ORBNB,Lighting > Semi-Flush
M60018NB,Lighting > Semi-Flush
M60020CBZ,Lighting > Semi-Flush
M60020NB,Lighting > Semi-Flush
M60021NB,Lighting > Semi-Flush
M60028DW,Lighting > Semi-Flush
M60038OG,Lighting > Semi-Flush
M60054CH,Lighting > Semi-Flush
M60054MBK,Lighting > Semi-Flush
M60054NB,Lighting > Semi-Flush
M60055MBK,Lighting > Semi-Flush
M60055NB,Lighting > Semi-Flush
M60055ORB,Lighting > Semi-Flush
M60055PN,Lighting > Semi-Flush
M60060MBK,Lighting > Semi-Flush
M60060NB,Lighting > Semi-Flush
M60061BN,Lighting > Semi-Flush
M60061MBK,Lighting > Semi-Flush
M60061NB,Lighting > Semi-Flush
M60061PN,Lighting > Semi-Flush
M60064BN,Lighting > Semi-Flush
M60064NB,Lighting > Semi-Flush
M60064PN,Lighting > Semi-Flush
1-1590-9-38,Lighting > Pendants
1-1590-9-50,Lighting > Pendants
3-4390-5-47,Lighting > Pendants
3-4390-5-50,Lighting > Pendants
3-4391-6-47,Lighting > Pendants
3-4391-6-50,Lighting > Pendants
3-8811-6-92,Lighting > Pendants
7-1271-6-50,Lighting > Pendants
7-2331-4-60,Lighting > Pendants
7-8810-6-92,Lighting > Pendants
7-9350-6-46,Lighting > Pendants
7-9351-8-46,Lighting > Pendants
7-9352-10-46,Lighting > Pendants
M100100NB,Lighting > Pendants
M100100ORB,Lighting > Pendants
M10099BN,Lighting > Pendants
M10099NB,Lighting > Pendants
M10099ORB,Lighting > Pendants
M7021NB,Lighting > Pendants
M7021ORB,Lighting > Pendants
M7021PN,Lighting > Pendants
M7022NB,Lighting > Pendants
M7022ORB,Lighting > Pendants
M7023NB,Lighting > Pendants
M7023ORB,Lighting > Pendants
M7023PN,Lighting > Pendants
M7024MBKNB,Lighting > Pendants
M7024NB,Lighting > Pendants
3-1617-4-11,Lighting > Pendants
3-1617-4-322,Lighting > Pendants
3-1617-4-89,Lighting > Pendants
3-1772-6-200,Lighting > Pendants
3-1773-6-320,Lighting > Pendants
3-1791-22-89,Lighting > Pendants
3-1923-4-261,Lighting > Pendants
7-1610-6-322,Lighting > Pendants
7-1610-6-89,Lighting > Pendants
7-1620-43-322,Lighting > Pendants
7-1621-53-322,Lighting > Pendants
7-1639-6-144,Lighting > Pendants
7-1640-8-144,Lighting > Pendants
7-1656-3-128,Lighting > Pendants
7-1657-3-89,Lighting > Pendants
7-1690-1-142,Lighting > Pendants
7-1690-1-143,Lighting > Pendants
7-1690-1-175,Lighting > Pendants
7-1696-5-143,Lighting > Pendants
7-1703-6-13,Lighting > Pendants
7-1708-5-13,Lighting > Pendants
7-1732-10-322,Lighting > Pendants
7-1739-4-320,Lighting > Pendants
7-1742-1-109,Lighting > Pendants
7-1742-1-322,Lighting > Pendants
7-1742-1-89,Lighting > Pendants
7-1771-6-200,Lighting > Pendants
7-1774-6-320,Lighting > Pendants
7-1810-1-143,Lighting > Pendants
7-1812-4-143,Lighting > Pendants
7-1825-5-320,Lighting > Pendants
7-1831-1-322,Lighting > Pendants
7-1831-1-89,Lighting > Pendants
7-1836-4-154,Lighting > Pendants
7-1836-4-322,Lighting > Pendants
7-1837-3-154,Lighting > Pendants
7-1837-3-322,Lighting > Pendants
7-1870-4-28,Lighting > Pendants
7-1870-4-322,Lighting > Pendants
7-1871-4-28,Lighting > Pendants
7-1871-4-322,Lighting > Pendants
7-1872-3-28,Lighting > Pendants
7-1872-3-322,Lighting > Pendants
7-1875-3-11,Lighting > Pendants
7-1875-3-13,Lighting > Pendants
7-1875-3-322,Lighting > Pendants
7-1875-3-89,Lighting > Pendants
7-1878-4-66,Lighting > Pendants
7-1879-6-66,Lighting > Pendants
7-1920-3-261,Lighting > Pendants
7-1927-6-143,Lighting > Pendants
7-1929-4-261,Lighting > Pendants
7-1947-8-260,Lighting > Pendants
7-1983-1-143,Lighting > Pendants
M30009MBKPN,Lighting > Pendants
M30009NBLPN,Lighting > Pendants
M30009WHPN,Lighting > Pendants
M30010BB,Lighting > Pendants
M70115MBKNB,Lighting > Pendants
M70115NBLNB,Lighting > Pendants
M70115WHNB,Lighting > Pendants
M70116BB,Lighting > Pendants
M70117BB,Lighting > Pendants
M70119NB,Lighting > Pendants
M70120NB,Lighting > Pendants
M70121NB,Lighting > Pendants
M70122MBKNB,Lighting > Pendants
M70122MBKPN,Lighting > Pendants
M70122WHNB,Lighting > Pendants
M70122WHPN,Lighting > Pendants
M7013MBKNB,Lighting > Pendants
M7014MBKNB,Lighting > Pendants
M7015NB,Lighting > Pendants
M7016MBK,Lighting > Pendants
M7018MBK,Lighting > Pendants
M7019MBKNB,Lighting > Pendants
M7019WHNB,Lighting > Pendants
1-181-4-171,Lighting > Pendants
1-4072-5-13,Lighting > Pendants
1-991-8-41,Lighting > Pendants
3-3041-4-13,Lighting > Pendants
3-320-3-109,Lighting > Pendants
3-320-3-322,Lighting > Pendants
3-320-3-44,Lighting > Pendants
3-320-3-89,Lighting > Pendants
3-320-3-SN,Lighting > Pendants
3-321-4-109,Lighting > Pendants
3-321-4-322,Lighting > Pendants
3-321-4-44,Lighting > Pendants
3-321-4-89,Lighting > Pendants
3-321-4-SN,Lighting > Pendants
3-322-6-322,Lighting > Pendants
3-322-6-44,Lighting > Pendants
3-322-6-89,Lighting > Pendants
3-322-6-SN,Lighting > Pendants
3-4080-4-79,Lighting > Pendants
3-4081-4-79,Lighting > Pendants
3-4901-4-322,Lighting > Pendants
3-4901-4-89,Lighting > Pendants
3-4901-4-SN,Lighting > Pendants
3-6821-4-13,Lighting > Pendants
3-7700-3-322,Lighting > Pendants
3-7700-3-89,Lighting > Pendants
3-7700-3-SN,Lighting > Pendants
3-7701-5-322,Lighting > Pendants
3-7701-5-89,Lighting > Pendants
3-7701-5-SN,Lighting > Pendants
3-8072-4-51,Lighting > Pendants
7-1003-3-SN,Lighting > Pendants
7-100-3-53,Lighting > Pendants
7-100-3-54,Lighting > Pendants
7-1004-3-13,Lighting > Pendants
7-1004-3-SN,Lighting > Pendants
7-101-6-53,Lighting > Pendants
7-101-6-54,Lighting > Pendants
7-1025-3-322,Lighting > Pendants
7-1025-3-89,Lighting > Pendants
7-1025-3-SN,Lighting > Pendants
7-130-1-44,Lighting > Pendants
7-130-1-63,Lighting > Pendants
7-130-1-SN,Lighting > Pendants
7-131-1-109,Lighting > Pendants
7-131-1-322,Lighting > Pendants
7-131-1-323,Lighting > Pendants
7-131-1-89,Lighting > Pendants
7-132-1-109,Lighting > Pendants
7-132-1-322,Lighting > Pendants
7-132-1-323,Lighting > Pendants
7-132-1-89,Lighting > Pendants
7-1660-6-322,Lighting > Pendants
7-170-1-11,Lighting > Pendants
7-170-1-322,Lighting > Pendants
7-170-1-89,Lighting > Pendants
7-180-1-109,Lighting > Pendants
7-180-1-322,Lighting > Pendants
7-180-1-89,Lighting > Pendants
7-180-1-SN,Lighting > Pendants
7-182-3-171,Lighting > Pendants
7-1850-8-89,Lighting > Pendants
7-1851-12-89,Lighting > Pendants
7-188-6-143,Lighting > Pendants
7-188-6-172,Lighting > Pendants
7-192-4-143,Lighting > Pendants
7-200-3-322,Lighting > Pendants
7-200-3-57,Lighting > Pendants
7-2201-4-13,Lighting > Pendants
7-2201-4-322,Lighting > Pendants
7-2201-4-SN,Lighting > Pendants
7-2241-3-67,Lighting > Pendants
7-2255-1-322,Lighting > Pendants
7-2255-1-89,Lighting > Pendants
7-2255-1-SN,Lighting > Pendants
7-2265-1-322,Lighting > Pendants
7-2265-1-89,Lighting > Pendants
7-2265-1-SN,Lighting > Pendants
7-2351-12-11,Lighting > Pendants
7-2416-3-143,Lighting > Pendants
7-2416-3-160,Lighting > Pendants
7-2416-3-161,Lighting > Pendants
7-2521-4-322,Lighting > Pendants
7-2521-4-89,Lighting > Pendants
7-2851-4-322,Lighting > Pendants
7-2852-6-322,Lighting > Pendants
7-3040-6-13,Lighting > Pendants
7-3100-1-322,Lighting > Pendants
7-3102-1-322,Lighting > Pendants
7-3751-1-109,Lighting > Pendants
7-3751-1-13,Lighting > Pendants
7-3751-1-322,Lighting > Pendants
7-3751-1-89,Lighting > Pendants
7-3751-1-SN,Lighting > Pendants
7-4034-3-11,Lighting > Pendants
7-4034-3-13,Lighting > Pendants
7-4034-3-322,Lighting > Pendants
7-4034-3-BK,Lighting > Pendants
7-4034-3-SN,Lighting > Pendants
7-487-4-53,Lighting > Pendants
7-487-4-54,Lighting > Pendants
7-488-6-53,Lighting > Pendants
7-488-6-54,Lighting > Pendants
7-5012-1-109,Lighting > Pendants
7-5012-1-13,Lighting > Pendants
7-5012-1-322,Lighting > Pendants
7-5014-3-84,Lighting > Pendants
7-5014-3-85,Lighting > Pendants
7-700-1-109,Lighting > Pendants
7-701-1-SN,Lighting > Pendants
7-702-1-109,Lighting > Pendants
7-702-1-13,Lighting > Pendants
7-703-1-SN,Lighting > Pendants
7-7201-1-322,Lighting > Pendants
7-7201-1-89,Lighting > Pendants
7-7201-1-SN,Lighting > Pendants
7-730-1-109,Lighting > Pendants
7-7406-5-39,Lighting > Pendants
7-7772-6-180,Lighting > Pendants
7-8041-5-79,Lighting > Pendants
7-8700-4-322,Lighting > Pendants
7-8701-6-322,Lighting > Pendants
7-8850-5-142,Lighting > Pendants
7-8850-5-143,Lighting > Pendants
7-885-1-182,Lighting > Pendants
7-885-1-183,Lighting > Pendants
7-886-3-182,Lighting > Pendants
7-886-3-183,Lighting > Pendants
7-8882-1-172,Lighting > Pendants
7-8882-1-173,Lighting > Pendants
7-8882-1-174,Lighting > Pendants
7-8882-1-175,Lighting > Pendants
7-8890-1-194,Lighting > Pendants
7-8891-3-193,Lighting > Pendants
7-8891-3-194,Lighting > Pendants
7-8893-4-101,Lighting > Pendants
7-9006-3-13,Lighting > Pendants
7-9006-3-322,Lighting > Pendants
7-9006-3-89,Lighting > Pendants
7-9006-3-SN,Lighting > Pendants
7-9008-4-28,Lighting > Pendants
7-9009-5-28,Lighting > Pendants
7-9063-1-67,Lighting > Pendants
7-9063-1-95,Lighting > Pendants
7-9064-1-95,Lighting > Pendants
7-9132-1-109,Lighting > Pendants
7-9132-1-13,Lighting > Pendants
7-9132-1-322,Lighting > Pendants
7-9132-1-89,Lighting > Pendants
7-9132-1-SN,Lighting > Pendants
M30008BN,Lighting > Pendants
M30008MBK,Lighting > Pendants
M30008NB,Lighting > Pendants
M30008PN,Lighting > Pendants
M70009-46,Lighting > Pendants
M70020BN,Lighting > Pendants
M70020MBK,Lighting > Pendants
M70020NB,Lighting > Pendants
M70020ORB,Lighting > Pendants
M70020PN,Lighting > Pendants
M70034WB,Lighting > Pendants
M70058CH,Lighting > Pendants
M70058NB,Lighting > Pendants
M70058ORB,Lighting > Pendants
M70060CH,Lighting > Pendants
M70060NB,Lighting > Pendants
M70060ORB,Lighting > Pendants
M70078ORB,Lighting > Pendants
M70090ORB,Lighting > Pendants
M70093CMBK,Lighting > Pendants
M70096MBK,Lighting > Pendants
M70096NB,Lighting > Pendants
M70096WH,Lighting > Pendants
M70098WW,Lighting > Pendants
M70101MBK,Lighting > Pendants
M70101NB,Lighting > Pendants
M70102BN,Lighting > Pendants
M70102MBK,Lighting > Pendants
M70102NB,Lighting > Pendants
M70103WGBK,Lighting > Pendants
M70103WHBK,Lighting > Pendants
M70105BRNB,Lighting > Pendants
M70105DR,Lighting > Pendants
M70105WR,Lighting > Pendants
M70106NR,Lighting > Pendants
M70106WR,Lighting > Pendants
M70107NWIC,Lighting > Pendants
M70108BN,Lighting > Pendants
M70108MBK,Lighting > Pendants
M70108NB,Lighting > Pendants
M70108ORB,Lighting > Pendants
M70109BN,Lighting > Pendants
M70109MBK,Lighting > Pendants
M70109NB,Lighting > Pendants
M70109ORB,Lighting > Pendants
M70110SIL,Lighting > Pendants
M70112MBK,Lighting > Pendants
M70112NB,Lighting > Pendants
M70112NBL,Lighting > Pendants
M70112WH,Lighting > Pendants
7-1040-3-109,Lighting > Pendants
7-1040-3-13,Lighting > Pendants
7-1040-3-BK,Lighting > Pendants
7-1040-3-SN,Lighting > Pendants
7-1041-6-109,Lighting > Pendants
7-1041-6-13,Lighting > Pendants
7-1041-6-BK,Lighting > Pendants
7-1041-6-SN,Lighting > Pendants
24-FD-1698-143,Lighting > Fandelier
25-FD-1650-322,Lighting > Fandelier
25-FD-1650-89,Lighting > Fandelier
26-335-FD-272,Lighting > Fandelier
26-9472-FD-133,Lighting > Fandelier
26-9536-FD-196,Lighting > Fandelier
29-FD-122-322,Lighting > Fandelier
29-FD-122-44,Lighting > Fandelier
29-FD-122-SN,Lighting > Fandelier
30-333-FD-11,Lighting > Fandelier
30-FD-126-322,Lighting > Fandelier
30-FD-126-89,Lighting > Fandelier
30-FD-126-SN,Lighting > Fandelier
34-FD-123-155,Lighting > Fandelier
35-328-FD-13,Lighting > Fandelier
36-329-FD-21,Lighting > Fandelier
36-329-FD-SN,Lighting > Fandelier
39-FD-124-109,Lighting > Fandelier
39-FD-124-322,Lighting > Fandelier
39-FD-124-89,Lighting > Fandelier
39-FD-125-53,Lighting > Fandelier
39-FD-125-54,Lighting > Fandelier
